appareil,station,latitude,longitude,latitude_amont,longitude_amont,latitude_aval,longitude_aval,url_article,altitude_moyenne,ratio_jours_faible_neige,jours_neige_faible,jours_neige_critique,jours_total,neige_moyenne_cm,neige_min_cm,neige_max_cm,nb_jours_mesure,nombre_periodes_secheresse,duree_max_secheresse,duree_moyenne_secheresse
3S Prodains Express,Avoriaz (Morzine-Avoriaz - Les Portes du Soleil),46.18940506001345,6.755111217498779,46.18940506001345,6.755111217498779,46.18940506001345,6.755111217498779,https://www.remontees-mecaniques.net/bdd/reportage-3s-prodains-express-poma-leitner-5845.html,1470.0,0.06077348066298342,11,10,181,6126.023756906075,0.0,10831.700000000004,181,1,11,11.0
TKD des Mottaz,Bellevaux - Hirmentaz (Hirmentaz - Les Habères),46.23605482798805,6.507417261600494,46.23605482798805,6.507417261600494,46.23605482798805,6.507417261600494,https://www.remontees-mecaniques.net/bdd/reportage-tkd-des-mottaz-montagner-6353.html,1353.5,0.09944751381215469,18,11,181,2123.7187845303843,0.0,4115.8,181,1,18,18.0
TSF4 du Cheneau,Bellevaux - Hirmentaz (Hirmentaz - Les Habères),46.2444417906334,6.50690764188766,46.2444417906334,6.50690764188766,46.2444417906334,6.50690764188766,https://www.remontees-mecaniques.net/bdd/reportage-tsf4-du-cheneau-skirail-2380.html,1230.5,0.09944751381215469,18,11,181,2123.7187845303843,0.0,4115.8,181,1,18,18.0
TKF École 2,Bellevaux - La Chèvrerie (Roc d'Enfer - Les Portes du Soleil),46.21187275866674,6.569788008928299,46.21187275866674,6.569788008928299,46.21187275866674,6.569788008928299,https://www.remontees-mecaniques.net/bdd/reportage-tkf-ecole-2-poma-5994.html,1124.5,0.10497237569060773,19,18,181,639.2016574585635,0.0,1144.8999999999996,181,1,19,19.0
TSD6 du Morclan,Châtel (Les Portes du Soleil),46.26791512827645,6.856681108474732,46.26791512827645,6.856681108474732,46.26791512827645,6.856681108474732,https://www.remontees-mecaniques.net/bdd/reportage-tsd6-du-morclan-poma-7112.html,1795.0,0.06077348066298342,11,11,181,4526.320441988953,0.0,8116.599999999998,181,1,11,11.0
TKD de Crève Coeur,Combloux (Portes du Mont Blanc - Évasion Mont Blanc),45.882174012221924,6.60130262374878,45.882174012221924,6.60130262374878,45.882174012221924,6.60130262374878,https://www.remontees-mecaniques.net/bdd/reportage-tkd-de-creve-coeur-poma-1979.html,1665.0,0.09944751381215469,18,18,181,1324.823756906077,0.0,2363.8999999999996,181,1,18,18.0
TSF4 du Jouty,Combloux (Portes du Mont Blanc - Évasion Mont Blanc),45.8916958282068,6.58591747283936,45.8916958282068,6.58591747283936,45.8916958282068,6.58591747283936,https://www.remontees-mecaniques.net/bdd/reportage-tsf4-du-jouty-skirail-831.html,1562.0,0.09944751381215469,18,18,181,1324.823756906077,0.0,2363.8999999999996,181,1,18,18.0
TSD6 de Vernant,Flaine (Le Grand Massif),46.01939145847874,6.71039342880249,46.01939145847874,6.71039342880249,46.01939145847874,6.71039342880249,https://www.remontees-mecaniques.net/bdd/reportage-tsd6-de-vernant-poma-6188.html,2022.0,0.06077348066298342,11,11,181,5728.5414364640865,0.0,10381.499999999996,181,1,11,11.0
TKD du Laquais & du Grand Laquais,La Clusaz (La Clusaz-Manigod - Les Aravis),45.8807362628948,6.42501980066299,45.8807362628948,6.42501980066299,45.8807362628948,6.42501980066299,https://www.remontees-mecaniques.net/bdd/reportage-tkd-du-laquais-du-grand-laquais-montaz-mautino-2778.html,,0.09944751381215469,18,11,181,5542.509392265194,0.0,9935.999999999996,181,1,18,18.0
TSF4 du Col de Balme,La Clusaz (La Clusaz-Manigod - Les Aravis),45.9009621616453,6.48155808448792,45.9009621616453,6.48155808448792,45.9009621616453,6.48155808448792,https://www.remontees-mecaniques.net/bdd/reportage-tsf4-du-col-de-balme-poma-2528.html,,0.09944751381215469,18,11,181,5542.509392265194,0.0,9935.999999999996,181,1,18,18.0
TSD6 du Charmieux,Le Grand-Bornand (Les Aravis),45.97013409344298,6.451511392369867,45.97013409344298,6.451511392369867,45.97013409344298,6.451511392369867,https://www.remontees-mecaniques.net/bdd/reportage-tsd6-du-charmieux-poma-8471.html,,0.09944751381215469,18,18,181,3713.187845303866,0.0,6741.100000000001,181,1,18,18.0
TSF3 des Annes,Le Grand-Bornand (Les Aravis),45.9607529005186,6.50396257638931,45.9607529005186,6.50396257638931,45.9607529005186,6.50396257638931,https://www.remontees-mecaniques.net/bdd/reportage-tsf3-des-annes-poma-3185.html,,0.09944751381215469,18,18,181,3713.187845303866,0.0,6741.100000000001,181,1,18,18.0
TKD du Pommier,Le Salève,46.11979673589,6.17057204246521,46.11979673589,6.17057204246521,46.11979673589,6.17057204246521,https://www.remontees-mecaniques.net/bdd/reportage-tkd-du-pommier-montagner-4967.html,1230.0,0.3867403314917127,70,52,181,41.88011049723756,0.0,61.400000000000006,181,1,70,70.0
TKD du Plein Soleil,Les Carroz d'Arâches (Le Grand Massif),46.021775491349146,6.657081842422485,46.021775491349146,6.657081842422485,46.021775491349146,6.657081842422485,https://www.remontees-mecaniques.net/bdd/reportage-tkd-du-plein-soleil-montaz-mautino-6714.html,1723.0,0.09944751381215469,18,18,181,1898.033701657459,0.0,3460.200000000002,181,1,18,18.0
TKD de l'Oasis,Les Carroz d'Arâches (Le Grand Massif),46.02994002496321,6.675760746002198,46.02994002496321,6.675760746002198,46.02994002496321,6.675760746002198,https://www.remontees-mecaniques.net/bdd/reportage-tkd-de-l-oasis-montaz-mautino-6693.html,1705.0,0.09944751381215469,18,18,181,1898.033701657459,0.0,3460.200000000002,181,1,18,18.0
TKD du Vieux Manoir,Les Houches (Les Houches - Saint-Gervais),45.88584477225308,6.779851913452148,45.88584477225308,6.779851913452148,45.88584477225308,6.779851913452148,https://www.remontees-mecaniques.net/bdd/reportage-tkd-du-vieux-manoir-montaz-mautino-5723.html,1259.5,0.09944751381215469,18,18,181,1345.7817679558011,0.0,2398.0,181,1,18,18.0
TKD Baby,Manigod (La Clusaz-Manigod - Les Aravis),45.8782621266322,6.40535920858383,45.8782621266322,6.40535920858383,45.8782621266322,6.40535920858383,https://www.remontees-mecaniques.net/bdd/reportage-tkd-baby-montagner-2715.html,,0.09944751381215469,18,18,181,3031.833701657457,0.0,5380.799999999999,181,1,18,18.0
TSD6 du Christomet,Megève - Le Jaillet (Portes du Mont Blanc - Évasion Mont Blanc),45.8684186416178,6.5867006778717,45.8684186416178,6.5867006778717,45.8684186416178,6.5867006778717,https://www.remontees-mecaniques.net/bdd/reportage-tsd6-du-christomet-poma-446.html,1631.5,0.09944751381215469,18,18,181,935.2580110497238,0.0,1678.0,181,1,18,18.0
TCD10 du Mont d'Arbois,Megève - Rochebrune-Mont d'Arbois (Arbois-Rochebrune - Évasion Mont Blanc),45.853486,6.632254,45.853486,6.632254,45.853486,6.632254,https://www.remontees-mecaniques.net/bdd/reportage-tcd10-du-mont-d-arbois-poma-164.html,1557.5,0.06077348066298342,11,11,181,5467.188397790057,0.0,9776.099999999997,181,1,11,11.0
TKD des Étudiants,Megève - Rochebrune-Mont d'Arbois (Arbois-Rochebrune - Évasion Mont Blanc),45.8465460846423,6.6528707742691,45.8465460846423,6.6528707742691,45.8465460846423,6.6528707742691,https://www.remontees-mecaniques.net/bdd/reportage-tkd-des-etudiants-poma-3306.html,1488.0,0.06077348066298342,11,11,181,5467.188397790057,0.0,9776.099999999997,181,1,11,11.0
TCD10 du Pléney,Morzine - Le Pléney (Morzine-Les Gets - Les Portes du Soleil),46.16972098896617,6.69261708855629,46.16972098896617,6.69261708855629,46.16972098896617,6.69261708855629,https://www.remontees-mecaniques.net/bdd/reportage-tcd10-du-pleney-poma-5429.html,1245.0,0.09944751381215469,18,18,181,2190.2314917127087,0.0,3893.8999999999996,181,1,18,18.0
TSD6 de la Charniaz,Morzine - Le Pléney (Morzine-Les Gets - Les Portes du Soleil),46.152053,6.703651,46.152053,6.703651,46.152053,6.703651,https://www.remontees-mecaniques.net/bdd/reportage-tsd6-de-la-charniaz-leitner-76.html,,0.09944751381215469,18,18,181,2190.2314917127087,0.0,3893.8999999999996,181,1,18,18.0
TSF4 des Esserts,Morillon (Le Grand Massif),46.06548,6.670542,46.06548,6.670542,46.06548,6.670542,https://www.remontees-mecaniques.net/bdd/reportage-tsf4-des-esserts-poma-119.html,1354.5,0.10497237569060773,19,18,181,1326.6381215469628,0.0,2416.7,181,1,19,19.0
TKD de l'Arc-en-Ciel,Passy Plaine-Joux,45.95614915965904,6.758238673210144,45.95614915965904,6.758238673210144,45.95614915965904,6.758238673210144,https://www.remontees-mecaniques.net/bdd/reportage-tkd-de-l-arc-en-ciel-poma-5867.html,1620.5,0.10497237569060773,19,19,181,777.7397790055252,0.0,1395.1999999999994,181,1,19,19.0
TKD du Betex,Praz-de-Lys (Praz-de-Lys - Sommand),46.14562213816675,6.581730544567108,46.14562213816675,6.581730544567108,46.14562213816675,6.581730544567108,https://www.remontees-mecaniques.net/bdd/reportage-tkd-du-betex-poma-5222.html,1532.5,0.09944751381215469,18,18,181,1543.8430939226537,0.0,2747.4,181,1,18,18.0
TSD6 des Chattrix,Saint-Nicolas-de-Véroce (Arbois-Rochebrune - Évasion Mont Blanc),45.86261965367729,6.715994155065896,45.86261965367729,6.715994155065896,45.86261965367729,6.715994155065896,https://www.remontees-mecaniques.net/bdd/reportage-tsd6-des-chattrix-poma-7099.html,1195.0,0.09944751381215469,18,18,181,2162.8872928176793,0.0,3836.399999999999,181,1,18,18.0
TKD de Crintat,Sommand (Praz-de-Lys - Sommand),46.16178519591371,6.556662619113922,46.16178519591371,6.556662619113922,46.16178519591371,6.556662619113922,https://www.remontees-mecaniques.net/bdd/reportage-tkd-de-crintat-montagner-5237.html,1488.5,0.09944751381215469,18,18,181,1735.853038674035,0.0,3081.4000000000005,181,1,18,18.0
TKD du Loup,Albiez,45.2187474803816,6.34395003318787,45.2187474803816,6.34395003318787,45.2187474803816,6.34395003318787,https://www.remontees-mecaniques.net/bdd/reportage-tkd-du-loup-montaz-mautino-403.html,1630.5,0.09944751381215469,18,18,181,1841.8469613259665,0.0,3268.9999999999995,181,1,18,18.0
TSD4 Piapolay,Arêches-Beaufort,45.6714657986513,6.54132038354874,45.6714657986513,6.54132038354874,45.6714657986513,6.54132038354874,https://www.remontees-mecaniques.net/bdd/reportage-tsd4-piapolay-poma-2473.html,1540.0,0.09944751381215469,18,11,181,3226.280662983425,0.0,5930.900000000002,181,1,18,18.0
TKD de l'Eterlou,Champagny-en-Vanoise (Paradiski),45.472673856930975,6.701123714447022,45.472673856930975,6.701123714447022,45.472673856930975,6.701123714447022,https://www.remontees-mecaniques.net/bdd/reportage-tkd-de-l-eterlou-montagner-8619.html,,0.09944751381215469,18,11,181,1622.0563535911592,0.0,2900.300000000001,181,1,18,18.0
TKD du Sire,La Féclaz (Savoie Grand Revard),45.631243036882566,5.969254821538925,45.631243036882566,5.969254821538925,45.631243036882566,5.969254821538925,https://www.remontees-mecaniques.net/bdd/reportage-tkd-du-sire-transcable-6540.html,1402.5,0.19889502762430938,36,20,181,473.65966850828704,0.0,934.4,181,1,36,36.0
TKD du Torraz,La Giettaz (Portes du Mont Blanc - Évasion Mont Blanc),45.8667620158235,6.52656018733978,45.8667620158235,6.52656018733978,45.8667620158235,6.52656018733978,https://www.remontees-mecaniques.net/bdd/reportage-tkd-du-torraz-poma-2114.html,1766.0,0.09944751381215469,18,18,181,1431.367955801105,0.0,2579.0000000000014,181,1,18,18.0
TSF4 de la Tête du Torraz,La Giettaz (Portes du Mont Blanc - Évasion Mont Blanc),45.87229200236766,6.528528928756714,45.87229200236766,6.528528928756714,45.87229200236766,6.528528928756714,https://www.remontees-mecaniques.net/bdd/reportage-tsf4-de-la-tete-du-torraz-altim-5407.html,1679.5,0.09944751381215469,18,18,181,1431.367955801105,0.0,2579.0000000000014,181,1,18,18.0
TKE de Bonjournal,La Giettaz (Portes du Mont Blanc - Évasion Mont Blanc),45.8643974565063,6.56236231327057,45.8643974565063,6.56236231327057,45.8643974565063,6.56236231327057,https://www.remontees-mecaniques.net/bdd/reportage-tke-de-bonjournal-poma-1629.html,1774.5,0.09944751381215469,18,18,181,1431.367955801105,0.0,2579.0000000000014,181,1,18,18.0
TKE des Avenières,La Norma (Haute Maurienne Vanoise),45.199939636568914,6.694745421409607,45.199939636568914,6.694745421409607,45.199939636568914,6.694745421409607,https://www.remontees-mecaniques.net/bdd/reportage-tke-des-avenieres-poma-5485.html,1365.5,0.06077348066298342,11,11,181,2079.036464088396,0.0,4343.199999999998,181,1,11,11.0
TSD6 de la Bergerie,La Plagne (Paradiski),45.5091401747746,6.6818305850029,45.5091401747746,6.6818305850029,45.5091401747746,6.6818305850029,https://www.remontees-mecaniques.net/bdd/reportage-tsd6-de-la-bergerie-poma-3632.html,2066.5,0.06077348066298342,11,11,181,9235.23038674033,0.0,16571.700000000004,181,1,11,11.0
TSF3 Petit Bois,La Rosière (Espace San Bernardo),45.6197650773059,6.8725249171257,45.6197650773059,6.8725249171257,45.6197650773059,6.8725249171257,https://www.remontees-mecaniques.net/bdd/reportage-tsf3-petit-bois-montaz-mautino-4156.html,,0.06077348066298342,11,11,181,4957.753038674036,0.0,9088.399999999996,181,1,11,11.0
TSF4 du Chaput,La Toussuire (Les Sybelles),45.26622126613266,6.24360054731369,45.26622126613266,6.24360054731369,45.26622126613266,6.24360054731369,https://www.remontees-mecaniques.net/bdd/reportage-tsf4-du-chaput-gmm-6864.html,1904.5,0.09944751381215469,18,11,181,4309.754696132599,0.0,7880.800000000002,181,1,18,18.0
TKE du Tesson,Le Revard (Savoie Grand Revard),45.6832217437357,5.9880530834198,45.6832217437357,5.9880530834198,45.6832217437357,5.9880530834198,https://www.remontees-mecaniques.net/bdd/reportage-tke-du-tesson-poma-5119.html,1424.5,0.19889502762430938,36,20,181,473.65966850828704,0.0,934.4,181,1,36,36.0
TSF4 des Arpons,Les Karellis,45.2009337564358,6.40401542186737,45.2009337564358,6.40401542186737,45.2009337564358,6.40401542186737,https://www.remontees-mecaniques.net/bdd/reportage-tsf4-des-arpons-gmm-2821.html,2200.5,0.09944751381215469,18,11,181,2675.2359116022108,0.0,4993.400000000002,181,1,18,18.0
TKE du Stade,Les Menuires (Les 3 Vallées),45.3234344707736,6.54174417257309,45.3234344707736,6.54174417257309,45.3234344707736,6.54174417257309,https://www.remontees-mecaniques.net/bdd/reportage-tke-du-stade-leitner-2893.html,,0.06077348066298342,11,11,181,4390.169060773477,0.0,8086.700000000001,181,1,11,11.0
TKD des  Coqs,Les Saisies (Espace Diamant),45.75699021219896,6.557549889179882,45.75699021219896,6.557549889179882,45.75699021219896,6.557549889179882,https://www.remontees-mecaniques.net/bdd/reportage-tkd-des-coqs-montagner-6813.html,1858.0,0.06077348066298342,11,11,181,6514.234806629835,0.0,11865.099999999993,181,1,11,11.0
TSD6B Tougnète 2,Méribel (Les 3 Vallées),45.3767945731258,6.56319379806519,45.3767945731258,6.56319379806519,45.3767945731258,6.56319379806519,https://www.remontees-mecaniques.net/bdd/reportage-tsd6b-tougnete-2-poma-2150.html,2150.0,0.06077348066298342,11,11,181,3550.4657458563534,0.0,6328.499999999997,181,1,11,11.0
TCD10 des Plattières,Méribel-Mottaret (Les 3 Vallées),45.37118722964835,6.580681800842286,45.37118722964835,6.580681800842286,45.37118722964835,6.580681800842286,https://www.remontees-mecaniques.net/bdd/reportage-tcd10-des-plattieres-poma-8832.html,2060.5,0.06077348066298342,11,11,181,2541.2580110497215,0.0,4652.299999999999,181,1,11,11.0
TSD6 Chatelet,Méribel-Mottaret (Les 3 Vallées),45.3573077944816,6.57988518476486,45.3573077944816,6.57988518476486,45.3573077944816,6.57988518476486,https://www.remontees-mecaniques.net/bdd/reportage-tsd6-chatelet-poma-786.html,2109.0,0.06077348066298342,11,11,181,2541.2580110497215,0.0,4652.299999999999,181,1,11,11.0
TKD du Plan Dessert 1,Notre-Dame-de-Bellecombe (Espace Diamant),45.7914221474249,6.57827854156494,45.7914221474249,6.57827854156494,45.7914221474249,6.57827854156494,https://www.remontees-mecaniques.net/bdd/reportage-tkd-du-plan-dessert-1-montaz-mautino-2753.html,,0.09944751381215469,18,18,181,2937.2419889502758,0.0,5266.0,181,1,18,18.0
TKE du Banc,Saint-Sorlin-d'Arves (Les Sybelles),45.2160588669505,6.20414793491364,45.2160588669505,6.20414793491364,45.2160588669505,6.20414793491364,https://www.remontees-mecaniques.net/bdd/reportage-tke-du-banc-leitner-2085.html,2136.0,0.09944751381215469,18,18,181,3232.9226519337017,0.0,6152.399999999999,181,1,18,18.0
TSD6 du Rouet,Saint-Sorlin-d'Arves (Les Sybelles),45.2146890044776,6.20464146137238,45.2146890044776,6.20464146137238,45.2146890044776,6.20464146137238,https://www.remontees-mecaniques.net/bdd/reportage-tsd6-du-rouet-leitner-60.html,,0.09944751381215469,18,18,181,3232.9226519337017,0.0,6152.399999999999,181,1,18,18.0
TSD6 Plan du Moulin Express,Saint-Sorlin-d'Arves (Les Sybelles),45.2175855161766,6.22946530580521,45.2175855161766,6.22946530580521,45.2175855161766,6.22946530580521,https://www.remontees-mecaniques.net/bdd/reportage-tsd6-plan-du-moulin-express-leitner-4013.html,1841.5,0.09944751381215469,18,18,181,3232.9226519337017,0.0,6152.399999999999,181,1,18,18.0
TSD6 du Tichot,Tignes (Espace Tignes-Val d'Isère),45.4540480154986,6.89691156148911,45.4540480154986,6.89691156148911,45.4540480154986,6.89691156148911,https://www.remontees-mecaniques.net/bdd/reportage-tsd6-du-tichot-doppelmayr-322.html,2291.5,0.06077348066298342,11,11,181,7473.4497237569085,0.0,14787.700000000006,181,1,11,11.0
TSD8 des Tommeuses,Tignes (Espace Tignes-Val d'Isère),45.4591824467263,6.94091320037842,45.4591824467263,6.94091320037842,45.4591824467263,6.94091320037842,https://www.remontees-mecaniques.net/bdd/reportage-tsd8-des-tommeuses-doppelmayr-17.html,2237.0,0.06077348066298342,11,11,181,7473.4497237569085,0.0,14787.700000000006,181,1,11,11.0
TKD des Essarts,Val Cenis (Haute Maurienne Vanoise),45.2851949550474,6.90823316574097,45.2851949550474,6.90823316574097,45.2851949550474,6.90823316574097,https://www.remontees-mecaniques.net/bdd/reportage-tkd-des-essarts-montaz-mautino-698.html,,0.06077348066298342,11,11,181,6264.916022099444,0.0,12745.899999999996,181,1,11,11.0
TKD du Mont-Cenis,Val Cenis (Haute Maurienne Vanoise),45.2689745195913,6.89961791038513,45.2689745195913,6.89961791038513,45.2689745195913,6.89961791038513,https://www.remontees-mecaniques.net/bdd/reportage-tkd-du-mont-cenis-poma-673.html,,0.06077348066298342,11,11,181,6264.916022099444,0.0,12745.899999999996,181,1,11,11.0
TSD4 Borsat Express,Val d'Isère (Espace Tignes-Val d'Isère),45.4492330031895,6.9381183385849,45.4492330031895,6.9381183385849,45.4492330031895,6.9381183385849,https://www.remontees-mecaniques.net/bdd/reportage-tsd4-borsat-express-doppelmayr-31.html,2395.0,0.06077348066298342,11,11,181,8097.030386740336,0.0,16810.9,181,1,11,11.0
TSD6 de la Fontaine Froide,Val d'Isère (Espace Tignes-Val d'Isère),45.432735788807,6.95280075073242,45.432735788807,6.95280075073242,45.432735788807,6.95280075073242,https://www.remontees-mecaniques.net/bdd/reportage-tsd6-de-la-fontaine-froide-bartholet-ingelo-4903.html,2537.0,0.06077348066298342,11,11,181,8097.030386740336,0.0,16810.9,181,1,11,11.0
FUN D du Grand Fond,Val Thorens (Les 3 Vallées),45.2808354844799,6.56826317310333,45.2808354844799,6.56826317310333,45.2808354844799,6.56826317310333,https://www.remontees-mecaniques.net/bdd/reportage-fun-d-du-grand-fond-poma-33.html,,0.06077348066298342,11,11,181,4467.408839779006,0.0,8440.499999999998,181,1,11,11.0
TSD6 de la Portette,Val Thorens (Les 3 Vallées),45.28664048907657,6.583428382873535,45.28664048907657,6.583428382873535,45.28664048907657,6.583428382873535,https://www.remontees-mecaniques.net/bdd/reportage-tsd6-de-la-portette-doppelmayr-5494.html,2580.0,0.06077348066298342,11,11,181,4467.408839779006,0.0,8440.499999999998,181,1,11,11.0
TKE du Cheval Blanc,Valmorel (Le Grand Domaine),45.4584110889528,6.44534289836884,45.4584110889528,6.44534289836884,45.4584110889528,6.44534289836884,https://www.remontees-mecaniques.net/bdd/reportage-tke-du-cheval-blanc-doppelmayr-4972.html,1409.0,0.06077348066298342,11,11,181,7019.244198895025,0.0,12780.499999999996,181,1,11,11.0
TKD de la Croisette,Chamrousse,45.112474247650766,5.87892472743988,45.112474247650766,5.87892472743988,45.112474247650766,5.87892472743988,https://www.remontees-mecaniques.net/bdd/reportage-tkd-de-la-croisette-montaz-mautino-5946.html,1763.0,0.09944751381215469,18,18,181,2890.91491712707,0.0,5750.699999999999,181,1,18,18.0
TKE du Village,Corrençon-en-Vercors (Espace Villard-Corrençon),45.02764807237005,5.5253827571868905,45.02764807237005,5.5253827571868905,45.02764807237005,5.5253827571868905,https://www.remontees-mecaniques.net/bdd/reportage-tke-du-village-poma-6741.html,1177.5,0.11602209944751381,21,19,181,536.8850828729285,0.0,982.7999999999998,181,1,21,21.0
TPH du Mont Jalla,Grenoble,45.2006219146211,5.72115182876587,45.2006219146211,5.72115182876587,45.2006219146211,5.72115182876587,https://www.remontees-mecaniques.net/bdd/reportage-tph-du-mont-jalla-neyret-beylier-neyrpic-4824.html,,0.5524861878453039,100,52,181,43.51878453038666,0.0,79.4,181,1,100,100.0
TSF4 des Tufs,Le Collet d'Allevard,45.39357371344025,6.108382344245911,45.39357371344025,6.108382344245911,45.39357371344025,6.108382344245911,https://www.remontees-mecaniques.net/bdd/reportage-tsf4-des-tufs-skirail-6325.html,1450.0,0.10497237569060773,19,19,181,1341.3447513812162,0.0,2554.6999999999994,181,1,19,19.0
TKE2 de la Lauze,Les Deux Alpes,45.0001235818601,6.2283656001091,45.0001235818601,6.2283656001091,45.0001235818601,6.2283656001091,https://www.remontees-mecaniques.net/bdd/reportage-tke2-de-la-lauze-doppelmayr-4411.html,3452.0,0.06077348066298342,11,11,181,6892.693922651938,0.0,13556.1,181,1,11,11.0
TSF4 de l'Oursière,Les Sept Laux,45.2616573859682,6.04817748069763,45.2616573859682,6.04817748069763,45.2616573859682,6.04817748069763,https://www.remontees-mecaniques.net/bdd/reportage-tsf4-de-l-oursiere-montaz-mautino-1718.html,1958.5,0.09944751381215469,18,11,181,4259.870165745856,0.0,8228.0,181,1,18,18.0
TKD du Clos du Pré,Oz-en-Oisans (Alpe d'Huez Grand Domaine Ski),45.1290705108776,6.06926769018173,45.1290705108776,6.06926769018173,45.1290705108776,6.06926769018173,https://www.remontees-mecaniques.net/bdd/reportage-tkd-du-clos-du-pre-poma-3918.html,1394.0,0.10497237569060773,19,18,181,1249.7337016574586,0.0,2268.6999999999994,181,1,19,19.0
TKD du Lamat,Oz-en-Oisans (Alpe d'Huez Grand Domaine Ski),45.1401452481251,6.09495520591736,45.1401452481251,6.09495520591736,45.1401452481251,6.09495520591736,https://www.remontees-mecaniques.net/bdd/reportage-tkd-du-lamat-poma-3919.html,2055.0,0.10497237569060773,19,18,181,1249.7337016574586,0.0,2268.6999999999994,181,1,19,19.0
TKD de l'Ourson,Villard-de-Lans (Espace Villard-Corrençon),45.0137301002026,5.55676460266113,45.0137301002026,5.55676460266113,45.0137301002026,5.55676460266113,https://www.remontees-mecaniques.net/bdd/reportage-tkd-de-l-ourson-poma-2106.html,1737.0,0.10497237569060773,19,11,181,865.0441988950276,0.0,1604.0,181,1,19,19.0
TKE de Pré Joubert,Ancelle,44.61744703512501,6.20031237602234,44.61744703512501,6.20031237602234,44.61744703512501,6.20031237602234,https://www.remontees-mecaniques.net/bdd/reportage-tke-de-pre-joubert-poma-9225.html,,0.10497237569060773,19,11,181,651.3513812154695,0.0,1296.4000000000005,181,1,19,19.0
TCD12 du Prorel,Briançon (Serre Chevalier Vallée),44.896772,6.630019,44.896772,6.630019,44.896772,6.630019,https://www.remontees-mecaniques.net/bdd/reportage-tcd12-du-prorel-poma-70.html,1783.5,0.09944751381215469,18,11,181,1311.9856353591163,0.0,2586.299999999999,181,1,18,18.0
TKD de Sainte-Anne,Ceillac (Le Cristillan - Queyras),44.63597887308699,6.796985864639282,44.63597887308699,6.796985864639282,44.63597887308699,6.796985864639282,https://www.remontees-mecaniques.net/bdd/reportage-tkd-de-sainte-anne-montaz-mautino-1040.html,,0.09944751381215469,18,11,181,714.6392265193368,0.0,1448.0,181,1,18,18.0
TSD4 du Jas,Le Dévoluy,44.6760822825957,5.92617183923721,44.6760822825957,5.92617183923721,44.6760822825957,5.92617183923721,https://www.remontees-mecaniques.net/bdd/reportage-tsd4-du-jas-poma-2888.html,1733.5,0.06077348066298342,11,11,181,2744.439779005526,0.0,5644.000000000001,181,1,11,11.0
TSD6 de l'Eychauda,Le Monêtier-les-Bains (Serre Chevalier Vallée),44.94823939755706,6.49991004407227,44.94823939755706,6.49991004407227,44.94823939755706,6.49991004407227,https://www.remontees-mecaniques.net/bdd/reportage-tsd6-de-l-eychauda-poma-7466.html,2284.0,0.06077348066298342,11,11,181,1997.7591160220986,0.0,3990.999999999999,181,1,11,11.0
TSF4 de la Cucumelle,Le Monêtier-les-Bains (Serre Chevalier Vallée),44.93081773417584,6.506253182888031,44.93081773417584,6.506253182888031,44.93081773417584,6.506253182888031,https://www.remontees-mecaniques.net/bdd/reportage-tsf4-de-la-cucumelle-skirail-5337.html,2436.5,0.06077348066298342,11,11,181,1997.7591160220986,0.0,3990.999999999999,181,1,11,11.0
TSD6 du Prélongis,Les Orres,44.4920225278033,6.55756920576096,44.4920225278033,6.55756920576096,44.4920225278033,6.55756920576096,https://www.remontees-mecaniques.net/bdd/reportage-tsd6-du-prelongis-poma-3287.html,,0.06077348066298342,11,11,181,2027.2464088397799,0.0,4301.200000000001,181,1,11,11.0
TKD du Château d'Eau,Pelvoux-Vallouise,44.8631220893131,6.48745626211166,44.8631220893131,6.48745626211166,44.8631220893131,6.48745626211166,https://www.remontees-mecaniques.net/bdd/reportage-tkd-du-chateau-d-eau-montaz-mautino-3788.html,1267.5,0.09944751381215469,18,11,181,1040.562430939226,0.0,2071.2,181,1,18,18.0
TKD du Grand Serre,Saint-Véran (Beauregard - Queyras),44.7041852544056,6.899242401123047,44.7041852544056,6.899242401123047,44.7041852544056,6.899242401123047,https://www.remontees-mecaniques.net/bdd/reportage-tkd-du-grand-serre-poma-7741.html,,0.06077348066298342,11,11,181,686.0745856353593,0.0,1753.099999999999,181,1,11,11.0
TSF4 des Cassettes,Saint-Véran (Beauregard - Queyras),44.70505264850418,6.8671417236328125,44.70505264850418,6.8671417236328125,44.70505264850418,6.8671417236328125,https://www.remontees-mecaniques.net/bdd/reportage-tsf4-des-cassettes-gmm-202.html,,0.06077348066298342,11,11,181,686.0745856353593,0.0,1753.099999999999,181,1,11,11.0
TSF2 des Prés,Auron,44.21264293662683,6.90777450799942,44.21264293662683,6.90777450799942,44.21264293662683,6.90777450799942,https://www.remontees-mecaniques.net/bdd/reportage-tsf2-des-pres-montaz-mautino-6398.html,1849.0,0.06077348066298342,11,11,181,1322.8812154696138,0.0,3207.099999999999,181,1,11,11.0
TSCD6-10 de la Clappe,Pra Loup (La Foux-Pra Loup - Espace Lumière),44.36848673071934,6.60228967666626,44.36848673071934,6.60228967666626,44.36848673071934,6.60228967666626,https://www.remontees-mecaniques.net/bdd/reportage-tscd6-10-de-la-clappe-poma-5394.html,1817.0,0.06077348066298342,11,11,181,1434.7226519337023,0.0,3180.2000000000007,181,1,11,11.0
TSF4 de la Piquette,Barèges (Grand Tourmalet),42.894960656874744,0.08086591958999634,42.894960656874744,0.08086591958999634,42.894960656874744,0.08086591958999634,https://www.remontees-mecaniques.net/bdd/reportage-tsf4-de-la-piquette-lst-6072.html,,0.11049723756906077,20,12,181,1276.030939226519,0.0,2648.0,181,1,20,20.0
TKD de la Fount,Cambre d'Aze,42.47443930773144,2.1008455753326416,42.47443930773144,2.1008455753326416,42.47443930773144,2.1008455753326416,https://www.remontees-mecaniques.net/bdd/reportage-tkd-de-la-fount-poma-846.html,,0.06629834254143646,12,12,181,645.9911602209953,0.0,1538.1000000000001,181,1,12,12.0
TKD de Liaison,Font-Romeu - Pyrénées 2000,42.5349254939956,2.04153925180435,42.5349254939956,2.04153925180435,42.5349254939956,2.04153925180435,https://www.remontees-mecaniques.net/bdd/reportage-tkd-de-liaison-poma-692.html,2004.5,0.06629834254143646,12,12,181,1664.8530386740333,0.0,3780.600000000001,181,1,12,12.0
TKD Roc 1 & 2,Guzet,42.76525504376237,1.3062167183776465,42.76525504376237,1.3062167183776465,42.76525504376237,1.3062167183776465,https://www.remontees-mecaniques.net/bdd/reportage-tkd-roc-1-2-poma-3893.html,,0.11602209944751381,21,12,181,1174.7005524861893,0.0,2450.1,181,1,21,21.0
TPH45 du Pic du Midi de Bigorre I (Le Taoulet),La Mongie (Grand Tourmalet),42.9096472358652,0.179174244403839,42.9096472358652,0.179174244403839,42.9096472358652,0.179174244403839,https://www.remontees-mecaniques.net/bdd/reportage-tph45-du-pic-du-midi-de-bigorre-i-le-taoulet-reel-garaventa-1761.html,1745.0,0.06629834254143646,12,11,181,2534.767955801105,0.0,5395.5,181,1,12,12.0
TSD6 de Pourteilh,La Mongie (Grand Tourmalet),42.90730744133338,0.1654788851737976,42.90730744133338,0.1654788851737976,42.90730744133338,0.1654788851737976,https://www.remontees-mecaniques.net/bdd/reportage-tsd6-de-pourteilh-doppelmayr-4502.html,,0.06629834254143646,12,11,181,2534.767955801105,0.0,5395.5,181,1,12,12.0
TSF4 Tuc de Pan,Le Mourtis,42.912026230589674,0.7685065269470215,42.912026230589674,0.7685065269470215,42.912026230589674,0.7685065269470215,https://www.remontees-mecaniques.net/bdd/reportage-tsf4-tuc-de-pan-skirail-2689.html,,0.19889502762430938,36,21,181,694.8994475138111,0.0,1373.4000000000003,181,1,36,36.0
TKD Bruyères,Les Angles,42.5788874856291,2.05350190401077,42.5788874856291,2.05350190401077,42.5788874856291,2.05350190401077,https://www.remontees-mecaniques.net/bdd/reportage-tkd-bruyeres-poma-3642.html,2096.0,0.06629834254143646,12,11,181,1711.08453038674,0.0,3761.9,181,1,12,12.0
TKD Isards,Saint-Lary-Soulan,42.827628800553875,0.2222585678100586,42.827628800553875,0.2222585678100586,42.827628800553875,0.2222585678100586,https://www.remontees-mecaniques.net/bdd/reportage-tkd-isards-poma-3643.html,,0.06629834254143646,12,11,181,4065.829281767956,0.0,8548.599999999999,181,1,12,12.0
TPH47 du Pic Lumière,Saint-Lary-Soulan,42.81664135938798,0.32003045082092285,42.81664135938798,0.32003045082092285,42.81664135938798,0.32003045082092285,https://www.remontees-mecaniques.net/bdd/reportage-tph47-du-pic-lumiere-applevage-2406.html,,0.06629834254143646,12,11,181,4065.829281767956,0.0,8548.599999999999,181,1,12,12.0
TSD6 des Bouleaux,Saint-Lary-Soulan,42.817970974962115,0.28667692104593195,42.817970974962115,0.28667692104593195,42.817970974962115,0.28667692104593195,https://www.remontees-mecaniques.net/bdd/reportage-tsd6-des-bouleaux-doppelmayr-6121.html,,0.06629834254143646,12,11,181,4065.829281767956,0.0,8548.599999999999,181,1,12,12.0
TKD de la Rebatte,Graix,45.3634121502114,4.56524044275284,45.3634121502114,4.56524044275284,45.3634121502114,4.56524044275284,https://www.remontees-mecaniques.net/bdd/reportage-tkd-de-la-rebatte-montaz-mautino-4820.html,,0.5469613259668509,99,63,181,41.39116022099453,0.0,75.60000000000001,181,1,99,99.0
TKE de l'Ourson,Chalmazel,45.6775811473348,3.82447063922882,45.6775811473348,3.82447063922882,45.6775811473348,3.82447063922882,https://www.remontees-mecaniques.net/bdd/reportage-tke-de-l-ourson-doppelmayr-3079.html,1132.5,0.11049723756906077,20,19,181,559.7569060773477,0.0,979.9999999999999,181,1,20,20.0
TKD du Pied de la A,Le Mont-Dore (Le Sancy),45.5384593011625,2.81768202781677,45.5384593011625,2.81768202781677,45.5384593011625,2.81768202781677,https://www.remontees-mecaniques.net/bdd/reportage-tkd-du-pied-de-la-a-montaz-mautino-3080.html,1431.0,0.10497237569060773,19,19,181,815.5580110497226,0.0,1665.2999999999997,181,1,19,19.0
TKF des Marmottes,Le Mont-Dore (Le Sancy),45.5418258318169,2.81352192163467,45.5418258318169,2.81352192163467,45.5418258318169,2.81352192163467,https://www.remontees-mecaniques.net/bdd/reportage-tkf-des-marmottes-poma-3109.html,,0.10497237569060773,19,19,181,815.5580110497226,0.0,1665.2999999999997,181,1,19,19.0
TKF des Alouettes III,Les Hautes Combes,46.3679936445044,5.95612943172455,46.3679936445044,5.95612943172455,46.3679936445044,5.95612943172455,https://www.remontees-mecaniques.net/bdd/reportage-tkf-des-alouettes-iii-montaz-mautino-4016.html,,0.20441988950276244,37,21,181,277.141436464088,0.0,501.69999999999993,181,1,37,37.0
TKD Baby Beauregard,Les Rousses - Les Tuffes (Dôle-Tuffes - Jura sur Léman),46.453928384303,6.05305776000023,46.453928384303,6.05305776000023,46.453928384303,6.05305776000023,https://www.remontees-mecaniques.net/bdd/reportage-tkd-baby-beauregard-montaz-mautino-4727.html,1230.0,0.11049723756906077,20,20,181,993.0779005524872,0.0,1793.7,181,1,20,20.0
TSF4 Dappes-Tuffes,Les Rousses - Les Tuffes (Dôle-Tuffes - Jura sur Léman),46.438150073204305,6.0818588724941955,46.438150073204305,6.0818588724941955,46.438150073204305,6.0818588724941955,https://www.remontees-mecaniques.net/bdd/reportage-tsf4-dappes-tuffes-ccm-finotello-7895.html,1326.0,0.11049723756906077,20,20,181,993.0779005524872,0.0,1793.7,181,1,20,20.0
TSF3 de la Berche,Métabief,46.76662109144002,6.358047723770142,46.76662109144002,6.358047723770142,46.76662109144002,6.358047723770142,https://www.remontees-mecaniques.net/bdd/reportage-tsf3-de-la-berche-poma-8496.html,1079.5,0.11049723756906077,20,19,181,686.7143646408847,0.0,1200.0999999999997,181,1,20,20.0
TSF3 du Paradis,Métabief,46.7456651639421,6.348896026611328,46.7456651639421,6.348896026611328,46.7456651639421,6.348896026611328,https://www.remontees-mecaniques.net/bdd/reportage-tsf3-du-paradis-poma-7914.html,1336.5,0.11049723756906077,20,19,181,686.7143646408847,0.0,1200.0999999999997,181,1,20,20.0
TKF Hohwald,Le Champ du Feu,48.40199221525956,7.325930893421173,48.40199221525956,7.325930893421173,48.40199221525956,7.325930893421173,https://www.remontees-mecaniques.net/bdd/reportage-tkf-hohwald-poma-991.html,,0.11049723756906077,20,20,181,181.1558011049723,0.0,278.8,181,1,20,20.0
TKF du Manège du Surf,Avoriaz (Morzine-Avoriaz - Les Portes du Soleil),46.18592153540613,6.777633726596832,46.18592153540613,6.777633726596832,46.18592153540613,6.777633726596832,https://www.remontees-mecaniques.net/bdd/reportage-tkf-du-manege-du-surf-poma-7270.html,1772.5,0.06077348066298342,11,10,181,6126.023756906075,0.0,10831.700000000004,181,1,11,11.0
TKD de Chavanette I - II,Avoriaz (Morzine-Avoriaz - Les Portes du Soleil),46.17956669108875,6.789306700229645,46.17956669108875,6.789306700229645,46.17956669108875,6.789306700229645,https://www.remontees-mecaniques.net/bdd/reportage-tkd-de-chavanette-i-ii-poma-5859.html,1812.0,0.06077348066298342,11,10,181,6126.023756906075,0.0,10831.700000000004,181,1,11,11.0
TSF4 de la Charlanon,Chamonix-Mont-Blanc - Brévent-Flégère (Vallée de Chamonix),45.948307562174506,6.8641966581344604,45.948307562174506,6.8641966581344604,45.948307562174506,6.8641966581344604,https://www.remontees-mecaniques.net/bdd/reportage-tsf4-de-la-charlanon-skirail-5748.html,,0.06077348066298342,11,11,181,4290.926519337017,0.0,7791.7999999999965,181,1,11,11.0
TCD16 de Bochard,Chamonix-Mont-Blanc - Grands Montets (Vallée de Chamonix),45.9679532866148,6.94305628538132,45.9679532866148,6.94305628538132,45.9679532866148,6.94305628538132,https://www.remontees-mecaniques.net/bdd/reportage-tcd16-de-bochard-doppelmayr-276.html,2369.0,0.09944751381215469,18,18,181,2119.0270718232064,0.0,3877.9999999999995,181,1,18,18.0
TKD du Plan des Reines,Chamonix-Mont-Blanc - Le Tour (Balme - Vallée de Chamonix),46.0219654645463,6.95263981819153,46.0219654645463,6.95263981819153,46.0219654645463,6.95263981819153,https://www.remontees-mecaniques.net/bdd/reportage-tkd-du-plan-des-reines-montagner-2894.html,2108.5,0.09944751381215469,18,11,181,2904.868508287292,0.0,5242.700000000003,181,1,18,18.0
TKD du Lac,Châtel (Les Portes du Soleil),46.266461434516465,6.859856843948364,46.266461434516465,6.859856843948364,46.266461434516465,6.859856843948364,https://www.remontees-mecaniques.net/bdd/reportage-tkd-du-lac-poma-7357.html,1665.0,0.06077348066298342,11,11,181,4526.320441988953,0.0,8116.599999999998,181,1,11,11.0
TKD du Stade,Flaine (Le Grand Massif),46.0029872710415,6.69144093990326,46.0029872710415,6.69144093990326,46.0029872710415,6.69144093990326,https://www.remontees-mecaniques.net/bdd/reportage-tkd-du-stade-montaz-mautino-5139.html,,0.06077348066298342,11,11,181,5728.5414364640865,0.0,10381.499999999996,181,1,11,11.0
TKD Bambi,La Chapelle-d'Abondance - Crêt-Béni (Les Portes du Soleil),46.2846947120144,6.77428632974625,46.2846947120144,6.77428632974625,46.2846947120144,6.77428632974625,https://www.remontees-mecaniques.net/bdd/reportage-tkd-bambi-montaz-mautino-4688.html,1333.0,0.10497237569060773,19,19,181,811.160220994476,0.0,1442.2000000000003,181,1,19,19.0
TSD6 du Crêt-Béni,La Chapelle-d'Abondance - Crêt-Béni (Les Portes du Soleil),46.2923514355021,6.78119301795959,46.2923514355021,6.78119301795959,46.2923514355021,6.78119301795959,https://www.remontees-mecaniques.net/bdd/reportage-tsd6-du-cret-beni-poma-4731.html,1172.5,0.10497237569060773,19,19,181,811.160220994476,0.0,1442.2000000000003,181,1,19,19.0
TCD12 de Balme,La Clusaz (La Clusaz-Manigod - Les Aravis),45.9100403245405,6.46760523319244,45.9100403245405,6.46760523319244,45.9100403245405,6.46760523319244,https://www.remontees-mecaniques.net/bdd/reportage-tcd12-de-balme-skirail-3684.html,,0.09944751381215469,18,11,181,5542.509392265194,0.0,9935.999999999996,181,1,18,18.0
TSD6 du Crêt du Merle,La Clusaz (La Clusaz-Manigod - Les Aravis),45.90411527100759,6.425326062795875,45.90411527100759,6.425326062795875,45.90411527100759,6.425326062795875,https://www.remontees-mecaniques.net/bdd/reportage-tsd6-du-cret-du-merle-poma-6566.html,1278.5,0.09944751381215469,18,11,181,5542.509392265194,0.0,9935.999999999996,181,1,18,18.0
TSF4 de la Grenêche,La Clusaz (La Clusaz-Manigod - Les Aravis),45.90201488655895,6.433846950531006,45.90201488655895,6.433846950531006,45.90201488655895,6.433846950531006,https://www.remontees-mecaniques.net/bdd/reportage-tsf4-de-la-greneche-poma-5959.html,,0.09944751381215469,18,11,181,5542.509392265194,0.0,9935.999999999996,181,1,18,18.0
TSF4 P'tit Loup,La Clusaz (La Clusaz-Manigod - Les Aravis),45.8963795892745,6.44080728292465,45.8963795892745,6.44080728292465,45.8963795892745,6.44080728292465,https://www.remontees-mecaniques.net/bdd/reportage-tsf4-p-tit-loup-poma-4828.html,,0.09944751381215469,18,11,181,5542.509392265194,0.0,9935.999999999996,181,1,18,18.0
TSF4 du Châtelet,Le Grand-Bornand (Les Aravis),45.9734657409383,6.4576005935669,45.9734657409383,6.4576005935669,45.9734657409383,6.4576005935669,https://www.remontees-mecaniques.net/bdd/reportage-tsf4-du-chatelet-poma-2087.html,,0.09944751381215469,18,18,181,3713.187845303866,0.0,6741.100000000001,181,1,18,18.0
TCD4 de la Gorge,Les Contamines-Montjoie (Les Contamines - Hauteluce - Évasion Mont Blanc),45.8009258478271,6.71994745731354,45.8009258478271,6.71994745731354,45.8009258478271,6.71994745731354,https://www.remontees-mecaniques.net/bdd/reportage-tcd4-de-la-gorge-poma-5098.html,1186.0,0.06077348066298342,11,11,181,5286.2790055248615,0.0,9461.0,181,1,11,11.0
TSD4 des Tierces,Les Contamines-Montjoie (Les Contamines - Hauteluce - Évasion Mont Blanc),45.79292205201,6.68769121170044,45.79292205201,6.68769121170044,45.79292205201,6.68769121170044,https://www.remontees-mecaniques.net/bdd/reportage-tsd4-des-tierces-poma-680.html,1793.0,0.06077348066298342,11,11,181,5286.2790055248615,0.0,9461.0,181,1,11,11.0
TKD du Grand Cry,Les Gets (Morzine-Les Gets - Les Portes du Soleil),46.14567314001834,6.686744784819894,46.14567314001834,6.686744784819894,46.14567314001834,6.686744784819894,https://www.remontees-mecaniques.net/bdd/reportage-tkd-du-grand-cry-montaz-mautino-7904.html,,0.09944751381215469,18,11,181,4687.4983425414375,0.0,8348.4,181,1,18,18.0
TKD de la  Tête des Crêts,Les Gets (Morzine-Les Gets - Les Portes du Soleil),46.1502565660795,6.68750882148743,46.1502565660795,6.68750882148743,46.1502565660795,6.68750882148743,https://www.remontees-mecaniques.net/bdd/reportage-tkd-de-la-tete-des-crets-montaz-mautino-4910.html,1573.0,0.09944751381215469,18,11,181,4687.4983425414375,0.0,8348.4,181,1,18,18.0
TSF2 de la Grande Ourse,Les Gets (Morzine-Les Gets - Les Portes du Soleil),46.1663903987565,6.66009664535522,46.1663903987565,6.66009664535522,46.1663903987565,6.66009664535522,https://www.remontees-mecaniques.net/bdd/reportage-tsf2-de-la-grande-ourse-montaz-mautino-2991.html,,0.09944751381215469,18,11,181,4687.4983425414375,0.0,8348.4,181,1,18,18.0
TKF du Tourchet,Les Houches (Les Houches - Saint-Gervais),45.8928458037403,6.80100381374359,45.8928458037403,6.80100381374359,45.8928458037403,6.80100381374359,https://www.remontees-mecaniques.net/bdd/reportage-tkf-du-tourchet-poma-5006.html,,0.09944751381215469,18,18,181,1345.7817679558011,0.0,2398.0,181,1,18,18.0
TKE du Blanchot,Manigod (La Clusaz-Manigod - Les Aravis),45.8601462264635,6.41400128602982,45.8601462264635,6.41400128602982,45.8601462264635,6.41400128602982,https://www.remontees-mecaniques.net/bdd/reportage-tke-du-blanchot-doppelmayr-2735.html,,0.09944751381215469,18,18,181,3031.833701657457,0.0,5380.799999999999,181,1,18,18.0
TKD des Rosières,Manigod (La Clusaz-Manigod - Les Aravis),45.8752836806228,6.40436679124832,45.8752836806228,6.40436679124832,45.8752836806228,6.40436679124832,https://www.remontees-mecaniques.net/bdd/reportage-tkd-des-rosieres-montagner-2716.html,,0.09944751381215469,18,18,181,3031.833701657457,0.0,5380.799999999999,181,1,18,18.0
TCD6 du Jaillet,Megève - Le Jaillet (Portes du Mont Blanc - Évasion Mont Blanc),45.8647299203699,6.61808252334595,45.8647299203699,6.61808252334595,45.8647299203699,6.61808252334595,https://www.remontees-mecaniques.net/bdd/reportage-tcd6-du-jaillet-poma-3630.html,1346.0,0.09944751381215469,18,18,181,935.2580110497238,0.0,1678.0,181,1,18,18.0
TKD des Lanchettes,Megève - Rochebrune-Mont d'Arbois (Arbois-Rochebrune - Évasion Mont Blanc),45.820091012781,6.6418844461441,45.820091012781,6.6418844461441,45.820091012781,6.6418844461441,https://www.remontees-mecaniques.net/bdd/reportage-tkd-des-lanchettes-montagner-818.html,1673.0,0.06077348066298342,11,11,181,5467.188397790057,0.0,9776.099999999997,181,1,11,11.0
TKD du Grand Vorasset,Megève - Rochebrune-Mont d'Arbois (Arbois-Rochebrune - Évasion Mont Blanc),45.8582745361895,6.64395242929459,45.8582745361895,6.64395242929459,45.8582745361895,6.64395242929459,https://www.remontees-mecaniques.net/bdd/reportage-tkd-du-grand-vorasset-poma-3288.html,,0.06077348066298342,11,11,181,5467.188397790057,0.0,9776.099999999997,181,1,11,11.0
TSD4 de la Petite Fontaine,Megève - Rochebrune-Mont d'Arbois (Arbois-Rochebrune - Évasion Mont Blanc),45.8326566842092,6.63585484027863,45.8326566842092,6.63585484027863,45.8326566842092,6.63585484027863,https://www.remontees-mecaniques.net/bdd/reportage-tsd4-de-la-petite-fontaine-poma-3216.html,1631.0,0.06077348066298342,11,11,181,5467.188397790057,0.0,9776.099999999997,181,1,11,11.0
TSF4 des Têtes,Morzine - Le Pléney (Morzine-Les Gets - Les Portes du Soleil),46.1517189128226,6.70407950878143,46.1517189128226,6.70407950878143,46.1517189128226,6.70407950878143,https://www.remontees-mecaniques.net/bdd/reportage-tsf4-des-tetes-poma-5026.html,,0.09944751381215469,18,18,181,2190.2314917127087,0.0,3893.8999999999996,181,1,18,18.0
TSF4 du Haut Fleury,Praz-de-Lys (Praz-de-Lys - Sommand),46.147930109741594,6.5843188762664795,46.147930109741594,6.5843188762664795,46.147930109741594,6.5843188762664795,https://www.remontees-mecaniques.net/bdd/reportage-tsf4-du-haut-fleury-poma-5223.html,,0.09944751381215469,18,18,181,1543.8430939226537,0.0,2747.4,181,1,18,18.0
TSD6 du Crêt du Midi,Praz-sur-Arly (Espace Diamant),45.83322481056304,6.570940017700195,45.83322481056304,6.570940017700195,45.83322481056304,6.570940017700195,https://www.remontees-mecaniques.net/bdd/reportage-tsd6-du-cret-du-midi-poma-1743.html,1240.0,0.09944751381215469,18,18,181,1747.4265193370172,0.0,3136.1999999999994,181,1,18,18.0
TKD des Grands Bois,Saint-Gervais - Col de Voza (Les Houches - Saint-Gervais),45.8781724954771,6.77623361349106,45.8781724954771,6.77623361349106,45.8781724954771,6.77623361349106,https://www.remontees-mecaniques.net/bdd/reportage-tkd-des-grands-bois-gmm-764.html,,0.09944751381215469,18,11,181,2103.6685082872937,0.0,3745.7000000000003,181,1,18,18.0
TSF4 du Kandahar,Saint-Gervais - Col de Voza (Les Houches - Saint-Gervais),45.8840785059924,6.76169335842133,45.8840785059924,6.76169335842133,45.8840785059924,6.76169335842133,https://www.remontees-mecaniques.net/bdd/reportage-tsf4-du-kandahar-gmm-762.html,,0.09944751381215469,18,11,181,2103.6685082872937,0.0,3745.7000000000003,181,1,18,18.0
TCD8 Grand Massif Express,Samoëns (Le Grand Massif),46.0765426635135,6.72124028205872,46.0765426635135,6.72124028205872,46.0765426635135,6.72124028205872,https://www.remontees-mecaniques.net/bdd/reportage-tcd8-grand-massif-express-poma-263.html,,0.09944751381215469,18,18,181,2234.605524861879,0.0,4047.3999999999987,181,1,18,18.0
TKE du Polytre,Albiez,45.20874814317765,6.338456869125366,45.20874814317765,6.338456869125366,45.20874814317765,6.338456869125366,https://www.remontees-mecaniques.net/bdd/reportage-tke-du-polytre-poma-2756.html,1675.0,0.09944751381215469,18,18,181,1841.8469613259665,0.0,3268.9999999999995,181,1,18,18.0
TKD des Reys,Crest-Voland (Espace Diamant),45.7983565302544,6.51918143033981,45.7983565302544,6.51918143033981,45.7983565302544,6.51918143033981,https://www.remontees-mecaniques.net/bdd/reportage-tkd-des-reys-montaz-mautino-5149.html,,0.09944751381215469,18,18,181,1986.0414364640865,0.0,3563.1000000000013,181,1,18,18.0
TKD des Aollets,La Plagne (Paradiski),45.505632582729625,6.6853174567222595,45.505632582729625,6.6853174567222595,45.505632582729625,6.6853174567222595,https://www.remontees-mecaniques.net/bdd/reportage-tkd-des-aollets-montaz-mautino-5555.html,2109.0,0.06077348066298342,11,11,181,9235.23038674033,0.0,16571.700000000004,181,1,11,11.0
TSD6 de la Roche,La Plagne (Paradiski),45.5254853772288,6.67280226945877,45.5254853772288,6.67280226945877,45.5254853772288,6.67280226945877,https://www.remontees-mecaniques.net/bdd/reportage-tsd6-de-la-roche-leitner-1012.html,1418.0,0.06077348066298342,11,11,181,9235.23038674033,0.0,16571.700000000004,181,1,11,11.0
TSF4 Ecudets,La Rosière (Espace San Bernardo),45.6334074352483,6.82325273752213,45.6334074352483,6.82325273752213,45.6334074352483,6.82325273752213,https://www.remontees-mecaniques.net/bdd/reportage-tsf4-ecudets-montaz-mautino-4161.html,,0.06077348066298342,11,11,181,4957.753038674036,0.0,9088.399999999996,181,1,11,11.0
TSD4 de la Cachette,Les Arcs (Paradiski),45.5960551561617,6.79398447275162,45.5960551561617,6.79398447275162,45.5960551561617,6.79398447275162,https://www.remontees-mecaniques.net/bdd/reportage-tsd4-de-la-cachette-poma-38.html,1897.0,0.06077348066298342,11,11,181,7061.487292817676,0.0,12948.499999999995,181,1,11,11.0
TSD6 du Mont Blanc,Les Arcs (Paradiski),45.58685632678459,6.810606122016907,45.58685632678459,6.810606122016907,45.58685632678459,6.810606122016907,https://www.remontees-mecaniques.net/bdd/reportage-tsd6-du-mont-blanc-bartholet-8327.html,,0.06077348066298342,11,11,181,7061.487292817676,0.0,12948.499999999995,181,1,11,11.0
TSF3 des Combettes,Les Arcs (Paradiski),45.591836006783154,6.797364056110382,45.591836006783154,6.797364056110382,45.591836006783154,6.797364056110382,https://www.remontees-mecaniques.net/bdd/reportage-tsf3-des-combettes-poma-8447.html,,0.06077348066298342,11,11,181,7061.487292817676,0.0,12948.499999999995,181,1,11,11.0
TSF4 des Lanchettes,Les Arcs (Paradiski),45.570632232580216,6.8326592445373535,45.570632232580216,6.8326592445373535,45.570632232580216,6.8326592445373535,https://www.remontees-mecaniques.net/bdd/reportage-tsf4-des-lanchettes-poma-6281.html,2100.0,0.06077348066298342,11,11,181,7061.487292817676,0.0,12948.499999999995,181,1,11,11.0
TSD4 du Plan du Four,Les Karellis,45.227409,6.40443,45.227409,6.40443,45.227409,6.40443,https://www.remontees-mecaniques.net/bdd/reportage-tsd4-du-plan-du-four-gmm-52.html,1798.0,0.09944751381215469,18,11,181,2675.2359116022108,0.0,4993.400000000002,181,1,18,18.0
TSD6 Sunny Express,Les Menuires (Les 3 Vallées),45.313074430566,6.54428154230118,45.313074430566,6.54428154230118,45.313074430566,6.54428154230118,https://www.remontees-mecaniques.net/bdd/reportage-tsd6-sunny-express-poma-4367.html,,0.06077348066298342,11,11,181,4390.169060773477,0.0,8086.700000000001,181,1,11,11.0
TSD6 des Menuires,Les Menuires (Les 3 Vallées),45.3234910468956,6.53869986534119,45.3234910468956,6.53869986534119,45.3234910468956,6.53869986534119,https://www.remontees-mecaniques.net/bdd/reportage-tsd6-des-menuires-poma-173.html,1949.5,0.06077348066298342,11,11,181,4390.169060773477,0.0,8086.700000000001,181,1,11,11.0
TKD de l'Agneau,Margériaz (Les Aillons - Margériaz),45.6420004347871,6.0550332069397,45.6420004347871,6.0550332069397,45.6420004347871,6.0550332069397,https://www.remontees-mecaniques.net/bdd/reportage-tkd-de-l-agneau-montagner-5128.html,1652.0,0.11049723756906077,20,19,181,947.3193370165741,0.0,1868.8,181,1,20,20.0
TCD8 Pas du Lac 1 & 2,Méribel-Mottaret (Les 3 Vallées),45.372133131005,6.58003807067871,45.372133131005,6.58003807067871,45.372133131005,6.58003807067871,https://www.remontees-mecaniques.net/bdd/reportage-tcd8-pas-du-lac-1-2-poma-1981.html,1947.5,0.06077348066298342,11,11,181,2541.2580110497215,0.0,4652.299999999999,181,1,11,11.0
TCV2x10 Télébuffette,Montchavin - La Plagne (Paradiski),45.5542513187156,6.72841519117355,45.5542513187156,6.72841519117355,45.5542513187156,6.72841519117355,https://www.remontees-mecaniques.net/bdd/reportage-tcv2x10-telebuffette-leitner-2906.html,1424.5,0.06077348066298342,11,11,181,3327.0646408839802,0.0,6077.799999999999,181,1,11,11.0
TKD du Mont Rond,Notre-Dame-de-Bellecombe (Espace Diamant),45.802965883871,6.54938846826553,45.802965883871,6.54938846826553,45.802965883871,6.54938846826553,https://www.remontees-mecaniques.net/bdd/reportage-tkd-du-mont-rond-montaz-mautino-2682.html,,0.09944751381215469,18,18,181,2937.2419889502758,0.0,5266.0,181,1,18,18.0
TSF4 des Gueux,Notre-Dame-de-Bellecombe (Espace Diamant),45.7902625925247,6.56385898590088,45.7902625925247,6.56385898590088,45.7902625925247,6.56385898590088,https://www.remontees-mecaniques.net/bdd/reportage-tsf4-des-gueux-poma-3244.html,,0.09944751381215469,18,18,181,2937.2419889502758,0.0,5266.0,181,1,18,18.0
TSF4 du Parchey,Peisey-Vallandry (Paradiski),45.5470443073396,6.76688611507416,45.5470443073396,6.76688611507416,45.5470443073396,6.76688611507416,https://www.remontees-mecaniques.net/bdd/reportage-tsf4-du-parchey-skirail-3669.html,1708.5,0.06077348066298342,11,11,181,2844.5640883977894,0.0,5059.3,181,1,11,11.0
TKD du Poucet,Pralognan-la-Vanoise,45.383441268142484,6.714860647916794,45.383441268142484,6.714860647916794,45.383441268142484,6.714860647916794,https://www.remontees-mecaniques.net/bdd/reportage-tkd-du-poucet-montaz-mautino-8628.html,1446.5,0.06077348066298342,11,11,181,3082.1900552486168,0.0,5511.5999999999985,181,1,11,11.0
TSD6 Charvin Express,Saint-Jean-d'Arves (Les Sybelles),45.22555820118782,6.25445361879629,45.22555820118782,6.25445361879629,45.22555820118782,6.25445361879629,https://www.remontees-mecaniques.net/bdd/reportage-tsd6-charvin-express-leitner-6935.html,1738.0,0.09944751381215469,18,18,181,1052.4839779005536,0.0,1868.0000000000005,181,1,18,18.0
TSF4 du Rosset,Tignes (Espace Tignes-Val d'Isère),45.46771935556772,6.909633278846741,45.46771935556772,6.909633278846741,45.46771935556772,6.909633278846741,https://www.remontees-mecaniques.net/bdd/reportage-tsf4-du-rosset-skirail-ingelo-6179.html,2114.0,0.06077348066298342,11,11,181,7473.4497237569085,0.0,14787.700000000006,181,1,11,11.0
TKD des Tannes,Val Cenis (Haute Maurienne Vanoise),45.273633131786,6.81673765182495,45.273633131786,6.81673765182495,45.273633131786,6.81673765182495,https://www.remontees-mecaniques.net/bdd/reportage-tkd-des-tannes-montagner-4925.html,,0.06077348066298342,11,11,181,6264.916022099444,0.0,12745.899999999996,181,1,11,11.0
TKE de la Buffa,Val Cenis (Haute Maurienne Vanoise),45.2581721656896,6.90533101558685,45.2581721656896,6.90533101558685,45.2581721656896,6.90533101558685,https://www.remontees-mecaniques.net/bdd/reportage-tke-de-la-buffa-doppelmayr-3753.html,,0.06077348066298342,11,11,181,6264.916022099444,0.0,12745.899999999996,181,1,11,11.0
TSD6 des Arcellins,Val Cenis (Haute Maurienne Vanoise),45.26269196055863,6.913479566574097,45.26269196055863,6.913479566574097,45.26269196055863,6.913479566574097,https://www.remontees-mecaniques.net/bdd/reportage-tsd6-des-arcellins-leitner-6088.html,,0.06077348066298342,11,11,181,6264.916022099444,0.0,12745.899999999996,181,1,11,11.0
TCD8 de Caron,Val Thorens (Les 3 Vallées),45.29412270701145,6.564499138694375,45.29412270701145,6.564499138694375,45.29412270701145,6.564499138694375,https://www.remontees-mecaniques.net/bdd/reportage-tcd8-de-caron-doppelmayr-8589.html,2105.0,0.06077348066298342,11,11,181,4467.408839779006,0.0,8440.499999999998,181,1,11,11.0
TKD des Verneys,Valloire (Galibier Thabor),45.14793960457343,6.4178261160850525,45.14793960457343,6.4178261160850525,45.14793960457343,6.4178261160850525,https://www.remontees-mecaniques.net/bdd/reportage-tkd-des-verneys-montaz-mautino-9148.html,,0.06077348066298342,11,11,181,3330.625966850829,0.0,6269.500000000004,181,1,11,11.0
TSF4 de Moulin Benjamin,Valloire (Galibier Thabor),45.1590409385686,6.42159730195999,45.1590409385686,6.42159730195999,45.1590409385686,6.42159730195999,https://www.remontees-mecaniques.net/bdd/reportage-tsf4-de-moulin-benjamin-poma-166.html,1571.5,0.06077348066298342,11,11,181,3330.625966850829,0.0,6269.500000000004,181,1,11,11.0
TKD du Bois-Barlet,Col d'Ornon,45.03130285131463,5.980607271194458,45.03130285131463,5.980607271194458,45.03130285131463,5.980607271194458,https://www.remontees-mecaniques.net/bdd/reportage-tkd-du-bois-barlet-montaz-mautino-4826.html,1430.0,0.11602209944751381,21,20,181,356.71491712707194,0.0,675.3000000000002,181,1,21,21.0
TSD6 des Romains,L'Alpe d'Huez (Alpe d'Huez Grand Domaine Ski),45.09114896179211,6.076065379501091,45.09114896179211,6.076065379501091,45.09114896179211,6.076065379501091,https://www.remontees-mecaniques.net/bdd/reportage-tsd6-des-romains-poma-7292.html,1982.0,0.06077348066298342,11,11,181,5176.154143646405,0.0,9890.400000000003,181,1,11,11.0
TKE de l'Orée des Pistes,Les Deux Alpes,45.00860603190273,6.125834941994981,45.00860603190273,6.125834941994981,45.00860603190273,6.125834941994981,https://www.remontees-mecaniques.net/bdd/reportage-tke-de-l-oree-des-pistes-idm-axet-8720.html,1682.0,0.06077348066298342,11,11,181,6892.693922651938,0.0,13556.1,181,1,11,11.0
TKF de l'Ecureuil,Méaudre,45.12742605164253,5.520511865615846,45.12742605164253,5.520511865615846,45.12742605164253,5.520511865615846,https://www.remontees-mecaniques.net/bdd/reportage-tkf-de-l-ecureuil-duport-6920.html,1007.0,0.20441988950276244,37,36,181,354.89502762430965,0.0,612.6000000000003,181,1,37,37.0
TSF4 de Montfrais,Vaujany (Alpe d'Huez Grand Domaine Ski),45.1627837701695,6.10075414180756,45.1627837701695,6.10075414180756,45.1627837701695,6.10075414180756,https://www.remontees-mecaniques.net/bdd/reportage-tsf4-de-montfrais-poma-2831.html,1653.0,0.10497237569060773,19,19,181,1069.3552486187832,0.0,2021.1,181,1,19,19.0
TKF Bamby,Villard-de-Lans (Espace Villard-Corrençon),45.03881640432501,5.570288300514221,45.03881640432501,5.570288300514221,45.03881640432501,5.570288300514221,https://www.remontees-mecaniques.net/bdd/reportage-tkf-bamby-poma-5459.html,1526.5,0.10497237569060773,19,11,181,865.0441988950276,0.0,1604.0,181,1,19,19.0
TSF4 des Glovettes,Villard-de-Lans (Espace Villard-Corrençon),45.0496850483912,5.56305706501007,45.0496850483912,5.56305706501007,45.0496850483912,5.56305706501007,https://www.remontees-mecaniques.net/bdd/reportage-tsf4-des-glovettes-poma-2167.html,1376.5,0.10497237569060773,19,11,181,865.0441988950276,0.0,1604.0,181,1,19,19.0
TKE du Château 1 & 2,Ancelle,44.61616401899274,6.200441122055055,44.61616401899274,6.200441122055055,44.61616401899274,6.200441122055055,https://www.remontees-mecaniques.net/bdd/reportage-tke-du-chateau-1-2-poma-9075.html,,0.10497237569060773,19,11,181,651.3513812154695,0.0,1296.4000000000005,181,1,19,19.0
TKD de  Catinat & TKD du Clot,Arvieux (Queyras),44.78287071008271,6.745294332504273,44.78287071008271,6.745294332504273,44.78287071008271,6.745294332504273,https://www.remontees-mecaniques.net/bdd/reportage-tkd-de-catinat-tkd-du-clot-montaz-mautino-7401.html,,0.10497237569060773,19,18,181,517.6928176795582,0.0,1036.0,181,1,19,19.0
TKD du Grand Alpe et du Replat,Chantemerle (Serre Chevalier Vallée),44.91298432473318,6.562458872795105,44.91298432473318,6.562458872795105,44.91298432473318,6.562458872795105,https://www.remontees-mecaniques.net/bdd/reportage-tkd-du-grand-alpe-et-du-replat-poma-3085.html,,0.06077348066298342,11,11,181,2346.8254143646395,0.0,4622.800000000001,181,1,11,11.0
TKF de Pré Ratier I & II,Chantemerle (Serre Chevalier Vallée),44.92268988052231,6.570725440979005,44.92268988052231,6.570725440979005,44.92268988052231,6.570725440979005,https://www.remontees-mecaniques.net/bdd/reportage-tkf-de-pre-ratier-i-ii-poma-7257.html,,0.06077348066298342,11,11,181,2346.8254143646395,0.0,4622.800000000001,181,1,11,11.0
TKD du Loup,Le Dévoluy,44.677945684890275,5.892341136932374,44.677945684890275,5.892341136932374,44.677945684890275,5.892341136932374,https://www.remontees-mecaniques.net/bdd/reportage-tkd-du-loup-gmm-7310.html,1675.0,0.06077348066298342,11,11,181,2744.439779005526,0.0,5644.000000000001,181,1,11,11.0
TSF4 du Génépy,Le Dévoluy,44.65684015215664,5.889905691146851,44.65684015215664,5.889905691146851,44.65684015215664,5.889905691146851,https://www.remontees-mecaniques.net/bdd/reportage-tsf4-du-genepy-gmm-7335.html,2091.5,0.06077348066298342,11,11,181,2744.439779005526,0.0,5644.000000000001,181,1,11,11.0
TSF3 de l'Yret,Le Monêtier-les-Bains (Serre Chevalier Vallée),44.9481710292452,6.49910777807236,44.9481710292452,6.49910777807236,44.9481710292452,6.49910777807236,https://www.remontees-mecaniques.net/bdd/reportage-tsf3-de-l-yret-skirail-530.html,2445.0,0.06077348066298342,11,11,181,1997.7591160220986,0.0,3990.999999999999,181,1,11,11.0
TKD de l'Alpet,Montgenèvre (Vialattea),44.9416309337835,6.72379374504089,44.9416309337835,6.72379374504089,44.9416309337835,6.72379374504089,https://www.remontees-mecaniques.net/bdd/reportage-tkd-de-l-alpet-montagner-poma-3088.html,2285.0,0.06077348066298342,11,11,181,3311.890055248619,0.0,7186.3,181,1,11,11.0
TKE du Clot,Montgenèvre (Vialattea),44.929640406046616,6.721047163009644,44.929640406046616,6.721047163009644,44.929640406046616,6.721047163009644,https://www.remontees-mecaniques.net/bdd/reportage-tke-du-clot-poma-4567.html,1864.0,0.06077348066298342,11,11,181,3311.890055248619,0.0,7186.3,181,1,11,11.0
TKD Schusseis 1 & 2,Orcières Merlette,44.7075842211316,6.31808280944824,44.7075842211316,6.31808280944824,44.7075842211316,6.31808280944824,https://www.remontees-mecaniques.net/bdd/reportage-tkd-schusseis-1-2-montaz-mautino-4197.html,2107.0,0.06077348066298342,11,11,181,2970.6828729281756,0.0,5940.4000000000015,181,1,11,11.0
TSD6 des Estaris,Orcières Merlette,44.7182983337175,6.33285105228424,44.7182983337175,6.33285105228424,44.7182983337175,6.33285105228424,https://www.remontees-mecaniques.net/bdd/reportage-tsd6-des-estaris-poma-5083.html,2286.0,0.06077348066298342,11,11,181,2970.6828729281756,0.0,5940.4000000000015,181,1,11,11.0
TSF4 de la Crête,Pelvoux-Vallouise,44.86226198105936,6.469123548273545,44.86226198105936,6.469123548273545,44.86226198105936,6.469123548273545,https://www.remontees-mecaniques.net/bdd/reportage-tsf4-de-la-crete-gmm-7394.html,2025.0,0.09944751381215469,18,11,181,1040.562430939226,0.0,2071.2,181,1,18,18.0
TKD de Font Garnière,Réallon,44.5795422013237,6.35246604681015,44.5795422013237,6.35246604681015,44.5795422013237,6.35246604681015,https://www.remontees-mecaniques.net/bdd/reportage-tkd-de-font-garniere-poma-4154.html,1808.0,0.06077348066298342,11,11,181,775.4436464088398,0.0,1538.4,181,1,11,11.0
TSD6 Peyrefolle,Risoul (La Forêt Blanche),44.610991572723,6.6343367099762,44.610991572723,6.6343367099762,44.610991572723,6.6343367099762,https://www.remontees-mecaniques.net/bdd/reportage-tsd6-peyrefolle-leitner-507.html,,0.06077348066298342,11,11,181,2167.664088397791,0.0,4384.799999999999,181,1,11,11.0
TSF4 du Clos Chardon,Risoul (La Forêt Blanche),44.5899629084977,6.63341134786606,44.5899629084977,6.63341134786606,44.5899629084977,6.63341134786606,https://www.remontees-mecaniques.net/bdd/reportage-tsf4-du-clos-chardon-poma-2578.html,2353.5,0.06077348066298342,11,11,181,2167.664088397791,0.0,4384.799999999999,181,1,11,11.0
TKD de Tanchit,Saint-Léger-les-Mélèzes (Champsaur 3Gliss),44.64265865743126,6.223288178443909,44.64265865743126,6.223288178443909,44.64265865743126,6.223288178443909,https://www.remontees-mecaniques.net/bdd/reportage-tkd-de-tanchit-poma-2290.html,1742.0,0.10497237569060773,19,11,181,692.4845303867406,0.0,1449.5999999999997,181,1,19,19.0
TKD du Champet,Saint-Léger-les-Mélèzes (Champsaur 3Gliss),44.649642980794326,6.226844787597656,44.649642980794326,6.226844787597656,44.649642980794326,6.226844787597656,https://www.remontees-mecaniques.net/bdd/reportage-tkd-du-champet-poma-2761.html,,0.10497237569060773,19,11,181,692.4845303867406,0.0,1449.5999999999997,181,1,19,19.0
TKD de Sainte-Marie-Madeleine,Saint-Véran (Beauregard - Queyras),44.70763378394853,6.870802938938141,44.70763378394853,6.870802938938141,44.70763378394853,6.870802938938141,https://www.remontees-mecaniques.net/bdd/reportage-tkd-de-sainte-marie-madeleine-poma-7807.html,,0.06077348066298342,11,11,181,686.0745856353593,0.0,1753.099999999999,181,1,11,11.0
TSF4 de Peynier,Vars (La Forêt Blanche),44.578187678076226,6.684043407440186,44.578187678076226,6.684043407440186,44.578187678076226,6.684043407440186,https://www.remontees-mecaniques.net/bdd/reportage-tsf4-de-peynier-ccm-finotello-8768.html,2024.0,0.06077348066298342,11,11,181,2011.5569060773473,0.0,4120.099999999999,181,1,11,11.0
TKD de Méa,Villeneuve (Serre Chevalier Vallée),44.9220099752216,6.52823656797409,44.9220099752216,6.52823656797409,44.9220099752216,6.52823656797409,https://www.remontees-mecaniques.net/bdd/reportage-tkd-de-mea-poma-1533.html,2367.5,0.06077348066298342,11,11,181,3559.918232044199,0.0,7048.199999999999,181,1,11,11.0
TKE de l'Alpage,Villeneuve (Serre Chevalier Vallée),44.9187698690384,6.55394285917282,44.9187698690384,6.55394285917282,44.9187698690384,6.55394285917282,https://www.remontees-mecaniques.net/bdd/reportage-tke-de-l-alpage-doppelmayr-2296.html,2263.0,0.06077348066298342,11,11,181,3559.918232044199,0.0,7048.199999999999,181,1,11,11.0
TSF4 des Abris,Auron,44.20453907778724,6.909976601600647,44.20453907778724,6.909976601600647,44.20453907778724,6.909976601600647,https://www.remontees-mecaniques.net/bdd/reportage-tsf4-des-abris-poma-6407.html,2155.0,0.06077348066298342,11,11,181,1322.8812154696138,0.0,3207.099999999999,181,1,11,11.0
TKD de Fontfroide,Chabanon,44.346244539504234,6.297585368156433,44.346244539504234,6.297585368156433,44.346244539504234,6.297585368156433,https://www.remontees-mecaniques.net/bdd/reportage-tkd-de-fontfroide-poma-7255.html,1712.0,0.10497237569060773,19,11,181,712.0662983425422,0.0,1618.5000000000005,181,1,19,19.0
TSF2 des Monges,Chabanon,44.34565703376868,6.287412752826867,44.34565703376868,6.287412752826867,44.34565703376868,6.287412752826867,https://www.remontees-mecaniques.net/bdd/reportage-tsf2-des-monges-ccm-finotello-7244.html,1766.0,0.10497237569060773,19,11,181,712.0662983425422,0.0,1618.5000000000005,181,1,19,19.0
TKD du Dôme,Le Sauze,44.3531513003364,6.716173589229584,44.3531513003364,6.716173589229584,44.3531513003364,6.716173589229584,https://www.remontees-mecaniques.net/bdd/reportage-tkd-du-dome-poma-6431.html,2174.5,0.06077348066298342,11,11,181,1838.3944751381216,0.0,4060.0000000000005,181,1,11,11.0
TKF de la Barrière,Montclar,44.39652003194986,6.376855373382568,44.39652003194986,6.376855373382568,44.39652003194986,6.376855373382568,https://www.remontees-mecaniques.net/bdd/reportage-tkf-de-la-barriere-poma-7363.html,1954.5,0.06077348066298342,11,11,181,857.4176795580115,0.0,1795.0000000000007,181,1,11,11.0
TSD6 du Belvédère,Montclar,44.409832654275675,6.351990302544729,44.409832654275675,6.351990302544729,44.409832654275675,6.351990302544729,https://www.remontees-mecaniques.net/bdd/reportage-tsd6-du-belvedere-poma-7541.html,1642.5,0.06077348066298342,11,11,181,857.4176795580115,0.0,1795.0000000000007,181,1,11,11.0
TKD de la Cote 2000,Sainte-Anne-la-Condamine,44.4675896914627,6.71949684619904,44.4675896914627,6.71949684619904,44.4675896914627,6.71949684619904,https://www.remontees-mecaniques.net/bdd/reportage-tkd-de-la-cote-2000-montaz-mautino-4163.html,,0.06077348066298342,11,11,181,898.3977900552479,0.0,1940.8999999999999,181,1,11,11.0
TKD de l'Uvernage,Sainte-Anne-la-Condamine,44.45694221865805,6.6970038414001465,44.45694221865805,6.6970038414001465,44.45694221865805,6.6970038414001465,https://www.remontees-mecaniques.net/bdd/reportage-tkd-de-l-uvernage-poma-7223.html,2188.5,0.06077348066298342,11,11,181,898.3977900552479,0.0,1940.8999999999999,181,1,11,11.0
TKD des Plaines,Val d'Allos - La Foux (La Foux-Pra Loup - Espace Lumière),44.2841315544472,6.56655460596085,44.2841315544472,6.56655460596085,44.2841315544472,6.56655460596085,https://www.remontees-mecaniques.net/bdd/reportage-tkd-des-plaines-poma-4461.html,,0.10497237569060773,19,11,181,555.1204419889506,0.0,1268.8999999999999,181,1,19,19.0
TKF des Cinivières I & II,Valberg,44.07324190825209,6.94123238325119,44.07324190825209,6.94123238325119,44.07324190825209,6.94123238325119,https://www.remontees-mecaniques.net/bdd/reportage-tkf-des-cinivieres-i-ii-poma-7130.html,1843.5,0.06077348066298342,11,11,181,810.5933701657453,0.0,1789.3,181,1,11,11.0
TKD de la Lisière,Ax 3 Domaines,42.69960895654233,1.8140101432800293,42.69960895654233,1.8140101432800293,42.69960895654233,1.8140101432800293,https://www.remontees-mecaniques.net/bdd/reportage-tkd-de-la-lisiere-poma-6218.html,1428.0,0.06077348066298342,11,11,181,2285.327624309392,0.0,4450.100000000001,181,1,11,11.0
TSD6 de Caoubère,Barèges (Grand Tourmalet),42.90356672889447,0.10364189743995667,42.90356672889447,0.10364189743995667,42.90356672889447,0.10364189743995667,https://www.remontees-mecaniques.net/bdd/reportage-tsd6-de-caoubere-poma-1822.html,,0.11049723756906077,20,12,181,1276.030939226519,0.0,2648.0,181,1,20,20.0
TKD du Bois d'Eyne,Cambre d'Aze,42.466533361306396,2.10463285446167,42.466533361306396,2.10463285446167,42.466533361306396,2.10463285446167,https://www.remontees-mecaniques.net/bdd/reportage-tkd-du-bois-d-eyne-poma-848.html,,0.06629834254143646,12,12,181,645.9911602209953,0.0,1538.1000000000001,181,1,12,12.0
TKD des Pins,Camurac,42.77506225045708,1.9266736507415774,42.77506225045708,1.9266736507415774,42.77506225045708,1.9266736507415774,https://www.remontees-mecaniques.net/bdd/reportage-tkd-des-pins-montaz-mautino-919.html,1605.0,0.19889502762430938,36,21,181,352.11933701657483,0.0,640.3999999999999,181,1,36,36.0
TSF4 du Col del Pam,Font-Romeu - Pyrénées 2000,42.5339550608111,2.04136222600937,42.5339550608111,2.04136222600937,42.5339550608111,2.04136222600937,https://www.remontees-mecaniques.net/bdd/reportage-tsf4-du-col-del-pam-poma-623.html,2064.5,0.06629834254143646,12,12,181,1664.8530386740333,0.0,3780.600000000001,181,1,12,12.0
TKD Col de la Trappe,Guzet,42.7955148063942,1.31107449531555,42.7955148063942,1.31107449531555,42.7955148063942,1.31107449531555,https://www.remontees-mecaniques.net/bdd/reportage-tkd-col-de-la-trappe-poma-3440.html,,0.11602209944751381,21,12,181,1174.7005524861893,0.0,2450.1,181,1,21,21.0
TSF3 Freychet,Guzet,42.7649476483242,1.30585223436356,42.7649476483242,1.30585223436356,42.7649476483242,1.30585223436356,https://www.remontees-mecaniques.net/bdd/reportage-tsf3-freychet-poma-3483.html,,0.11602209944751381,21,12,181,1174.7005524861893,0.0,2450.1,181,1,21,21.0
TSF4 Muscadet,Guzet,42.7787241285318,1.30157679319382,42.7787241285318,1.30157679319382,42.7787241285318,1.30157679319382,https://www.remontees-mecaniques.net/bdd/reportage-tsf4-muscadet-poma-3878.html,,0.11602209944751381,21,12,181,1174.7005524861893,0.0,2450.1,181,1,21,21.0
TPH45 du Pic du Midi de Bigorre II,La Mongie (Grand Tourmalet),42.9205552817501,0.164178013801575,42.9205552817501,0.164178013801575,42.9205552817501,0.164178013801575,https://www.remontees-mecaniques.net/bdd/reportage-tph45-du-pic-du-midi-de-bigorre-ii-reel-garaventa-1799.html,2341.0,0.06629834254143646,12,11,181,2534.767955801105,0.0,5395.5,181,1,12,12.0
TSD6 de l'Espade,La Mongie (Grand Tourmalet),42.906160104089,0.16280472278595,42.906160104089,0.16280472278595,42.906160104089,0.16280472278595,https://www.remontees-mecaniques.net/bdd/reportage-tsd6-de-l-espade-poma-1832.html,,0.06629834254143646,12,11,181,2534.767955801105,0.0,5395.5,181,1,12,12.0
TKF des Aviateurs,La Quillane,42.541710199211614,2.117692530155182,42.541710199211614,2.117692530155182,42.541710199211614,2.117692530155182,https://www.remontees-mecaniques.net/bdd/reportage-tkf-des-aviateurs-poma-5664.html,1727.5,0.20441988950276244,37,36,181,142.9226519337016,0.0,296.7999999999999,181,1,37,37.0
TKD Planas,Les Monts d'Olmes,42.84488605831358,1.7492374777793884,42.84488605831358,1.7492374777793884,42.84488605831358,1.7492374777793884,https://www.remontees-mecaniques.net/bdd/reportage-tkd-planas-montaz-mautino-3543.html,,0.19889502762430938,36,21,181,408.23149171270677,0.0,669.2000000000002,181,1,36,36.0
TSF4 des Crabioules,Luchon - Superbagnères,42.7651996966303,0.585314333438873,42.7651996966303,0.585314333438873,42.7651996966303,0.585314333438873,https://www.remontees-mecaniques.net/bdd/reportage-tsf4-des-crabioules-skirail-458.html,,0.06629834254143646,12,11,181,1490.0850828729276,0.0,2979.0999999999985,181,1,12,12.0
TKF Baby de la Vignole,Porté-Puymorens,42.555789123696115,1.8055102229118347,42.555789123696115,1.8055102229118347,42.555789123696115,1.8055102229118347,https://www.remontees-mecaniques.net/bdd/reportage-tkf-baby-de-la-vignole-poma-8356.html,1860.5,0.10497237569060773,19,12,181,838.6022099447518,0.0,1828.7000000000003,181,1,19,19.0
TSF2 du Planeil,Porté-Puymorens,42.5555658616756,1.80487185716629,42.5555658616756,1.80487185716629,42.5555658616756,1.80487185716629,https://www.remontees-mecaniques.net/bdd/reportage-tsf2-du-planeil-poma-257.html,1969.0,0.10497237569060773,19,12,181,838.6022099447518,0.0,1828.7000000000003,181,1,19,19.0
TKD de la Ludette,Saint-Lary-Soulan,42.8129876272336,0.290300846099854,42.8129876272336,0.290300846099854,42.8129876272336,0.290300846099854,https://www.remontees-mecaniques.net/bdd/reportage-tkd-de-la-ludette-gmm-2786.html,,0.06629834254143646,12,11,181,4065.829281767956,0.0,8548.599999999999,181,1,12,12.0
TKD du Chalet 1 & 2,Les Estables,44.9056366417179,4.156911671161652,44.9056366417179,4.156911671161652,44.9056366417179,4.156911671161652,https://www.remontees-mecaniques.net/bdd/reportage-tkd-du-chalet-1-2-poma-gmm-3152.html,,0.26519337016574585,48,38,181,164.75138121546976,0.0,339.2,181,1,48,48.0
TKD de la Biche,Super-Besse (Le Sancy),45.5087398015242,2.8524112701416,45.5087398015242,2.8524112701416,45.5087398015242,2.8524112701416,https://www.remontees-mecaniques.net/bdd/reportage-tkd-de-la-biche-montaz-mautino-2276.html,1420.5,0.11049723756906077,20,19,181,673.334254143646,0.0,1377.0000000000002,181,1,20,20.0
TKF Baby des Rangs,Les Fourgs,46.83384035369809,6.42126202583313,46.83384035369809,6.42126202583313,46.83384035369809,6.42126202583313,https://www.remontees-mecaniques.net/bdd/reportage-tkf-baby-des-rangs-poma-8977.html,1127.5,0.11049723756906077,20,20,181,439.69613259668506,0.0,730.0,181,1,20,20.0
TKD de la Meuse,Les Fourgs,46.82952439380767,6.4044928550720215,46.82952439380767,6.4044928550720215,46.82952439380767,6.4044928550720215,https://www.remontees-mecaniques.net/bdd/reportage-tkd-de-la-meuse-poma-9008.html,1141.5,0.11049723756906077,20,20,181,439.69613259668506,0.0,730.0,181,1,20,20.0
TKD des Myrtilles,Mijoux - La Faucille (Monts Jura),46.3666295963388,6.01274952292442,46.3666295963388,6.01274952292442,46.3666295963388,6.01274952292442,https://www.remontees-mecaniques.net/bdd/reportage-tkd-des-myrtilles-poma-1658.html,,0.11049723756906077,20,20,181,551.8839779005536,0.0,998.6,181,1,20,20.0
TKD du Goulet 1,La Bresse - Hohneck,48.0387037051188,6.99941217899323,48.0387037051188,6.99941217899323,48.0387037051188,6.99941217899323,https://www.remontees-mecaniques.net/bdd/reportage-tkd-du-goulet-1-poma-2344.html,,0.10497237569060773,19,18,181,656.2386740331492,0.0,1051.9999999999995,181,1,19,19.0
TSD6 du Grand Haut,Gérardmer,48.0585026667496,6.895095705986023,48.0585026667496,6.895095705986023,48.0585026667496,6.895095705986023,https://www.remontees-mecaniques.net/bdd/reportage-tsd6-du-grand-haut-doppelmayr-7629.html,,0.10497237569060773,19,19,181,398.1005524861875,0.0,634.9000000000001,181,1,19,19.0
TSF4 de la Grande Découverte,Carmaux - Cap' Découverte,44.0195959026385,2.14369654655456,44.0195959026385,2.14369654655456,44.0195959026385,2.14369654655456,https://www.remontees-mecaniques.net/bdd/reportage-tsf4-de-la-grande-decouverte-poma-2139.html,213.0,1.0,181,181,181,0.5906077348066308,0.0,1.2000000000000002,181,1,181,181.0
TSD6 du Tour,Avoriaz (Morzine-Avoriaz - Les Portes du Soleil),46.1881052632175,6.78036689758301,46.1881052632175,6.78036689758301,46.1881052632175,6.78036689758301,https://www.remontees-mecaniques.net/bdd/reportage-tsd6-du-tour-poma-2895.html,1813.0,0.06077348066298342,11,10,181,6126.023756906075,0.0,10831.700000000004,181,1,11,11.0
TSD6 des Prolays,Avoriaz (Morzine-Avoriaz - Les Portes du Soleil),46.20598034374851,6.777244806289673,46.20598034374851,6.777244806289673,46.20598034374851,6.777244806289673,https://www.remontees-mecaniques.net/bdd/reportage-tsd6-des-prolays-poma-5470.html,1703.0,0.06077348066298342,11,10,181,6126.023756906075,0.0,10831.700000000004,181,1,11,11.0
TSD6 de Séraussaix,Avoriaz (Morzine-Avoriaz - Les Portes du Soleil),46.195548969089344,6.7515720427036285,46.195548969089344,6.7515720427036285,46.195548969089344,6.7515720427036285,https://www.remontees-mecaniques.net/bdd/reportage-tsd6-de-seraussaix-poma-5416.html,1704.5,0.06077348066298342,11,10,181,6126.023756906075,0.0,10831.700000000004,181,1,11,11.0
TPHP 3x4  Panoramic Mont-Blanc,Chamonix-Mont-Blanc - Aiguille du Midi (Vallée de Chamonix),45.8787233513313,6.88837945461273,45.8787233513313,6.88837945461273,45.8787233513313,6.88837945461273,https://www.remontees-mecaniques.net/bdd/reportage-tphp-3x4-panoramic-mont-blanc-funivie-d-italia-lora-totino-agudio-2451.html,,0.09944751381215469,18,18,181,649.183977900553,0.0,1175.8000000000002,181,1,18,18.0
TSD6 de l'Index,Chamonix-Mont-Blanc - Brévent-Flégère (Vallée de Chamonix),45.9600406416064,6.88577771186829,45.9600406416064,6.88577771186829,45.9600406416064,6.88577771186829,https://www.remontees-mecaniques.net/bdd/reportage-tsd6-de-l-index-poma-4857.html,2148.5,0.06077348066298342,11,11,181,4290.926519337017,0.0,7791.7999999999965,181,1,11,11.0
TCD10 Charamillon,Chamonix-Mont-Blanc - Le Tour (Balme - Vallée de Chamonix),46.00407844042332,6.947363239252265,46.00407844042332,6.947363239252265,46.00407844042332,6.947363239252265,https://www.remontees-mecaniques.net/bdd/reportage-tcd10-charamillon-doppelmayr-8346.html,1489.0,0.09944751381215469,18,11,181,2904.868508287292,0.0,5242.700000000003,181,1,18,18.0
TKD de la Vormaine 2,Chamonix-Mont-Blanc - Le Tour (Balme - Vallée de Chamonix),46.00226996582844,6.947833299636841,46.00226996582844,6.947833299636841,46.00226996582844,6.947833299636841,https://www.remontees-mecaniques.net/bdd/reportage-tkd-de-la-vormaine-2-montaz-mautino-5915.html,1535.0,0.09944751381215469,18,11,181,2904.868508287292,0.0,5242.700000000003,181,1,18,18.0
TKD de  Chermillon,Châtel (Les Portes du Soleil),46.269982496240424,6.863180100917816,46.269982496240424,6.863180100917816,46.269982496240424,6.863180100917816,https://www.remontees-mecaniques.net/bdd/reportage-tkd-de-chermillon-poma-6500.html,1692.0,0.06077348066298342,11,11,181,4526.320441988953,0.0,8116.599999999998,181,1,11,11.0
TSD6 de l'Écho Alpin,Châtel (Les Portes du Soleil),46.2439168314698,6.8192857503891,46.2439168314698,6.8192857503891,46.2439168314698,6.8192857503891,https://www.remontees-mecaniques.net/bdd/reportage-tsd6-de-l-echo-alpin-poma-4697.html,1809.5,0.06077348066298342,11,11,181,4526.320441988953,0.0,8116.599999999998,181,1,11,11.0
TSF2 des Lindars Nord,Flaine (Le Grand Massif),45.98563892006,6.70654982328415,45.98563892006,6.70654982328415,45.98563892006,6.70654982328415,https://www.remontees-mecaniques.net/bdd/reportage-tsf2-des-lindars-nord-poma-3431.html,2323.0,0.06077348066298342,11,11,181,5728.5414364640865,0.0,10381.499999999996,181,1,11,11.0
TCD16 du Fernuy,La Clusaz (La Clusaz-Manigod - Les Aravis),45.9100757832034,6.46702855825424,45.9100757832034,6.46702855825424,45.9100757832034,6.46702855825424,https://www.remontees-mecaniques.net/bdd/reportage-tcd16-du-fernuy-poma-3676.html,,0.09944751381215469,18,11,181,5542.509392265194,0.0,9935.999999999996,181,1,18,18.0
TKD de la Savatte,Le Bouchet-Mont-Charvin,45.80518534328075,6.377370357513429,45.80518534328075,6.377370357513429,45.80518534328075,6.377370357513429,https://www.remontees-mecaniques.net/bdd/reportage-tkd-de-la-savatte-duport-6816.html,1152.0,-1.0,0,0,0,0.0,0.0,0.0,0,0,0,0.0
TSCD6-10 du Belvédère,Le Semnoz,45.80293109932642,6.097270448604567,45.80293109932642,6.097270448604567,45.80293109932642,6.097270448604567,https://www.remontees-mecaniques.net/bdd/reportage-tscd6-10-du-belvedere-poma-7457.html,1588.0,0.10497237569060773,19,19,181,750.4270718232053,0.0,1332.1000000000004,181,1,19,19.0
TKD Véleray,Les Contamines-Montjoie (Les Contamines - Hauteluce - Évasion Mont Blanc),45.8049647101619,6.68524503707886,45.8049647101619,6.68524503707886,45.8049647101619,6.68524503707886,https://www.remontees-mecaniques.net/bdd/reportage-tkd-veleray-poma-804.html,1970.0,0.06077348066298342,11,11,181,5286.2790055248615,0.0,9461.0,181,1,11,11.0
TKD de la  Mouille au Roy,Les Gets (Morzine-Les Gets - Les Portes du Soleil),46.1503085943304,6.68756246566772,46.1503085943304,6.68756246566772,46.1503085943304,6.68756246566772,https://www.remontees-mecaniques.net/bdd/reportage-tkd-de-la-mouille-au-roy-montaz-mautino-4994.html,,0.09944751381215469,18,11,181,4687.4983425414375,0.0,8348.4,181,1,18,18.0
TKD des Mouilles,Mont-Saxonnex,46.04965731569263,6.493649482727052,46.04965731569263,6.493649482727052,46.04965731569263,6.493649482727052,https://www.remontees-mecaniques.net/bdd/reportage-tkd-des-mouilles-montaz-mautino-6634.html,1133.5,0.11049723756906077,20,19,181,642.4408839779004,0.0,1149.7,181,1,20,20.0
TSD6 Les Troncs Express,Morzine - Le Pléney (Morzine-Les Gets - Les Portes du Soleil),46.1521258359463,6.70456767082214,46.1521258359463,6.70456767082214,46.1521258359463,6.70456767082214,https://www.remontees-mecaniques.net/bdd/reportage-tsd6-les-troncs-express-poma-4656.html,1456.5,0.09944751381215469,18,18,181,2190.2314917127087,0.0,3893.8999999999996,181,1,18,18.0
TSF3 du Graydon,Saint-Jean-d'Aulps (Roc d'Enfer - Les Portes du Soleil),46.2034112051824,6.62406384944916,46.2034112051824,6.62406384944916,46.2034112051824,6.62406384944916,https://www.remontees-mecaniques.net/bdd/reportage-tsf3-du-graydon-poma-3183.html,1660.0,0.09944751381215469,18,11,181,1759.3674033149182,0.0,3179.9000000000015,181,1,18,18.0
TSF4 des Têtes,Saint-Jean-d'Aulps (Roc d'Enfer - Les Portes du Soleil),46.21398771137618,6.632904410362244,46.21398771137618,6.632904410362244,46.21398771137618,6.632904410362244,https://www.remontees-mecaniques.net/bdd/reportage-tsf4-des-tetes-poma-6075.html,1616.0,0.09944751381215469,18,11,181,1759.3674033149182,0.0,3179.9000000000015,181,1,18,18.0
TCD8 de Vallorcine,Vallorcine (Balme - Vallée de Chamonix),46.033494,6.933181,46.033494,6.933181,46.033494,6.933181,https://www.remontees-mecaniques.net/bdd/reportage-tcd8-de-vallorcine-poma-126.html,1293.0,0.09944751381215469,18,18,181,1220.0165745856348,0.0,2218.5,181,1,18,18.0
TKD des Grangettes,Arêches-Beaufort,45.6542837723198,6.56831413507462,45.6542837723198,6.56831413507462,45.6542837723198,6.56831413507462,https://www.remontees-mecaniques.net/bdd/reportage-tkd-des-grangettes-montagner-2954.html,2008.5,0.09944751381215469,18,11,181,3226.280662983425,0.0,5930.900000000002,181,1,18,18.0
TKF de Praz Carraz,Aussois (Haute Maurienne Vanoise),45.23146140693397,6.737896800041199,45.23146140693397,6.737896800041199,45.23146140693397,6.737896800041199,https://www.remontees-mecaniques.net/bdd/reportage-tkf-de-praz-carraz-poma-5436.html,1484.5,0.09944751381215469,18,11,181,1851.2607734806618,0.0,3602.6000000000013,181,1,18,18.0
TCD10 du Praz,Courchevel (Les 3 Vallées),45.431640320443066,6.619187593460084,45.431640320443066,6.619187593460084,45.431640320443066,6.619187593460084,https://www.remontees-mecaniques.net/bdd/reportage-tcd10-du-praz-poma-7423.html,1496.0,0.06077348066298342,11,11,181,7231.286740331488,0.0,13007.500000000005,181,1,11,11.0
TCD10 des Glaciers,La Plagne (Paradiski),45.493616074627234,6.73586368560791,45.493616074627234,6.73586368560791,45.493616074627234,6.73586368560791,https://www.remontees-mecaniques.net/bdd/reportage-tcd10-des-glaciers-poma-ingelo-8802.html,,0.06077348066298342,11,11,181,9235.23038674033,0.0,16571.700000000004,181,1,11,11.0
TKD de la Poletta,La Rosière (Espace San Bernardo),45.6314906152794,6.85214817523956,45.6314906152794,6.85214817523956,45.6314906152794,6.85214817523956,https://www.remontees-mecaniques.net/bdd/reportage-tkd-de-la-poletta-montaz-mautino-4247.html,,0.06077348066298342,11,11,181,4957.753038674036,0.0,9088.399999999996,181,1,11,11.0
TSD6 des Moulins Express,La Rosière (Espace San Bernardo),45.64446819368623,6.883342266082765,45.64446819368623,6.883342266082765,45.64446819368623,6.883342266082765,https://www.remontees-mecaniques.net/bdd/reportage-tsd6-des-moulins-express-bartholet-6829.html,,0.06077348066298342,11,11,181,4957.753038674036,0.0,9088.399999999996,181,1,11,11.0
TSD6 Gaston Express,Le Corbier (Les Sybelles),45.23916936248355,6.23078230474799,45.23916936248355,6.23078230474799,45.23916936248355,6.23078230474799,https://www.remontees-mecaniques.net/bdd/reportage-tsd6-gaston-express-bartholet-mnd-ropeways-7974.html,2180.0,0.09944751381215469,18,18,181,2107.645856353591,0.0,3837.6000000000004,181,1,18,18.0
TKD des Bruyères,Le Désert d'Entremont (Les Entremonts en Chartreuse),45.45979952534745,5.857397317886353,45.45979952534745,5.857397317886353,45.45979952534745,5.857397317886353,https://www.remontees-mecaniques.net/bdd/reportage-tkd-des-bruyeres-montagner-7220.html,1313.0,0.281767955801105,51,42,181,119.3955801104974,0.0,222.39999999999998,181,1,51,51.0
TKD du Plan,Le Granier (Les Entremonts en Chartreuse),45.46294515070383,5.900065898895265,45.46294515070383,5.900065898895265,45.46294515070383,5.900065898895265,https://www.remontees-mecaniques.net/bdd/reportage-tkd-du-plan-montagner-7147.html,1035.5,0.20441988950276244,37,37,181,238.7911602209948,0.0,444.79999999999995,181,1,37,37.0
TKE de  Vezaille,Les Arcs (Paradiski),45.58838612848952,6.797624230384827,45.58838612848952,6.797624230384827,45.58838612848952,6.797624230384827,https://www.remontees-mecaniques.net/bdd/reportage-tke-de-vezaille-poma-8443.html,,0.06077348066298342,11,11,181,7061.487292817676,0.0,12948.499999999995,181,1,11,11.0
TKD de la Plagne,Les Karellis,45.207287397438876,6.392396092414856,45.207287397438876,6.392396092414856,45.207287397438876,6.392396092414856,https://www.remontees-mecaniques.net/bdd/reportage-tkd-de-la-plagne-montaz-mautino-6746.html,2293.5,0.09944751381215469,18,11,181,2675.2359116022108,0.0,4993.400000000002,181,1,18,18.0
TKD d'Albanne,Les Karellis,45.21133317435848,6.414873003959656,45.21133317435848,6.414873003959656,45.21133317435848,6.414873003959656,https://www.remontees-mecaniques.net/bdd/reportage-tkd-d-albanne-gmm-6755.html,1703.5,0.09944751381215469,18,11,181,2675.2359116022108,0.0,4993.400000000002,181,1,18,18.0
TCD10 de la Pointe de la Masse,Les Menuires (Les 3 Vallées),45.318500815664066,6.535513401031495,45.318500815664066,6.535513401031495,45.318500815664066,6.535513401031495,https://www.remontees-mecaniques.net/bdd/reportage-tcd10-de-la-pointe-de-la-masse-leitner-9086.html,2257.5,0.06077348066298342,11,11,181,4390.169060773477,0.0,8086.700000000001,181,1,11,11.0
TKD des Ambruniers,Margériaz (Les Aillons - Margériaz),45.640719632571695,6.063439249992371,45.640719632571695,6.063439249992371,45.640719632571695,6.063439249992371,https://www.remontees-mecaniques.net/bdd/reportage-tkd-des-ambruniers-montagner-5478.html,1440.0,0.11049723756906077,20,19,181,947.3193370165741,0.0,1868.8,181,1,20,20.0
TKD de la Bergerie,Margériaz (Les Aillons - Margériaz),45.63047966327425,6.042729914188385,45.63047966327425,6.042729914188385,45.63047966327425,6.042729914188385,https://www.remontees-mecaniques.net/bdd/reportage-tkd-de-la-bergerie-montagner-9244.html,,0.11049723756906077,20,19,181,947.3193370165741,0.0,1868.8,181,1,20,20.0
TKD des Quarts et du Réguet,Notre-Dame-de-Bellecombe (Espace Diamant),45.8097960015621,6.52033746242523,45.8097960015621,6.52033746242523,45.8097960015621,6.52033746242523,https://www.remontees-mecaniques.net/bdd/reportage-tkd-des-quarts-et-du-reguet-montaz-mautino-2683.html,1189.5,0.09944751381215469,18,18,181,2937.2419889502758,0.0,5266.0,181,1,18,18.0
TSF4 du Lac,Notre-Dame-de-Bellecombe (Espace Diamant),45.7920168775139,6.57759189605713,45.7920168775139,6.57759189605713,45.7920168775139,6.57759189605713,https://www.remontees-mecaniques.net/bdd/reportage-tsf4-du-lac-gmm-2766.html,,0.09944751381215469,18,18,181,2937.2419889502758,0.0,5266.0,181,1,18,18.0
TSD6 du Grizzly,Peisey-Vallandry (Paradiski),45.555530339886,6.76511853933334,45.555530339886,6.76511853933334,45.555530339886,6.76511853933334,https://www.remontees-mecaniques.net/bdd/reportage-tsd6-du-grizzly-leitner-105.html,1946.5,0.06077348066298342,11,11,181,2844.5640883977894,0.0,5059.3,181,1,11,11.0
TSD6 de l'Eau d'Olle,Saint-Sorlin-d'Arves (Les Sybelles),45.2306548277253,6.19475483894348,45.2306548277253,6.19475483894348,45.2306548277253,6.19475483894348,https://www.remontees-mecaniques.net/bdd/reportage-tsd6-de-l-eau-d-olle-leitner-58.html,,0.09944751381215469,18,18,181,3232.9226519337017,0.0,6152.399999999999,181,1,18,18.0
TCD6/10 de Val Cenis le Haut,Val Cenis (Haute Maurienne Vanoise),45.2907013745134,6.91846311092377,45.2907013745134,6.91846311092377,45.2907013745134,6.91846311092377,https://www.remontees-mecaniques.net/bdd/reportage-tcd6-10-de-val-cenis-le-haut-doppelmayr-145.html,,0.06077348066298342,11,11,181,6264.916022099444,0.0,12745.899999999996,181,1,11,11.0
TKE du Plan des Champs,Val Cenis (Haute Maurienne Vanoise),45.28584662431525,6.9000007423929075,45.28584662431525,6.9000007423929075,45.28584662431525,6.9000007423929075,https://www.remontees-mecaniques.net/bdd/reportage-tke-du-plan-des-champs-gmm-6838.html,,0.06077348066298342,11,11,181,6264.916022099444,0.0,12745.899999999996,181,1,11,11.0
FUN V de Thorens,Val Thorens (Les 3 Vallées),45.2720173841599,6.59209728240967,45.2720173841599,6.59209728240967,45.2720173841599,6.59209728240967,https://www.remontees-mecaniques.net/bdd/reportage-fun-v-de-thorens-bartholet-4705.html,2896.0,0.06077348066298342,11,11,181,4467.408839779006,0.0,8440.499999999998,181,1,11,11.0
TSD6 du Plan de l'Eau,Val Thorens (Les 3 Vallées),45.30287096709043,6.5442144870758066,45.30287096709043,6.5442144870758066,45.30287096709043,6.5442144870758066,https://www.remontees-mecaniques.net/bdd/reportage-tsd6-du-plan-de-l-eau-poma-5477.html,2170.0,0.06077348066298342,11,11,181,4467.408839779006,0.0,8440.499999999998,181,1,11,11.0
TKD de Plan Palais 1 & 2,Valmeinier (Galibier Thabor),45.17281576671904,6.469139456748962,45.17281576671904,6.469139456748962,45.17281576671904,6.469139456748962,https://www.remontees-mecaniques.net/bdd/reportage-tkd-de-plan-palais-1-2-montaz-mautino-poma-5530.html,2136.5,0.06077348066298342,11,11,181,3402.902762430942,0.0,6310.300000000001,181,1,11,11.0
TCD10 de Planchamp,Valmorel (Le Grand Domaine),45.46081543275606,6.4412927627563485,45.46081543275606,6.4412927627563485,45.46081543275606,6.4412927627563485,https://www.remontees-mecaniques.net/bdd/reportage-tcd10-de-planchamp-poma-8916.html,1637.0,0.06077348066298342,11,11,181,7019.244198895025,0.0,12780.499999999996,181,1,11,11.0
TSD6 du Morel,Valmorel (Le Grand Domaine),45.4464668664974,6.43622070550919,45.4464668664974,6.43622070550919,45.4464668664974,6.43622070550919,https://www.remontees-mecaniques.net/bdd/reportage-tsd6-du-morel-doppelmayr-4989.html,1908.0,0.06077348066298342,11,11,181,7019.244198895025,0.0,12780.499999999996,181,1,11,11.0
TSF4 du Roset,Valmorel (Le Grand Domaine),45.4507571429932,6.39962464570999,45.4507571429932,6.39962464570999,45.4507571429932,6.39962464570999,https://www.remontees-mecaniques.net/bdd/reportage-tsf4-du-roset-poma-1389.html,1749.0,0.06077348066298342,11,11,181,7019.244198895025,0.0,12780.499999999996,181,1,11,11.0
TKE de la Forêt,Auris-en-Oisans (Alpe d'Huez Grand Domaine Ski),45.050892126952796,6.074784994125366,45.050892126952796,6.074784994125366,45.050892126952796,6.074784994125366,https://www.remontees-mecaniques.net/bdd/reportage-tke-de-la-foret-gmm-7431.html,1729.5,0.10497237569060773,19,18,181,1778.7165745856344,0.0,3581.6000000000017,181,1,19,19.0
TKD de l'Infernet,Chamrousse,45.12436408983639,5.90453177690506,45.12436408983639,5.90453177690506,45.12436408983639,5.90453177690506,https://www.remontees-mecaniques.net/bdd/reportage-tkd-de-l-infernet-montaz-mautino-6087.html,2213.5,0.09944751381215469,18,18,181,2890.91491712707,0.0,5750.699999999999,181,1,18,18.0
TKD de Poutran,L'Alpe d'Huez (Alpe d'Huez Grand Domaine Ski),45.103429343687196,6.068857312202454,45.103429343687196,6.068857312202454,45.103429343687196,6.068857312202454,https://www.remontees-mecaniques.net/bdd/reportage-tkd-de-poutran-montaz-mautino-5704.html,1880.0,0.06077348066298342,11,11,181,5176.154143646405,0.0,9890.400000000003,181,1,11,11.0
TSD6 du Chalvet,L'Alpe d'Huez (Alpe d'Huez Grand Domaine Ski),45.08069528337874,6.102250814437867,45.08069528337874,6.102250814437867,45.08069528337874,6.102250814437867,https://www.remontees-mecaniques.net/bdd/reportage-tsd6-du-chalvet-poma-7978.html,,0.06077348066298342,11,11,181,5176.154143646405,0.0,9890.400000000003,181,1,11,11.0
TKD du Grand Jassinet 1 & 2,Lans-en-Vercors,45.115932437192825,5.609881728887558,45.115932437192825,5.609881728887558,45.115932437192825,5.609881728887558,https://www.remontees-mecaniques.net/bdd/reportage-tkd-du-grand-jassinet-1-2-gmm-5383.html,,0.19889502762430938,36,21,181,591.4917127071823,0.0,1021.0,181,1,36,36.0
TSD6 de Claran,Le Collet d'Allevard,45.39295214332693,6.128439903259277,45.39295214332693,6.128439903259277,45.39295214332693,6.128439903259277,https://www.remontees-mecaniques.net/bdd/reportage-tsd6-de-claran-poma-6108.html,1870.0,0.10497237569060773,19,19,181,1341.3447513812162,0.0,2554.6999999999994,181,1,19,19.0
TKE des Blanchons,Les Sept Laux,45.264710081914814,6.016696393489838,45.264710081914814,6.016696393489838,45.264710081914814,6.016696393489838,https://www.remontees-mecaniques.net/bdd/reportage-tke-des-blanchons-doppelmayr-7710.html,1641.0,0.09944751381215469,18,11,181,4259.870165745856,0.0,8228.0,181,1,18,18.0
TKD du Cloudit,Villard-Reculas (Alpe d'Huez Grand Domaine Ski),45.09470111045228,6.031397581100464,45.09470111045228,6.031397581100464,45.09470111045228,6.031397581100464,https://www.remontees-mecaniques.net/bdd/reportage-tkd-du-cloudit-gmm-6831.html,1523.5,0.10497237569060773,19,19,181,953.6712707182327,0.0,1861.5999999999997,181,1,19,19.0
TSD4 du Villarais,Villard-Reculas (Alpe d'Huez Grand Domaine Ski),45.0971360297351,6.03611826896667,45.0971360297351,6.03611826896667,45.0971360297351,6.03611826896667,https://www.remontees-mecaniques.net/bdd/reportage-tsd4-du-villarais-leitner-2179.html,1797.0,0.10497237569060773,19,19,181,953.6712707182327,0.0,1861.5999999999997,181,1,19,19.0
TSD6 des Prés Girardin,Ceillac (Le Cristillan - Queyras),44.6484255554365,6.79256558418274,44.6484255554365,6.79256558418274,44.6484255554365,6.79256558418274,https://www.remontees-mecaniques.net/bdd/reportage-tsd6-des-pres-girardin-poma-854.html,1889.5,0.09944751381215469,18,11,181,714.6392265193368,0.0,1448.0,181,1,18,18.0
TKD du Pré Chabert,Le Monêtier-les-Bains (Serre Chevalier Vallée),44.9703903949921,6.50593936443329,44.9703903949921,6.50593936443329,44.9703903949921,6.50593936443329,https://www.remontees-mecaniques.net/bdd/reportage-tkd-du-pre-chabert-poma-1531.html,1484.5,0.06077348066298342,11,11,181,1997.7591160220986,0.0,3990.999999999999,181,1,11,11.0
TSD6 de Prébois,Les Orres,44.48778047986507,6.5524327754974365,44.48778047986507,6.5524327754974365,44.48778047986507,6.5524327754974365,https://www.remontees-mecaniques.net/bdd/reportage-tsd6-de-prebois-doppelmayr-8076.html,,0.06077348066298342,11,11,181,2027.2464088397799,0.0,4301.200000000001,181,1,11,11.0
TKD de  Beauregard 1,Molines-en-Queyras (Beauregard - Queyras),44.716489596738064,6.858322620391847,44.716489596738064,6.858322620391847,44.716489596738064,6.858322620391847,https://www.remontees-mecaniques.net/bdd/reportage-tkd-de-beauregard-1-montaz-mautino-7635.html,2210.0,0.06077348066298342,11,11,181,924.7966850828732,0.0,1883.1000000000004,181,1,11,11.0
TKD des Trois Fournéous,Montgenèvre (Vialattea),44.950200300716,6.71717405319214,44.950200300716,6.71717405319214,44.950200300716,6.71717405319214,https://www.remontees-mecaniques.net/bdd/reportage-tkd-des-trois-fourneous-montagner-3039.html,2436.0,0.06077348066298342,11,11,181,3311.890055248619,0.0,7186.3,181,1,11,11.0
TSF4 du Brousset,Montgenèvre (Vialattea),44.9251720363119,6.73282742500305,44.9251720363119,6.73282742500305,44.9251720363119,6.73282742500305,https://www.remontees-mecaniques.net/bdd/reportage-tsf4-du-brousset-poma-890.html,2056.0,0.06077348066298342,11,11,181,3311.890055248619,0.0,7186.3,181,1,11,11.0
TKD du Bois Noir,Névache,45.016117307870815,6.625925302505494,45.016117307870815,6.625925302505494,45.016117307870815,6.625925302505494,https://www.remontees-mecaniques.net/bdd/reportage-tkd-du-bois-noir-poma-gmm-8470.html,,0.10497237569060773,19,19,181,338.2685082872931,0.0,718.3999999999999,181,1,19,19.0
TSF4 du Tremplin,Montgenèvre (Vialattea),44.9324013923357,6.73708409070969,44.9324013923357,6.73708409070969,44.9324013923357,6.73708409070969,https://www.remontees-mecaniques.net/bdd/reportage-tsf4-du-tremplin-poma-889.html,,0.06077348066298342,11,11,181,3311.890055248619,0.0,7186.3,181,1,11,11.0
TSCD6-8 du Drouvet 1,Orcières Merlette,44.6975602224519,6.3227578997612,44.6975602224519,6.3227578997612,44.6975602224519,6.3227578997612,https://www.remontees-mecaniques.net/bdd/reportage-tscd6-8-du-drouvet-1-poma-2348.html,1830.0,0.06077348066298342,11,11,181,2970.6828729281756,0.0,5940.4000000000015,181,1,11,11.0
TSCD6-8 du Drouvet 2,Orcières Merlette,44.7076318776871,6.31762683391571,44.7076318776871,6.31762683391571,44.7076318776871,6.31762683391571,https://www.remontees-mecaniques.net/bdd/reportage-tscd6-8-du-drouvet-2-poma-207.html,2642.0,0.06077348066298342,11,11,181,2970.6828729281756,0.0,5940.4000000000015,181,1,11,11.0
TSF4 de la Pendine,Puy-Saint-Vincent,44.8074471095913,6.46941304206848,44.8074471095913,6.46941304206848,44.8074471095913,6.46941304206848,https://www.remontees-mecaniques.net/bdd/reportage-tsf4-de-la-pendine-gmm-4038.html,,0.06077348066298342,11,11,181,1856.925414364639,0.0,3684.1,181,1,11,11.0
TSF4 du Rocher Noir,Puy-Saint-Vincent,44.8091331175729,6.47505640983582,44.8091331175729,6.47505640983582,44.8091331175729,6.47505640983582,https://www.remontees-mecaniques.net/bdd/reportage-tsf4-du-rocher-noir-gmm-3779.html,,0.06077348066298342,11,11,181,1856.925414364639,0.0,3684.1,181,1,11,11.0
TSF3 de Lieuson,Auron,44.23627906863384,6.902756094932556,44.23627906863384,6.902756094932556,44.23627906863384,6.902756094932556,https://www.remontees-mecaniques.net/bdd/reportage-tsf3-de-lieuson-poma-6399.html,2008.0,0.06077348066298342,11,11,181,1322.8812154696138,0.0,3207.099999999999,181,1,11,11.0
TKD du Plateau,Isola 2000,44.1747865337563,7.16140687465668,44.1747865337563,7.16140687465668,44.1747865337563,7.16140687465668,https://www.remontees-mecaniques.net/bdd/reportage-tkd-du-plateau-poma-3700.html,,0.06077348066298342,11,11,181,2376.4994475138114,0.0,6126.700000000001,181,1,11,11.0
TSF4 de Méné,Isola 2000,44.19308218397674,7.132594585418701,44.19308218397674,7.132594585418701,44.19308218397674,7.132594585418701,https://www.remontees-mecaniques.net/bdd/reportage-tsf4-de-mene-poma-5381.html,,0.06077348066298342,11,11,181,2376.4994475138114,0.0,6126.700000000001,181,1,11,11.0
TKD de Dormillouse,Montclar,44.3998162830529,6.40053927898407,44.3998162830529,6.40053927898407,44.3998162830529,6.40053927898407,https://www.remontees-mecaniques.net/bdd/reportage-tkd-de-dormillouse-poma-5604.html,2066.0,0.06077348066298342,11,11,181,857.4176795580115,0.0,1795.0000000000007,181,1,11,11.0
TSF2 du Mélézet,Sainte-Anne-la-Condamine,44.4670843536955,6.72086477279663,44.4670843536955,6.72086477279663,44.4670843536955,6.72086477279663,https://www.remontees-mecaniques.net/bdd/reportage-tsf2-du-melezet-poma-4165.html,,0.06077348066298342,11,11,181,898.3977900552479,0.0,1940.8999999999999,181,1,11,11.0
TSF2 de l'Adour,La Mongie (Grand Tourmalet),42.9074233526412,0.165867805480957,42.9074233526412,0.165867805480957,42.9074233526412,0.165867805480957,https://www.remontees-mecaniques.net/bdd/reportage-tsf2-de-l-adour-poma-3281.html,,0.06629834254143646,12,11,181,2534.767955801105,0.0,5395.5,181,1,12,12.0
TKD du Mouscadou,La Quillane,42.54166672252719,2.117767632007599,42.54166672252719,2.117767632007599,42.54166672252719,2.117767632007599,https://www.remontees-mecaniques.net/bdd/reportage-tkd-du-mouscadou-poma-5665.html,1766.5,0.20441988950276244,37,36,181,142.9226519337016,0.0,296.7999999999999,181,1,37,37.0
TKD des Cabanes,Les Angles,42.5725552016102,2.05154925584793,42.5725552016102,2.05154925584793,42.5725552016102,2.05154925584793,https://www.remontees-mecaniques.net/bdd/reportage-tkd-des-cabanes-poma-4244.html,2168.0,0.06629834254143646,12,11,181,1711.08453038674,0.0,3761.9,181,1,12,12.0
TKE des 1000,Peyragudes,42.76621772505557,0.459204912185669,42.76621772505557,0.459204912185669,42.76621772505557,0.459204912185669,https://www.remontees-mecaniques.net/bdd/reportage-tke-des-1000-gmm-8695.html,,0.06629834254143646,12,11,181,2113.4707182320444,0.0,4444.300000000001,181,1,12,12.0
TKD Baby Merlans,Saint-Lary-Soulan,42.827914034882674,0.22071897983551025,42.827914034882674,0.22071897983551025,42.827914034882674,0.22071897983551025,https://www.remontees-mecaniques.net/bdd/reportage-tkd-baby-merlans-poma-4906.html,,0.06629834254143646,12,11,181,4065.829281767956,0.0,8548.599999999999,181,1,12,12.0
TSF4 des Sapins,Val Louron,42.78796054916676,0.3924340009689331,42.78796054916676,0.3924340009689331,42.78796054916676,0.3924340009689331,https://www.remontees-mecaniques.net/bdd/reportage-tsf4-des-sapins-poma-5839.html,,0.10497237569060773,19,12,181,1108.774585635359,0.0,2325.199999999998,181,1,19,19.0
TPH80 du Plomb du Cantal,Le Lioran,45.0826630480846,2.75032505393028,45.0826630480846,2.75032505393028,45.0826630480846,2.75032505393028,https://www.remontees-mecaniques.net/bdd/reportage-tph80-du-plomb-du-cantal-poma-1573.html,,0.10497237569060773,19,19,181,889.6524861878466,0.0,1744.1999999999996,181,1,19,19.0
TKD Baby Entrerôches,Bellefontaine,46.5568720992814,6.06856226921082,46.5568720992814,6.06856226921082,46.5568720992814,6.06856226921082,https://www.remontees-mecaniques.net/bdd/reportage-tkd-baby-entreroches-montagner-4836.html,,0.11602209944751381,21,20,181,261.26961325966835,0.0,456.3999999999999,181,1,21,21.0
TCD12 du Fierney,Lélex - Crozet (Monts Jura),46.2826871533658,6.00686073303223,46.2826871533658,6.00686073303223,46.2826871533658,6.00686073303223,https://www.remontees-mecaniques.net/bdd/reportage-tcd12-du-fierney-poma-3452.html,,0.11049723756906077,20,20,181,686.9038674033155,0.0,1216.7999999999997,181,1,20,20.0
TKD de la Cheneau,Les Fourgs,46.83284947519208,6.419341564178468,46.83284947519208,6.419341564178468,46.83284947519208,6.419341564178468,https://www.remontees-mecaniques.net/bdd/reportage-tkd-de-la-cheneau-autres-constructeurs-8981.html,1164.0,0.11049723756906077,20,20,181,439.69613259668506,0.0,730.0,181,1,20,20.0
TKD de Châtenage,Les Gentianes,46.56147178484705,6.0243380069732675,46.56147178484705,6.0243380069732675,46.56147178484705,6.0243380069732675,https://www.remontees-mecaniques.net/bdd/reportage-tkd-de-chatenage-montaz-mautino-7529.html,930.0,0.287292817679558,52,43,181,70.65303867403321,0.0,117.10000000000001,181,1,52,52.0
TKD du Carrefour,Le Lac Blanc,48.1370476912802,7.0837864279747,48.1370476912802,7.0837864279747,48.1370476912802,7.0837864279747,https://www.remontees-mecaniques.net/bdd/reportage-tkd-du-carrefour-montaz-mautino-2278.html,1140.0,0.10497237569060773,19,19,181,422.2044198895027,0.0,673.2000000000004,181,1,19,19.0
TKE du Snowhall,Amnéville-les-Thermes - SnowWorld,49.2485905431968,6.12733483314514,49.2485905431968,6.12733483314514,49.2485905431968,6.12733483314514,https://www.remontees-mecaniques.net/bdd/reportage-tke-du-snowhall-poma-430.html,273.0,1.0,181,181,181,8.900552486187829,0.0,14.600000000000001,181,1,181,181.0
TKD de la Pietra Niella,Ghisoni - Bergerie des Capannelles,42.0769954390118,9.15019512176514,42.0769954390118,9.15019512176514,42.0769954390118,9.15019512176514,https://www.remontees-mecaniques.net/bdd/reportage-tkd-de-la-pietra-niella-poma-2518.html,1580.0,0.27071823204419887,49,42,181,83.92486187845307,0.0,137.40000000000003,181,1,49,49.0
TKD du Grand Frémoux,Abondance (Les Portes du Soleil),46.264354993525195,6.704256534576416,46.264354993525195,6.704256534576416,46.264354993525195,6.704256534576416,https://www.remontees-mecaniques.net/bdd/reportage-tkd-du-grand-fremoux-montaz-mautino-7573.html,1511.5,0.10497237569060773,19,19,181,929.0972375690612,0.0,1695.4000000000003,181,1,19,19.0
TSD6 des Grandes Combes,Avoriaz (Morzine-Avoriaz - Les Portes du Soleil),46.186686592777,6.76631212234497,46.186686592777,6.76631212234497,46.186686592777,6.76631212234497,https://www.remontees-mecaniques.net/bdd/reportage-tsd6-des-grandes-combes-poma-2361.html,1851.5,0.06077348066298342,11,10,181,6126.023756906075,0.0,10831.700000000004,181,1,11,11.0
TKD du Corbeau,Bellevaux - Hirmentaz (Hirmentaz - Les Habères),46.23821430123533,6.502543687820435,46.23821430123533,6.502543687820435,46.23821430123533,6.502543687820435,https://www.remontees-mecaniques.net/bdd/reportage-tkd-du-corbeau-montaz-mautino-6343.html,1315.0,0.09944751381215469,18,11,181,2123.7187845303843,0.0,4115.8,181,1,18,18.0
TKD de la Leiche,Châtel (Les Portes du Soleil),46.2439687711162,6.82209134101868,46.2439687711162,6.82209134101868,46.2439687711162,6.82209134101868,https://www.remontees-mecaniques.net/bdd/reportage-tkd-de-la-leiche-poma-4669.html,1634.0,0.06077348066298342,11,11,181,4526.320441988953,0.0,8116.599999999998,181,1,11,11.0
TSD6 de Pré la Joux,Châtel (Les Portes du Soleil),46.235296,6.790575,46.235296,6.790575,46.235296,6.790575,https://www.remontees-mecaniques.net/bdd/reportage-tsd6-de-pre-la-joux-leitner-132.html,1526.5,0.06077348066298342,11,11,181,4526.320441988953,0.0,8116.599999999998,181,1,11,11.0
TKD de la Combe,La Chapelle-d'Abondance - Crêt-Béni (Les Portes du Soleil),46.2845288137609,6.77168726921082,46.2845288137609,6.77168726921082,46.2845288137609,6.77168726921082,https://www.remontees-mecaniques.net/bdd/reportage-tkd-de-la-combe-montagner-4708.html,1439.5,0.10497237569060773,19,19,181,811.160220994476,0.0,1442.2000000000003,181,1,19,19.0
TKE des Aiglons,La Clusaz (La Clusaz-Manigod - Les Aravis),45.88873868730987,6.409020425198833,45.88873868730987,6.409020425198833,45.88873868730987,6.409020425198833,https://www.remontees-mecaniques.net/bdd/reportage-tke-des-aiglons-gmm-8652.html,1576.0,0.09944751381215469,18,11,181,5542.509392265194,0.0,9935.999999999996,181,1,18,18.0
TKE de la Torchère,La Clusaz (La Clusaz-Manigod - Les Aravis),45.8980577319668,6.48251831531525,45.8980577319668,6.48251831531525,45.8980577319668,6.48251831531525,https://www.remontees-mecaniques.net/bdd/reportage-tke-de-la-torchere-montaz-mautino-3491.html,,0.09944751381215469,18,11,181,5542.509392265194,0.0,9935.999999999996,181,1,18,18.0
TKE Baby,Le Semnoz,45.804888049297446,6.099117994308472,45.804888049297446,6.099117994308472,45.804888049297446,6.099117994308472,https://www.remontees-mecaniques.net/bdd/reportage-tke-baby-gmm-6572.html,1470.0,0.10497237569060773,19,19,181,750.4270718232053,0.0,1332.1000000000004,181,1,19,19.0
TSD6 des Molliets,Les Carroz d'Arâches (Le Grand Massif),46.020311558345476,6.6709595918655396,46.020311558345476,6.6709595918655396,46.020311558345476,6.6709595918655396,https://www.remontees-mecaniques.net/bdd/reportage-tsd6-des-molliets-leitner-3527.html,1654.0,0.09944751381215469,18,18,181,1898.033701657459,0.0,3460.200000000002,181,1,18,18.0
TSF4 du Plein Soleil,Les Carroz d'Arâches (Le Grand Massif),46.01833351096358,6.650655269622804,46.01833351096358,6.650655269622804,46.01833351096358,6.650655269622804,https://www.remontees-mecaniques.net/bdd/reportage-tsf4-du-plein-soleil-poma-6716.html,1625.5,0.09944751381215469,18,18,181,1898.033701657459,0.0,3460.200000000002,181,1,18,18.0
TCD6 du Mont Chéry,Les Gets (Morzine-Les Gets - Les Portes du Soleil),46.1608172926422,6.66980624198914,46.1608172926422,6.66980624198914,46.1608172926422,6.66980624198914,https://www.remontees-mecaniques.net/bdd/reportage-tcd6-du-mont-chery-montaz-mautino-392.html,,0.09944751381215469,18,11,181,4687.4983425414375,0.0,8348.4,181,1,18,18.0
TSF4 de la Pointe,Les Gets (Morzine-Les Gets - Les Portes du Soleil),46.16460149322017,6.657755076885223,46.16460149322017,6.657755076885223,46.16460149322017,6.657755076885223,https://www.remontees-mecaniques.net/bdd/reportage-tsf4-de-la-pointe-skirail-399.html,,0.09944751381215469,18,11,181,4687.4983425414375,0.0,8348.4,181,1,18,18.0
TSF4 du Darandet,Les Habères (Hirmentaz - Les Habères),46.24460502779465,6.471244990825653,46.24460502779465,6.471244990825653,46.24460502779465,6.471244990825653,https://www.remontees-mecaniques.net/bdd/reportage-tsf4-du-darandet-poma-6330.html,1049.0,0.10497237569060773,19,18,181,828.7016574585639,0.0,1568.2000000000007,181,1,19,19.0
TKD de la  Chevrette,Manigod (La Clusaz-Manigod - Les Aravis),45.8613566273443,6.41528338193893,45.8613566273443,6.41528338193893,45.8613566273443,6.41528338193893,https://www.remontees-mecaniques.net/bdd/reportage-tkd-de-la-chevrette-montagner-2866.html,,0.09944751381215469,18,18,181,3031.833701657457,0.0,5380.799999999999,181,1,18,18.0
TKD des Rhodos,Manigod (La Clusaz-Manigod - Les Aravis),45.8752481997395,6.40350043773651,45.8752481997395,6.40350043773651,45.8752481997395,6.40350043773651,https://www.remontees-mecaniques.net/bdd/reportage-tkd-des-rhodos-poma-2570.html,,0.09944751381215469,18,18,181,3031.833701657457,0.0,5380.799999999999,181,1,18,18.0
TSF2 de la Crête Blanche,Manigod (La Clusaz-Manigod - Les Aravis),45.8753957253687,6.4025804400444,45.8753957253687,6.4025804400444,45.8753957253687,6.4025804400444,https://www.remontees-mecaniques.net/bdd/reportage-tsf2-de-la-crete-blanche-poma-3346.html,,0.09944751381215469,18,18,181,3031.833701657457,0.0,5380.799999999999,181,1,18,18.0
TSF2 de la Croix-Fry,Manigod (La Clusaz-Manigod - Les Aravis),45.8797410198167,6.40712141990662,45.8797410198167,6.40712141990662,45.8797410198167,6.40712141990662,https://www.remontees-mecaniques.net/bdd/reportage-tsf2-de-la-croix-fry-altim-4420.html,,0.09944751381215469,18,18,181,3031.833701657457,0.0,5380.799999999999,181,1,18,18.0
TKD de la Pierre,Praz-sur-Arly (Espace Diamant),45.8136547506322,6.58936411142349,45.8136547506322,6.58936411142349,45.8136547506322,6.58936411142349,https://www.remontees-mecaniques.net/bdd/reportage-tkd-de-la-pierre-montagner-2030.html,1719.0,0.09944751381215469,18,18,181,1747.4265193370172,0.0,3136.1999999999994,181,1,18,18.0
TKD du Quézet,Praz-sur-Arly (Espace Diamant),45.8176459563781,6.58024996519089,45.8176459563781,6.58024996519089,45.8176459563781,6.58024996519089,https://www.remontees-mecaniques.net/bdd/reportage-tkd-du-quezet-poma-2535.html,1803.0,0.09944751381215469,18,18,181,1747.4265193370172,0.0,3136.1999999999994,181,1,18,18.0
TCD12 du Bettex - Mont d'Arbois,Saint-Gervais - Le Bettex (Arbois-Rochebrune - Évasion Mont Blanc),45.874946613671725,6.6855025509262305,45.874946613671725,6.6855025509262305,45.874946613671725,6.6855025509262305,https://www.remontees-mecaniques.net/bdd/reportage-tcd12-du-bettex-mont-d-arbois-poma-138.html,1622.5,0.06077348066298342,11,11,181,4448.155801104968,0.0,7904.0,181,1,11,11.0
TSD6 de la Croix du Christ,Saint-Nicolas-de-Véroce (Arbois-Rochebrune - Évasion Mont Blanc),45.851597954132515,6.69828325510025,45.851597954132515,6.69828325510025,45.851597954132515,6.69828325510025,https://www.remontees-mecaniques.net/bdd/reportage-tsd6-de-la-croix-du-christ-leitner-1470.html,1722.5,0.09944751381215469,18,18,181,2162.8872928176793,0.0,3836.399999999999,181,1,18,18.0
TKD du Soleil,Samoëns (Le Grand Massif),46.0500836080924,6.70014470815659,46.0500836080924,6.70014470815659,46.0500836080924,6.70014470815659,https://www.remontees-mecaniques.net/bdd/reportage-tkd-du-soleil-montaz-mautino-811.html,1582.0,0.09944751381215469,18,18,181,2234.605524861879,0.0,4047.3999999999987,181,1,18,18.0
TKD de la Balme,Sixt-Fer-à-Cheval (Le Grand Massif),46.04416548185682,6.770646572113037,46.04416548185682,6.770646572113037,46.04416548185682,6.770646572113037,https://www.remontees-mecaniques.net/bdd/reportage-tkd-de-la-balme-montagner-4226.html,893.0,0.11049723756906077,20,20,181,475.516022099448,0.0,895.5999999999998,181,1,20,20.0
TKD de la  Feulatière,Sixt-Fer-à-Cheval (Le Grand Massif),46.04558968781248,6.77020937204361,46.04558968781248,6.77020937204361,46.04558968781248,6.77020937204361,https://www.remontees-mecaniques.net/bdd/reportage-tkd-de-la-feulatiere-montagner-4228.html,899.0,0.11049723756906077,20,20,181,475.516022099448,0.0,895.5999999999998,181,1,20,20.0
TKD du Moulinet,Bonneval-sur-Arc (Haute Maurienne Vanoise),45.369376406228,7.06677854061127,45.369376406228,7.06677854061127,45.369376406228,7.06677854061127,https://www.remontees-mecaniques.net/bdd/reportage-tkd-du-moulinet-poma-82.html,2159.0,0.06077348066298342,11,11,181,1778.7591160221004,0.0,4542.500000000002,181,1,11,11.0
TSD4 des Suisses,Courchevel (Les 3 Vallées),45.3904526090362,6.63005322217941,45.3904526090362,6.63005322217941,45.3904526090362,6.63005322217941,https://www.remontees-mecaniques.net/bdd/reportage-tsd4-des-suisses-poma-1568.html,2096.0,0.06077348066298342,11,11,181,7231.286740331488,0.0,13007.500000000005,181,1,11,11.0
TSD6B de la Forêt,Courchevel (Les 3 Vallées),45.430925054710876,6.619852781295776,45.430925054710876,6.619852781295776,45.430925054710876,6.619852781295776,https://www.remontees-mecaniques.net/bdd/reportage-tsd6b-de-la-foret-poma-5437.html,1580.5,0.06077348066298342,11,11,181,7231.286740331488,0.0,13007.500000000005,181,1,11,11.0
TKD du Plan,Hauteluce (Les Contamines - Hauteluce - Évasion Mont Blanc),45.7814061638944,6.66614502668381,45.7814061638944,6.66614502668381,45.7814061638944,6.66614502668381,https://www.remontees-mecaniques.net/bdd/reportage-tkd-du-plan-poma-735.html,1812.0,0.09944751381215469,18,18,181,1362.733701657459,0.0,2430.4000000000005,181,1,18,18.0
TKD du Dromadaire,La Plagne (Paradiski),45.514835316830705,6.667317152023316,45.514835316830705,6.667317152023316,45.514835316830705,6.667317152023316,https://www.remontees-mecaniques.net/bdd/reportage-tkd-du-dromadaire-poma-5044.html,2053.0,0.06077348066298342,11,11,181,9235.23038674033,0.0,16571.700000000004,181,1,11,11.0
TKE du Gentil,La Plagne (Paradiski),45.52815180519694,6.632094383239746,45.52815180519694,6.632094383239746,45.52815180519694,6.632094383239746,https://www.remontees-mecaniques.net/bdd/reportage-tke-du-gentil-lst-5354.html,1579.5,0.06077348066298342,11,11,181,9235.23038674033,0.0,16571.700000000004,181,1,11,11.0
TSD6 de la Pierre du Turc,La Toussuire (Les Sybelles),45.2542279070313,6.23986154794693,45.2542279070313,6.23986154794693,45.2542279070313,6.23986154794693,https://www.remontees-mecaniques.net/bdd/reportage-tsd6-de-la-pierre-du-turc-doppelmayr-72.html,2205.5,0.09944751381215469,18,11,181,4309.754696132599,0.0,7880.800000000002,181,1,18,18.0
TSF4 de Charmettoger,Les Arcs (Paradiski),45.5679096098613,6.77735477685928,45.5679096098613,6.77735477685928,45.5679096098613,6.77735477685928,https://www.remontees-mecaniques.net/bdd/reportage-tsf4-de-charmettoger-montaz-mautino-4852.html,1920.0,0.06077348066298342,11,11,181,7061.487292817676,0.0,12948.499999999995,181,1,11,11.0
TCD8 du Roc 1,Les Menuires (Les 3 Vallées),45.3224387217786,6.53894126415253,45.3224387217786,6.53894126415253,45.3224387217786,6.53894126415253,https://www.remontees-mecaniques.net/bdd/reportage-tcd8-du-roc-1-poma-2475.html,,0.06077348066298342,11,11,181,4390.169060773477,0.0,8086.700000000001,181,1,11,11.0
TKD des Périots,Les Saisies (Espace Diamant),45.7593347244062,6.53550267219543,45.7593347244062,6.53550267219543,45.7593347244062,6.53550267219543,https://www.remontees-mecaniques.net/bdd/reportage-tkd-des-periots-montagner-2282.html,1707.0,0.06077348066298342,11,11,181,6514.234806629835,0.0,11865.099999999993,181,1,11,11.0
TSD6 de Cherferie,Méribel (Les 3 Vallées),45.38417976062089,6.553816795349122,45.38417976062089,6.553816795349122,45.38417976062089,6.553816795349122,https://www.remontees-mecaniques.net/bdd/reportage-tsd6-de-cherferie-poma-ingelo-8939.html,2110.0,0.06077348066298342,11,11,181,3550.4657458563534,0.0,6328.499999999997,181,1,11,11.0
TSD6B Legends,Méribel (Les 3 Vallées),45.390840637432866,6.567292213439942,45.390840637432866,6.567292213439942,45.390840637432866,6.567292213439942,https://www.remontees-mecaniques.net/bdd/reportage-tsd6b-legends-poma-ingelo-7036.html,,0.06077348066298342,11,11,181,3550.4657458563534,0.0,6328.499999999997,181,1,11,11.0
TSD6 de l'Adret,Méribel (Les 3 Vallées),45.3967473815394,6.57117873430252,45.3967473815394,6.57117873430252,45.3967473815394,6.57117873430252,https://www.remontees-mecaniques.net/bdd/reportage-tsd6-de-l-adret-poma-1867.html,1600.0,0.06077348066298342,11,11,181,3550.4657458563534,0.0,6328.499999999997,181,1,11,11.0
TKD des Teux,Notre-Dame-de-Bellecombe (Espace Diamant),45.8031696963833,6.55543148517609,45.8031696963833,6.55543148517609,45.8031696963833,6.55543148517609,https://www.remontees-mecaniques.net/bdd/reportage-tkd-des-teux-montaz-mautino-4851.html,,0.09944751381215469,18,18,181,2937.2419889502758,0.0,5266.0,181,1,18,18.0
TKD du Cabri,Peisey-Vallandry (Paradiski),45.54970032158884,6.7806994915008545,45.54970032158884,6.7806994915008545,45.54970032158884,6.7806994915008545,https://www.remontees-mecaniques.net/bdd/reportage-tkd-du-cabri-montaz-mautino-5917.html,2324.0,0.06077348066298342,11,11,181,2844.5640883977894,0.0,5059.3,181,1,11,11.0
TSD6 de Peisey,Peisey-Vallandry (Paradiski),45.5507296342436,6.76350384950638,45.5507296342436,6.76350384950638,45.5507296342436,6.76350384950638,https://www.remontees-mecaniques.net/bdd/reportage-tsd6-de-peisey-leitner-3789.html,1848.5,0.06077348066298342,11,11,181,2844.5640883977894,0.0,5059.3,181,1,11,11.0
TKD de l'Ormet,Saint-Colomban-des-Villards (Les Sybelles),45.2843513953241,6.22403651475906,45.2843513953241,6.22403651475906,45.2843513953241,6.22403651475906,https://www.remontees-mecaniques.net/bdd/reportage-tkd-de-l-ormet-poma-2630.html,1561.0,0.10497237569060773,19,18,181,963.4839779005526,0.0,1814.6000000000001,181,1,19,19.0
TKD du Slalom 1 & 2,Saint-François-Longchamp (Le Grand Domaine),45.41702074724389,6.363758146762848,45.41702074724389,6.363758146762848,45.41702074724389,6.363758146762848,https://www.remontees-mecaniques.net/bdd/reportage-tkd-du-slalom-1-2-poma-5464.html,1621.0,0.06077348066298342,11,11,181,3326.0419889502737,0.0,5978.700000000002,181,1,11,11.0
TSD6 des Tufs,Tignes (Espace Tignes-Val d'Isère),45.4547912105526,6.90107971429825,45.4547912105526,6.90107971429825,45.4547912105526,6.90107971429825,https://www.remontees-mecaniques.net/bdd/reportage-tsd6-des-tufs-doppelmayr-4853.html,2411.0,0.06077348066298342,11,11,181,7473.4497237569085,0.0,14787.700000000006,181,1,11,11.0
TSD4 Loyes Express,Val d'Isère (Espace Tignes-Val d'Isère),45.4426862603112,6.96835219860077,45.4426862603112,6.96835219860077,45.4426862603112,6.96835219860077,https://www.remontees-mecaniques.net/bdd/reportage-tsd4-loyes-express-poma-942.html,2140.0,0.06077348066298342,11,11,181,8097.030386740336,0.0,16810.9,181,1,11,11.0
TSF4 du Rogoney,Val d'Isère (Espace Tignes-Val d'Isère),45.4460923926703,6.97694331407547,45.4460923926703,6.97694331407547,45.4460923926703,6.97694331407547,https://www.remontees-mecaniques.net/bdd/reportage-tsf4-du-rogoney-montaval-4233.html,1831.0,0.06077348066298342,11,11,181,8097.030386740336,0.0,16810.9,181,1,11,11.0
TSD6 de Punta Bagna,Valfréjus (Haute Maurienne Vanoise),45.15542648026276,6.665858030319214,45.15542648026276,6.665858030319214,45.15542648026276,6.665858030319214,https://www.remontees-mecaniques.net/bdd/reportage-tsd6-de-punta-bagna-doppelmayr-5903.html,2476.0,0.06077348066298342,11,11,181,1654.5425414364643,0.0,3326.899999999999,181,1,11,11.0
TKE des Casses,Valmeinier (Galibier Thabor),45.17321190449328,6.492379456758499,45.17321190449328,6.492379456758499,45.17321190449328,6.492379456758499,https://www.remontees-mecaniques.net/bdd/reportage-tke-des-casses-lst-7169.html,1742.5,0.06077348066298342,11,11,181,3402.902762430942,0.0,6310.300000000001,181,1,11,11.0
TSF2 de Maronne,Auris-en-Oisans (Alpe d'Huez Grand Domaine Ski),45.0670459568755,6.06148660182953,45.0670459568755,6.06148660182953,45.0670459568755,6.06148660182953,https://www.remontees-mecaniques.net/bdd/reportage-tsf2-de-maronne-cecil-skirail-2411.html,1672.5,0.10497237569060773,19,18,181,1778.7165745856344,0.0,3581.6000000000017,181,1,19,19.0
TKE des Sagnes,L'Alpe d'Huez (Alpe d'Huez Grand Domaine Ski),45.10105524488627,6.070096492767334,45.10105524488627,6.070096492767334,45.10105524488627,6.070096492767334,https://www.remontees-mecaniques.net/bdd/reportage-tke-des-sagnes-axet-idm-5703.html,1876.0,0.06077348066298342,11,11,181,5176.154143646405,0.0,9890.400000000003,181,1,11,11.0
TKE des Babars,L'Alpe d'Huez (Alpe d'Huez Grand Domaine Ski),45.10104616851328,6.070050900587223,45.10104616851328,6.070050900587223,45.10104616851328,6.070050900587223,https://www.remontees-mecaniques.net/bdd/reportage-tke-des-babars-axet-idm-7250.html,1944.5,0.06077348066298342,11,11,181,5176.154143646405,0.0,9890.400000000003,181,1,11,11.0
TSCD6-10 du Rif Nel Express,L'Alpe d'Huez (Alpe d'Huez Grand Domaine Ski),45.0913533559701,6.075514554977417,45.0913533559701,6.075514554977417,45.0913533559701,6.075514554977417,https://www.remontees-mecaniques.net/bdd/reportage-tscd6-10-du-rif-nel-express-leitner-6134.html,1864.5,0.06077348066298342,11,11,181,5176.154143646405,0.0,9890.400000000003,181,1,11,11.0
TSF4 du Lac Blanc,L'Alpe d'Huez (Alpe d'Huez Grand Domaine Ski),45.1180295841604,6.10692054033279,45.1180295841604,6.10692054033279,45.1180295841604,6.10692054033279,https://www.remontees-mecaniques.net/bdd/reportage-tsf4-du-lac-blanc-skirail-3462.html,2571.0,0.06077348066298342,11,11,181,5176.154143646405,0.0,9890.400000000003,181,1,11,11.0
TKD de Roche Rousse,Lans-en-Vercors,45.11185337917379,5.609346628189088,45.11185337917379,5.609346628189088,45.11185337917379,5.609346628189088,https://www.remontees-mecaniques.net/bdd/reportage-tkd-de-roche-rousse-montaz-mautino-9018.html,,0.19889502762430938,36,21,181,591.4917127071823,0.0,1021.0,181,1,36,36.0
TKE2 de Muretouse,Les Deux Alpes,44.9999870262027,6.21493577957153,44.9999870262027,6.21493577957153,44.9999870262027,6.21493577957153,https://www.remontees-mecaniques.net/bdd/reportage-tke2-de-muretouse-doppelmayr-4412.html,3344.0,0.06077348066298342,11,11,181,6892.693922651938,0.0,13556.1,181,1,11,11.0
TSF4 du Super Diable,Les Deux Alpes,44.9969485786441,6.14738702774048,44.9969485786441,6.14738702774048,44.9969485786441,6.14738702774048,https://www.remontees-mecaniques.net/bdd/reportage-tsf4-du-super-diable-poma-1066.html,2400.0,0.06077348066298342,11,11,181,6892.693922651938,0.0,13556.1,181,1,11,11.0
TKD de l'Aiguiller,Abriès (Haut-Guil - Queyras),44.7929008658407,6.94677114486694,44.7929008658407,6.94677114486694,44.7929008658407,6.94677114486694,https://www.remontees-mecaniques.net/bdd/reportage-tkd-de-l-aiguiller-montaz-mautino-1043.html,2133.0,0.06077348066298342,11,11,181,665.3149171270719,0.0,1602.1000000000001,181,1,11,11.0
TPHP 4x6  des Glaciers de la Meije I & II,La Grave,45.04421,6.303112,45.04421,6.303112,45.04421,6.303112,https://www.remontees-mecaniques.net/bdd/reportage-tphp-4x6-des-glaciers-de-la-meije-i-ii-dcsa-creissels-phb-15.html,,0.11049723756906077,20,19,181,223.65580110497237,0.0,440.4,181,1,20,20.0
TKD de Pierra,Le Dévoluy,44.645612532852596,5.897131317791036,44.645612532852596,5.897131317791036,44.645612532852596,5.897131317791036,https://www.remontees-mecaniques.net/bdd/reportage-tkd-de-pierra-poma-115.html,,0.06077348066298342,11,11,181,2744.439779005526,0.0,5644.000000000001,181,1,11,11.0
TKE du Génépi,Les Orres,44.468818562777535,6.571851968765259,44.468818562777535,6.571851968765259,44.468818562777535,6.571851968765259,https://www.remontees-mecaniques.net/bdd/reportage-tke-du-genepi-mecalift-3260.html,,0.06077348066298342,11,11,181,2027.2464088397799,0.0,4301.200000000001,181,1,11,11.0
TSF2 du Rocher Rouge,Montgenèvre (Vialattea),44.9603322964614,6.73154532909393,44.9603322964614,6.73154532909393,44.9603322964614,6.73154532909393,https://www.remontees-mecaniques.net/bdd/reportage-tsf2-du-rocher-rouge-poma-3023.html,2301.5,0.06077348066298342,11,11,181,3311.890055248619,0.0,7186.3,181,1,11,11.0
TKF du Trait d'Union,Orcières Merlette,44.698646934620456,6.322633981835679,44.698646934620456,6.322633981835679,44.698646934620456,6.322633981835679,https://www.remontees-mecaniques.net/bdd/reportage-tkf-du-trait-d-union-poma-8178.html,,0.06077348066298342,11,11,181,2970.6828729281756,0.0,5940.4000000000015,181,1,11,11.0
TSD4 de la Bergerie,Puy-Saint-Vincent,44.8181940904763,6.48625463247299,44.8181940904763,6.48625463247299,44.8181940904763,6.48625463247299,https://www.remontees-mecaniques.net/bdd/reportage-tsd4-de-la-bergerie-doppelmayr-1780.html,1889.5,0.06077348066298342,11,11,181,1856.925414364639,0.0,3684.1,181,1,11,11.0
TSF2 du Clos du Vallon,Risoul (La Forêt Blanche),44.6203814461079,6.6332933306694,44.6203814461079,6.6332933306694,44.6203814461079,6.6332933306694,https://www.remontees-mecaniques.net/bdd/reportage-tsf2-du-clos-du-vallon-transtele-3587.html,,0.06077348066298342,11,11,181,2167.664088397791,0.0,4384.799999999999,181,1,11,11.0
TKF des Auches,Ristolas (Queyras),44.77262745450543,6.959130764007569,44.77262745450543,6.959130764007569,44.77262745450543,6.959130764007569,https://www.remontees-mecaniques.net/bdd/reportage-tkf-des-auches-poma-7516.html,1616.0,0.20994475138121546,38,20,181,139.66795580110502,0.0,365.50000000000006,181,1,38,38.0
TKD du Bouticari III,Saint-Véran (Beauregard - Queyras),44.70208629754862,6.867399215698242,44.70208629754862,6.867399215698242,44.70208629754862,6.867399215698242,https://www.remontees-mecaniques.net/bdd/reportage-tkd-du-bouticari-iii-montaz-mautino-7705.html,,0.06077348066298342,11,11,181,686.0745856353593,0.0,1753.099999999999,181,1,11,11.0
TKD de Tête Grosse,Chabanon,44.336843055548584,6.277458071708679,44.336843055548584,6.277458071708679,44.336843055548584,6.277458071708679,https://www.remontees-mecaniques.net/bdd/reportage-tkd-de-tete-grosse-poma-7265.html,1945.5,0.10497237569060773,19,11,181,712.0662983425422,0.0,1618.5000000000005,181,1,19,19.0
TCD8/10 du Mercantour,Isola 2000,44.1897185338739,7.14951127767563,44.1897185338739,7.14951127767563,44.1897185338739,7.14951127767563,https://www.remontees-mecaniques.net/bdd/reportage-tcd8-10-du-mercantour-poma-856.html,,0.06077348066298342,11,11,181,2376.4994475138114,0.0,6126.700000000001,181,1,11,11.0
TKD des Parcs,Isola 2000,44.1800303798192,7.16258704662323,44.1800303798192,7.16258704662323,44.1800303798192,7.16258704662323,https://www.remontees-mecaniques.net/bdd/reportage-tkd-des-parcs-poma-3702.html,,0.06077348066298342,11,11,181,2376.4994475138114,0.0,6126.700000000001,181,1,11,11.0
TSF2 de la  Lombarde,Isola 2000,44.1894031217329,7.15083092451096,44.1894031217329,7.15083092451096,44.1894031217329,7.15083092451096,https://www.remontees-mecaniques.net/bdd/reportage-tsf2-de-la-lombarde-poma-3679.html,,0.06077348066298342,11,11,181,2376.4994475138114,0.0,6126.700000000001,181,1,11,11.0
TKD Pré Guerin,Le Sauze,44.37078947918367,6.679413914680481,44.37078947918367,6.679413914680481,44.37078947918367,6.679413914680481,https://www.remontees-mecaniques.net/bdd/reportage-tkd-pre-guerin-poma-4257.html,,0.06077348066298342,11,11,181,1838.3944751381216,0.0,4060.0000000000005,181,1,11,11.0
TKD du Champ Tondu 2,Lus la Jarjatte,44.67214738877621,5.767725706100464,44.67214738877621,5.767725706100464,44.67214738877621,5.767725706100464,https://www.remontees-mecaniques.net/bdd/reportage-tkd-du-champ-tondu-2-montaz-mautino-9217.html,,0.11049723756906077,20,18,181,426.18342541436465,0.0,787.9999999999998,181,1,20,20.0
TKD du Pra Brûlé,Valberg,44.060473915428084,6.920839548110962,44.060473915428084,6.920839548110962,44.060473915428084,6.920839548110962,https://www.remontees-mecaniques.net/bdd/reportage-tkd-du-pra-brule-poma-7127.html,1773.0,0.06077348066298342,11,11,181,810.5933701657453,0.0,1789.3,181,1,11,11.0
TKD de Lusclade,Ax 3 Domaines,42.69960895654233,1.8140584230422974,42.69960895654233,1.8140584230422974,42.69960895654233,1.8140584230422974,https://www.remontees-mecaniques.net/bdd/reportage-tkd-de-lusclade-poma-6224.html,1481.5,0.06077348066298342,11,11,181,2285.327624309392,0.0,4450.100000000001,181,1,11,11.0
TSD6 de la Tute,Ax 3 Domaines,42.67484368910481,1.7916861176490784,42.67484368910481,1.7916861176490784,42.67484368910481,1.7916861176490784,https://www.remontees-mecaniques.net/bdd/reportage-tsd6-de-la-tute-leitner-3057.html,2077.5,0.06077348066298342,11,11,181,2285.327624309392,0.0,4450.100000000001,181,1,11,11.0
TSF4 de Bisorne,Ax 3 Domaines,42.67323057789703,1.8124330043792727,42.67323057789703,1.8124330043792727,42.67323057789703,1.8124330043792727,https://www.remontees-mecaniques.net/bdd/reportage-tsf4-de-bisorne-lst-8495.html,,0.06077348066298342,11,11,181,2285.327624309392,0.0,4450.100000000001,181,1,11,11.0
TKD du Cap de Plan,Bourg d'Oueil,42.8586172198857,0.495511293411255,42.8586172198857,0.495511293411255,42.8586172198857,0.495511293411255,https://www.remontees-mecaniques.net/bdd/reportage-tkd-du-cap-de-plan-poma-5122.html,,0.20441988950276244,37,36,181,213.137016574586,0.0,417.39999999999986,181,1,37,37.0
TKD du Col Rouge,Les Angles,42.5825392185889,2.04281061887741,42.5825392185889,2.04281061887741,42.5825392185889,2.04281061887741,https://www.remontees-mecaniques.net/bdd/reportage-tkd-du-col-rouge-poma-913.html,2223.5,0.06629834254143646,12,11,181,1711.08453038674,0.0,3761.9,181,1,12,12.0
TSF4 Roc d'Aude,Les Angles,42.5800329954638,2.05425024032593,42.5800329954638,2.05425024032593,42.5800329954638,2.05425024032593,https://www.remontees-mecaniques.net/bdd/reportage-tsf4-roc-d-aude-poma-3727.html,,0.06629834254143646,12,11,181,1711.08453038674,0.0,3761.9,181,1,12,12.0
TKD du Plateau,Peyragudes,42.79114927462776,0.43845802545547485,42.79114927462776,0.43845802545547485,42.79114927462776,0.43845802545547485,https://www.remontees-mecaniques.net/bdd/reportage-tkd-du-plateau-poma-2558.html,,0.06629834254143646,12,11,181,2113.4707182320444,0.0,4444.300000000001,181,1,12,12.0
TSD6 Engaly,Piau-Engaly,42.7827519443025,0.166889727115631,42.7827519443025,0.166889727115631,42.7827519443025,0.166889727115631,https://www.remontees-mecaniques.net/bdd/reportage-tsd6-engaly-poma-1408.html,,0.10497237569060773,19,19,181,1016.0944751381213,0.0,2215.099999999999,181,1,19,19.0
TSF3 des Cimes,Peyragudes,42.779273391566,0.442663729190826,42.779273391566,0.442663729190826,42.779273391566,0.442663729190826,https://www.remontees-mecaniques.net/bdd/reportage-tsf3-des-cimes-poma-1795.html,1815.0,0.06629834254143646,12,11,181,2113.4707182320444,0.0,4444.300000000001,181,1,12,12.0
TSD6 de la  Tourette,Saint-Lary-Soulan,42.82766224188813,0.22062778472900393,42.82766224188813,0.22062778472900393,42.82766224188813,0.22062778472900393,https://www.remontees-mecaniques.net/bdd/reportage-tsd6-de-la-tourette-mnd-ropeways-bartholet-8341.html,,0.06629834254143646,12,11,181,4065.829281767956,0.0,8548.599999999999,181,1,12,12.0
TSF4 des Gardes,Le Lioran,45.0804793743668,2.74913012981415,45.0804793743668,2.74913012981415,45.0804793743668,2.74913012981415,https://www.remontees-mecaniques.net/bdd/reportage-tsf4-des-gardes-poma-3097.html,,0.10497237569060773,19,19,181,889.6524861878466,0.0,1744.1999999999996,181,1,19,19.0
TKD des Chômets 1,Le Mont-Dore (Le Sancy),45.546176473502,2.8168773651123,45.546176473502,2.8168773651123,45.546176473502,2.8168773651123,https://www.remontees-mecaniques.net/bdd/reportage-tkd-des-chomets-1-montaz-mautino-3612.html,,0.10497237569060773,19,19,181,815.5580110497226,0.0,1665.2999999999997,181,1,19,19.0
TKD de la Petite Rouge,Super-Besse (Le Sancy),45.51351871886816,2.851860076189041,45.51351871886816,2.851860076189041,45.51351871886816,2.851860076189041,https://www.remontees-mecaniques.net/bdd/reportage-tkd-de-la-petite-rouge-montaz-mautino-3638.html,1324.0,0.11049723756906077,20,19,181,673.334254143646,0.0,1377.0000000000002,181,1,20,20.0
TKD Les Naz,Menthières (Monts Jura),46.174695136896766,5.849339962005615,46.174695136896766,5.849339962005615,46.174695136896766,5.849339962005615,https://www.remontees-mecaniques.net/bdd/reportage-tkd-les-naz-montagner-3471.html,,0.23756906077348067,43,37,181,125.54475138121558,0.0,215.79999999999998,181,1,43,43.0
TKD du Chalet,La Planche des Belles Filles,47.77502336034269,6.7797579827243535,47.77502336034269,6.7797579827243535,47.77502336034269,6.7797579827243535,https://www.remontees-mecaniques.net/bdd/reportage-tkd-du-chalet-poma-6763.html,,0.11602209944751381,21,20,181,142.68895027624293,0.0,226.8,181,1,21,21.0
TKD du Refuge,La Planche des Belles Filles,47.7723224052634,6.775109767913819,47.7723224052634,6.775109767913819,47.7723224052634,6.775109767913819,https://www.remontees-mecaniques.net/bdd/reportage-tkd-du-refuge-poma-8153.html,,0.11602209944751381,21,20,181,142.68895027624293,0.0,226.8,181,1,21,21.0
TKD des Écureuils,Le Ballon d'Alsace,47.81058858949437,6.856925189495087,47.81058858949437,6.856925189495087,47.81058858949437,6.856925189495087,https://www.remontees-mecaniques.net/bdd/reportage-tkd-des-ecureuils-montaz-mautino-5612.html,998.0,0.11049723756906077,20,20,181,496.006629834255,0.0,814.2999999999998,181,1,20,20.0
TKD École Frenz,Le Frenz,47.92643068506947,6.945920088328422,47.92643068506947,6.945920088328422,47.92643068506947,6.945920088328422,https://www.remontees-mecaniques.net/bdd/reportage-tkd-ecole-frenz-poma-7474.html,,0.287292817679558,52,48,181,70.52541436464095,0.0,114.59999999999998,181,1,52,52.0
TKD Baby,Le Lac Blanc,48.1364587708606,7.0856237411499,48.1364587708606,7.0856237411499,48.1364587708606,7.0856237411499,https://www.remontees-mecaniques.net/bdd/reportage-tkd-baby-montaz-mautino-2279.html,1140.0,0.10497237569060773,19,19,181,422.2044198895027,0.0,673.2000000000004,181,1,19,19.0
TKD du  Thanner-Hubel,Thanner Hubel,47.82250390624524,7.031432390213013,47.82250390624524,7.031432390213013,47.82250390624524,7.031432390213013,https://www.remontees-mecaniques.net/bdd/reportage-tkd-du-thanner-hubel-montaz-mautino-6243.html,,0.287292817679558,52,48,181,70.66353591160222,0.0,117.49999999999997,181,1,52,52.0
TKD des Barmettes,Avoriaz (Morzine-Avoriaz - Les Portes du Soleil),46.20675440312934,6.778360605239868,46.20675440312934,6.778360605239868,46.20675440312934,6.778360605239868,https://www.remontees-mecaniques.net/bdd/reportage-tkd-des-barmettes-poma-4261.html,,0.06077348066298342,11,10,181,6126.023756906075,0.0,10831.700000000004,181,1,11,11.0
TSD6 du Stade,Avoriaz (Morzine-Avoriaz - Les Portes du Soleil),46.187269663332174,6.778988242149353,46.187269663332174,6.778988242149353,46.187269663332174,6.778988242149353,https://www.remontees-mecaniques.net/bdd/reportage-tsd6-du-stade-poma-5603.html,1836.5,0.06077348066298342,11,10,181,6126.023756906075,0.0,10831.700000000004,181,1,11,11.0
TSF4 des Rhodos,Bellevaux - Hirmentaz (Hirmentaz - Les Habères),46.23014923653849,6.49492621421814,46.23014923653849,6.49492621421814,46.23014923653849,6.49492621421814,https://www.remontees-mecaniques.net/bdd/reportage-tsf4-des-rhodos-poma-6376.html,1531.5,0.09944751381215469,18,11,181,2123.7187845303843,0.0,4115.8,181,1,18,18.0
TCD10 de Plan Joran,Chamonix-Mont-Blanc - Grands Montets (Vallée de Chamonix),45.97889190592925,6.927824020385742,45.97889190592925,6.927824020385742,45.97889190592925,6.927824020385742,https://www.remontees-mecaniques.net/bdd/reportage-tcd10-de-plan-joran-poma-5488.html,1693.5,0.09944751381215469,18,18,181,2119.0270718232064,0.0,3877.9999999999995,181,1,18,18.0
TKF des Débutants,Châtel (Les Portes du Soleil),46.267948086517904,6.858832836663678,46.267948086517904,6.858832836663678,46.267948086517904,6.858832836663678,https://www.remontees-mecaniques.net/bdd/reportage-tkf-des-debutants-poma-7340.html,1664.5,0.06077348066298342,11,11,181,4526.320441988953,0.0,8116.599999999998,181,1,11,11.0
TCD8 de l'Aup de Véran,Flaine (Le Grand Massif),46.003445596255986,6.691650152206421,46.003445596255986,6.691650152206421,46.003445596255986,6.691650152206421,https://www.remontees-mecaniques.net/bdd/reportage-tcd8-de-l-aup-de-veran-poma-6647.html,1888.0,0.06077348066298342,11,11,181,5728.5414364640865,0.0,10381.499999999996,181,1,11,11.0
TCD8 de Beauregard,La Clusaz (La Clusaz-Manigod - Les Aravis),45.9032878357679,6.42249047756195,45.9032878357679,6.42249047756195,45.9032878357679,6.42249047756195,https://www.remontees-mecaniques.net/bdd/reportage-tcd8-de-beauregard-doppelmayr-4843.html,,0.09944751381215469,18,11,181,5542.509392265194,0.0,9935.999999999996,181,1,18,18.0
TKD de l'Étrivaz,La Clusaz (La Clusaz-Manigod - Les Aravis),45.9105778007899,6.4687505364418,45.9105778007899,6.4687505364418,45.9105778007899,6.4687505364418,https://www.remontees-mecaniques.net/bdd/reportage-tkd-de-l-etrivaz-montaz-mautino-2663.html,,0.09944751381215469,18,11,181,5542.509392265194,0.0,9935.999999999996,181,1,18,18.0
TKD Juments 2000,La Clusaz (La Clusaz-Manigod - Les Aravis),45.8875960463541,6.45329296588898,45.8875960463541,6.45329296588898,45.8875960463541,6.45329296588898,https://www.remontees-mecaniques.net/bdd/reportage-tkd-juments-2000-montaz-mautino-3473.html,,0.09944751381215469,18,11,181,5542.509392265194,0.0,9935.999999999996,181,1,18,18.0
TKE du P'tit Bossonnet,La Clusaz (La Clusaz-Manigod - Les Aravis),45.90515054461529,6.434437036514282,45.90515054461529,6.434437036514282,45.90515054461529,6.434437036514282,https://www.remontees-mecaniques.net/bdd/reportage-tke-du-p-tit-bossonnet-doppelmayr-5960.html,,0.09944751381215469,18,11,181,5542.509392265194,0.0,9935.999999999996,181,1,18,18.0
TPH80 Transval,La Clusaz (La Clusaz-Manigod - Les Aravis),45.8860296108251,6.43412858247757,45.8860296108251,6.43412858247757,45.8860296108251,6.43412858247757,https://www.remontees-mecaniques.net/bdd/reportage-tph80-transval-montaz-mautino-3682.html,,0.09944751381215469,18,11,181,5542.509392265194,0.0,9935.999999999996,181,1,18,18.0
TSD6 de la Floria,Le Grand-Bornand (Les Aravis),45.9731879875125,6.45676374435425,45.9731879875125,6.45676374435425,45.9731879875125,6.45676374435425,https://www.remontees-mecaniques.net/bdd/reportage-tsd6-de-la-floria-doppelmayr-2733.html,,0.09944751381215469,18,18,181,3713.187845303866,0.0,6741.100000000001,181,1,18,18.0
TKD du Chalet Neuf,Le Reposoir,46.002610919855634,6.5081870555877686,46.002610919855634,6.5081870555877686,46.002610919855634,6.5081870555877686,https://www.remontees-mecaniques.net/bdd/reportage-tkd-du-chalet-neuf-montaz-mautino-5833.html,1346.5,0.11049723756906077,20,20,181,652.3558011049727,0.0,1221.1000000000001,181,1,20,20.0
TKD du Névé,Le Reposoir,46.00947799456177,6.535545587539673,46.00947799456177,6.535545587539673,46.00947799456177,6.535545587539673,https://www.remontees-mecaniques.net/bdd/reportage-tkd-du-neve-poma-5790.html,1051.0,0.11049723756906077,20,20,181,652.3558011049727,0.0,1221.1000000000001,181,1,20,20.0
TPH60 du Salève,Le Salève,46.16278652130141,6.189143657684326,46.16278652130141,6.189143657684326,46.16278652130141,6.189143657684326,https://www.remontees-mecaniques.net/bdd/reportage-tph60-du-saleve-von-roll-habegger-39.html,,0.3867403314917127,70,52,181,41.88011049723756,0.0,61.400000000000006,181,1,70,70.0
TSF4 du Barmus,Passy Plaine-Joux,45.95810146099803,6.751388311386109,45.95810146099803,6.751388311386109,45.95810146099803,6.751388311386109,https://www.remontees-mecaniques.net/bdd/reportage-tsf4-du-barmus-gmm-8973.html,,0.10497237569060773,19,19,181,777.7397790055252,0.0,1395.1999999999994,181,1,19,19.0
TKD du Roy,Praz-de-Lys (Praz-de-Lys - Sommand),46.14599751533426,6.581100225448608,46.14599751533426,6.581100225448608,46.14599751533426,6.581100225448608,https://www.remontees-mecaniques.net/bdd/reportage-tkd-du-roy-weber-1872.html,1500.0,0.09944751381215469,18,18,181,1543.8430939226537,0.0,2747.4,181,1,18,18.0
TSD6 des Nants,Saint-Gervais - Le Bettex (Arbois-Rochebrune - Évasion Mont Blanc),45.861795,6.674259,45.861795,6.674259,45.861795,6.674259,https://www.remontees-mecaniques.net/bdd/reportage-tsd6-des-nants-leitner-8260.html,1581.0,0.06077348066298342,11,11,181,4448.155801104968,0.0,7904.0,181,1,11,11.0
TSD6 des Monts Rosset,Saint-Gervais - Le Bettex (Arbois-Rochebrune - Évasion Mont Blanc),45.8814719470688,6.68103933334351,45.8814719470688,6.68103933334351,45.8814719470688,6.68103933334351,https://www.remontees-mecaniques.net/bdd/reportage-tsd6-des-monts-rosset-poma-4159.html,,0.06077348066298342,11,11,181,4448.155801104968,0.0,7904.0,181,1,11,11.0
TKD des Pendants,Samoëns (Le Grand Massif),46.05642175976271,6.699905991554261,46.05642175976271,6.699905991554261,46.05642175976271,6.699905991554261,https://www.remontees-mecaniques.net/bdd/reportage-tkd-des-pendants-poma-6668.html,1578.5,0.09944751381215469,18,18,181,2234.605524861879,0.0,4047.3999999999987,181,1,18,18.0
TSF6 des Demoiselles,Samoëns (Le Grand Massif),46.05083007725186,6.701193451881409,46.05083007725186,6.701193451881409,46.05083007725186,6.701193451881409,https://www.remontees-mecaniques.net/bdd/reportage-tsf6-des-demoiselles-doppelmayr-ingelo-6233.html,1581.5,0.09944751381215469,18,18,181,2234.605524861879,0.0,4047.3999999999987,181,1,18,18.0
TKD de la Mouille Noire,Sommand (Praz-de-Lys - Sommand),46.15575642324109,6.551536917686462,46.15575642324109,6.551536917686462,46.15575642324109,6.551536917686462,https://www.remontees-mecaniques.net/bdd/reportage-tkd-de-la-mouille-noire-montaz-mautino-1874.html,1505.0,0.09944751381215469,18,18,181,1735.853038674035,0.0,3081.4000000000005,181,1,18,18.0
TSD4 de la Tête de Balme,Vallorcine (Balme - Vallée de Chamonix),46.0429683757706,6.9527605175972,46.0429683757706,6.9527605175972,46.0429683757706,6.9527605175972,https://www.remontees-mecaniques.net/bdd/reportage-tsd4-de-la-tete-de-balme-poma-2853.html,1630.0,0.09944751381215469,18,18,181,1220.0165745856348,0.0,2218.5,181,1,18,18.0
TSF4 du Grand Loup,Albiez,45.2185585447291,6.34472250938416,45.2185585447291,6.34472250938416,45.2185585447291,6.34472250938416,https://www.remontees-mecaniques.net/bdd/reportage-tsf4-du-grand-loup-gmm-995.html,1516.0,0.09944751381215469,18,18,181,1841.8469613259665,0.0,3268.9999999999995,181,1,18,18.0
TSD6 de l'Armoise,Aussois (Haute Maurienne Vanoise),45.2486745155769,6.73593878746033,45.2486745155769,6.73593878746033,45.2486745155769,6.73593878746033,https://www.remontees-mecaniques.net/bdd/reportage-tsd6-de-l-armoise-doppelmayr-351.html,,0.09944751381215469,18,11,181,1851.2607734806618,0.0,3602.6000000000013,181,1,18,18.0
TKD des Lacs 1 & 2,Bonneval-sur-Arc (Haute Maurienne Vanoise),45.3635497214951,7.05368936061859,45.3635497214951,7.05368936061859,45.3635497214951,7.05368936061859,https://www.remontees-mecaniques.net/bdd/reportage-tkd-des-lacs-1-2-transcable-mecalift-84.html,2551.5,0.06077348066298342,11,11,181,1778.7591160221004,0.0,4542.500000000002,181,1,11,11.0
TCD8 de la  Vizelle,Courchevel (Les 3 Vallées),45.3958113092438,6.62020683288574,45.3958113092438,6.62020683288574,45.3958113092438,6.62020683288574,https://www.remontees-mecaniques.net/bdd/reportage-tcd8-de-la-vizelle-poma-2102.html,2367.5,0.06077348066298342,11,11,181,7231.286740331488,0.0,13007.500000000005,181,1,11,11.0
TKD du Rocher de l'Ombre & des Sources,Courchevel (Les 3 Vallées),45.4043182615456,6.62635177373886,45.4043182615456,6.62635177373886,45.4043182615456,6.62635177373886,https://www.remontees-mecaniques.net/bdd/reportage-tkd-du-rocher-de-l-ombre-des-sources-poma-3720.html,2048.5,0.06077348066298342,11,11,181,7231.286740331488,0.0,13007.500000000005,181,1,11,11.0
TSD4 de Chanrossa,Courchevel (Les 3 Vallées),45.3785542900869,6.63347840309143,45.3785542900869,6.63347840309143,45.3785542900869,6.63347840309143,https://www.remontees-mecaniques.net/bdd/reportage-tsd4-de-chanrossa-poma-186.html,2325.0,0.06077348066298342,11,11,181,7231.286740331488,0.0,13007.500000000005,181,1,11,11.0
TKD des Rafforts,Héry-sur-Ugine - Les Rafforts,45.78800745463686,6.48161641042168,45.78800745463686,6.48161641042168,45.78800745463686,6.48161641042168,https://www.remontees-mecaniques.net/bdd/reportage-tkd-des-rafforts-montagner-6587.html,1068.5,0.11602209944751381,21,20,181,276.72928176795585,0.0,500.80000000000007,181,1,21,21.0
TCD10 du  Mélezet,La Norma (Haute Maurienne Vanoise),45.20025852265642,6.69663492318629,45.20025852265642,6.69663492318629,45.20025852265642,6.69663492318629,https://www.remontees-mecaniques.net/bdd/reportage-tcd10-du-melezet-doppelmayr-8263.html,1363.0,0.06077348066298342,11,11,181,2079.036464088396,0.0,4343.199999999998,181,1,11,11.0
TKE des Mélèzes,La Norma (Haute Maurienne Vanoise),45.199510609892,6.723251938819885,45.199510609892,6.723251938819885,45.199510609892,6.723251938819885,https://www.remontees-mecaniques.net/bdd/reportage-tke-des-melezes-poma-5547.html,1826.0,0.06077348066298342,11,11,181,2079.036464088396,0.0,4343.199999999998,181,1,11,11.0
TKD de la Chevrette,La Plagne (Paradiski),45.505373170136515,6.684448421001434,45.505373170136515,6.684448421001434,45.505373170136515,6.684448421001434,https://www.remontees-mecaniques.net/bdd/reportage-tkd-de-la-chevrette-montaz-mautino-5556.html,2027.5,0.06077348066298342,11,11,181,9235.23038674033,0.0,16571.700000000004,181,1,11,11.0
TKF du Praconduit,La Plagne (Paradiski),45.51221336756858,6.675725877285004,45.51221336756858,6.675725877285004,45.51221336756858,6.675725877285004,https://www.remontees-mecaniques.net/bdd/reportage-tkf-du-praconduit-montagner-5396.html,1836.5,0.06077348066298342,11,11,181,9235.23038674033,0.0,16571.700000000004,181,1,11,11.0
TSD6 Roches Noires,La Rosière (Espace San Bernardo),45.629304,6.848394,45.629304,6.848394,45.629304,6.848394,https://www.remontees-mecaniques.net/bdd/reportage-tsd6-roches-noires-poma-199.html,,0.06077348066298342,11,11,181,4957.753038674036,0.0,9088.399999999996,181,1,11,11.0
TSD4 du Dou des Lanches,La Tania (Les 3 Vallées),45.4159023803978,6.60709083080292,45.4159023803978,6.60709083080292,45.4159023803978,6.60709083080292,https://www.remontees-mecaniques.net/bdd/reportage-tsd4-du-dou-des-lanches-poma-1564.html,1867.0,0.09944751381215469,18,18,181,1060.2331491712714,0.0,1887.9999999999995,181,1,18,18.0
TSF4 du Grand Truc,La Toussuire (Les Sybelles),45.2622143217127,6.26533716917038,45.2622143217127,6.26533716917038,45.2622143217127,6.26533716917038,https://www.remontees-mecaniques.net/bdd/reportage-tsf4-du-grand-truc-montaz-mautino-152.html,1915.0,0.09944751381215469,18,11,181,4309.754696132599,0.0,7880.800000000002,181,1,18,18.0
TSF3 de Saint Jacques,Les Arcs (Paradiski),45.56360571911888,6.831302046775818,45.56360571911888,6.831302046775818,45.56360571911888,6.831302046775818,https://www.remontees-mecaniques.net/bdd/reportage-tsf3-de-saint-jacques-poma-8422.html,,0.06077348066298342,11,11,181,7061.487292817676,0.0,12948.499999999995,181,1,11,11.0
TKE de la Lauze,Les Bottières (Les Sybelles),45.262951734175246,6.278301611108012,45.262951734175246,6.278301611108012,45.262951734175246,6.278301611108012,https://www.remontees-mecaniques.net/bdd/reportage-tke-de-la-lauze-gmm-6963.html,1708.5,0.10497237569060773,19,18,181,789.3629834254133,0.0,1401.0,181,1,19,19.0
TKD de Casse Massion,Les Karellis,45.21801062778654,6.384488940238953,45.21801062778654,6.384488940238953,45.21801062778654,6.384488940238953,https://www.remontees-mecaniques.net/bdd/reportage-tkd-de-casse-massion-poma-6735.html,2051.5,0.09944751381215469,18,11,181,2675.2359116022108,0.0,4993.400000000002,181,1,18,18.0
TSF4 Tortollet,Les Menuires (Les 3 Vallées),45.3256710704287,6.5307229757309,45.3256710704287,6.5307229757309,45.3256710704287,6.5307229757309,https://www.remontees-mecaniques.net/bdd/reportage-tsf4-tortollet-poma-4093.html,,0.06077348066298342,11,11,181,4390.169060773477,0.0,8086.700000000001,181,1,11,11.0
TKD de la Palette,Les Saisies (Espace Diamant),45.7568121457921,6.50940209627151,45.7568121457921,6.50940209627151,45.7568121457921,6.50940209627151,https://www.remontees-mecaniques.net/bdd/reportage-tkd-de-la-palette-montaz-mautino-1918.html,1842.5,0.06077348066298342,11,11,181,6514.234806629835,0.0,11865.099999999993,181,1,11,11.0
TSF4 du Chamois,Les Saisies (Espace Diamant),45.7523355979695,6.49853110313416,45.7523355979695,6.49853110313416,45.7523355979695,6.49853110313416,https://www.remontees-mecaniques.net/bdd/reportage-tsf4-du-chamois-skirail-3179.html,,0.06077348066298342,11,11,181,6514.234806629835,0.0,11865.099999999993,181,1,11,11.0
TKD du Rocher Blanc,Saint-François-Longchamp (Le Grand Domaine),45.419707373035614,6.382415592670441,45.419707373035614,6.382415592670441,45.419707373035614,6.382415592670441,https://www.remontees-mecaniques.net/bdd/reportage-tkd-du-rocher-blanc-poma-5558.html,2040.0,0.06077348066298342,11,11,181,3326.0419889502737,0.0,5978.700000000002,181,1,11,11.0
TKE2 Termignon 1 & 2,Tignes (Espace Tignes-Val d'Isère),45.4126902474086,6.88979297876358,45.4126902474086,6.88979297876358,45.4126902474086,6.88979297876358,https://www.remontees-mecaniques.net/bdd/reportage-tke2-termignon-1-2-buhler-511.html,3130.0,0.06077348066298342,11,11,181,7473.4497237569085,0.0,14787.700000000006,181,1,11,11.0
TSD6 de Montissot,Valloire (Galibier Thabor),45.15302879532559,6.444345320890293,45.15302879532559,6.444345320890293,45.15302879532559,6.444345320890293,https://www.remontees-mecaniques.net/bdd/reportage-tsd6-de-montissot-doppelmayr-7213.html,2075.0,0.06077348066298342,11,11,181,3330.625966850829,0.0,6269.500000000004,181,1,11,11.0
TKE de Pré Varel,Valmeinier (Galibier Thabor),45.183178731551685,6.474069356918335,45.183178731551685,6.474069356918335,45.183178731551685,6.474069356918335,https://www.remontees-mecaniques.net/bdd/reportage-tke-de-pre-varel-poma-7149.html,1560.5,0.06077348066298342,11,11,181,3402.902762430942,0.0,6310.300000000001,181,1,11,11.0
TSD4 des Amoureux,Chamrousse,45.12015882871358,5.8914560079574585,45.12015882871358,5.8914560079574585,45.12015882871358,5.8914560079574585,https://www.remontees-mecaniques.net/bdd/reportage-tsd4-des-amoureux-poma-6069.html,2106.0,0.09944751381215469,18,18,181,2890.91491712707,0.0,5750.699999999999,181,1,18,18.0
TSCD6-10 du Clos de la Balme,Corrençon-en-Vercors (Espace Villard-Corrençon),45.018244664045525,5.530500411987305,45.018244664045525,5.530500411987305,45.018244664045525,5.530500411987305,https://www.remontees-mecaniques.net/bdd/reportage-tscd6-10-du-clos-de-la-balme-poma-6263.html,1419.0,0.11602209944751381,21,19,181,536.8850828729285,0.0,982.7999999999998,181,1,21,21.0
FUN V des Marmottes III,L'Alpe d'Huez (Alpe d'Huez Grand Domaine Ski),45.11103185379565,6.111933588981628,45.11103185379565,6.111933588981628,45.11103185379565,6.111933588981628,https://www.remontees-mecaniques.net/bdd/reportage-fun-v-des-marmottes-iii-doppelmayr-5735.html,2914.5,0.06077348066298342,11,11,181,5176.154143646405,0.0,9890.400000000003,181,1,11,11.0
"TKD des Jeux 1, 2 & 3",L'Alpe d'Huez (Alpe d'Huez Grand Domaine Ski),45.0983610722027,6.07037276029587,45.0983610722027,6.07037276029587,45.0983610722027,6.07037276029587,https://www.remontees-mecaniques.net/bdd/reportage-tkd-des-jeux-1-2-3-poma-2711.html,,0.06077348066298342,11,11,181,5176.154143646405,0.0,9890.400000000003,181,1,11,11.0
TKD des Cloutons,L'Alpe du Grand Serre,44.993210042885,5.82755237817764,44.993210042885,5.82755237817764,44.993210042885,5.82755237817764,https://www.remontees-mecaniques.net/bdd/reportage-tkd-des-cloutons-poma-2565.html,,0.09944751381215469,18,11,181,2032.4005524861866,0.0,4090.2999999999997,181,1,18,18.0
TKD des Pitchounets,Briançon (Serre Chevalier Vallée),44.8965476186518,6.61618888378143,44.8965476186518,6.61618888378143,44.8965476186518,6.61618888378143,https://www.remontees-mecaniques.net/bdd/reportage-tkd-des-pitchounets-poma-4581.html,1620.0,0.09944751381215469,18,11,181,1311.9856353591163,0.0,2586.299999999999,181,1,18,18.0
TPH40 de Serre Chevalier,Chantemerle (Serre Chevalier Vallée),44.92479981473516,6.570813953876495,44.92479981473516,6.570813953876495,44.92479981473516,6.570813953876495,https://www.remontees-mecaniques.net/bdd/reportage-tph40-de-serre-chevalier-poma-5615.html,2190.0,0.06077348066298342,11,11,181,2346.8254143646395,0.0,4622.800000000001,181,1,11,11.0
TKD de Bouche Clauze,Crévoux,44.5455066855058,6.60646855831146,44.5455066855058,6.60646855831146,44.5455066855058,6.60646855831146,https://www.remontees-mecaniques.net/bdd/reportage-tkd-de-bouche-clauze-poma-gmm-1977.html,,0.06077348066298342,11,11,181,778.8674033149173,0.0,1562.5000000000007,181,1,11,11.0
TKF du Vivier,Crévoux,44.54348227329876,6.604714393615723,44.54348227329876,6.604714393615723,44.54348227329876,6.604714393615723,https://www.remontees-mecaniques.net/bdd/reportage-tkf-du-vivier-poma-8418.html,,0.06077348066298342,11,11,181,778.8674033149173,0.0,1562.5000000000007,181,1,11,11.0
TKD du Pré de l'Etoile,Crévoux,44.5191532363553,6.618007421493531,44.5191532363553,6.618007421493531,44.5191532363553,6.618007421493531,https://www.remontees-mecaniques.net/bdd/reportage-tkd-du-pre-de-l-etoile-montagner-poma-8502.html,,0.06077348066298342,11,11,181,778.8674033149173,0.0,1562.5000000000007,181,1,11,11.0
TSF4 de l'Aiguillette,Chantemerle (Serre Chevalier Vallée),44.9211458381578,6.58867210149765,44.9211458381578,6.58867210149765,44.9211458381578,6.58867210149765,https://www.remontees-mecaniques.net/bdd/reportage-tsf4-de-l-aiguillette-poma-484.html,1995.0,0.06077348066298342,11,11,181,2346.8254143646395,0.0,4622.800000000001,181,1,11,11.0
TKD du Clos des Martins,Le Dévoluy,44.6654347550696,5.92014759778976,44.6654347550696,5.92014759778976,44.6654347550696,5.92014759778976,https://www.remontees-mecaniques.net/bdd/reportage-tkd-du-clos-des-martins-poma-2896.html,,0.06077348066298342,11,11,181,2744.439779005526,0.0,5644.000000000001,181,1,11,11.0
TKD Portette,Les Orres,44.47899308259144,6.577355861663818,44.47899308259144,6.577355861663818,44.47899308259144,6.577355861663818,https://www.remontees-mecaniques.net/bdd/reportage-tkd-portette-montaz-mautino-3087.html,2514.5,0.06077348066298342,11,11,181,2027.2464088397799,0.0,4301.200000000001,181,1,11,11.0
TKD des Torres,Molines-en-Queyras (Beauregard - Queyras),44.721065649043254,6.851448118686676,44.721065649043254,6.851448118686676,44.721065649043254,6.851448118686676,https://www.remontees-mecaniques.net/bdd/reportage-tkd-des-torres-montaz-mautino-7597.html,1763.0,0.06077348066298342,11,11,181,924.7966850828732,0.0,1883.1000000000004,181,1,11,11.0
TSF2 du Soleil,Orcières Merlette,44.6945343801585,6.31615161895752,44.6945343801585,6.31615161895752,44.6945343801585,6.31615161895752,https://www.remontees-mecaniques.net/bdd/reportage-tsf2-du-soleil-poma-4685.html,,0.06077348066298342,11,11,181,2970.6828729281756,0.0,5940.4000000000015,181,1,11,11.0
TB3x6 du Clos Fournier,Risoul (La Forêt Blanche),44.6207709078555,6.63292586803436,44.6207709078555,6.63292586803436,44.6207709078555,6.63292586803436,https://www.remontees-mecaniques.net/bdd/reportage-tb3x6-du-clos-fournier-poma-3434.html,1880.5,0.06077348066298342,11,11,181,2167.664088397791,0.0,4384.799999999999,181,1,11,11.0
TSD4 de Sainte Marie,Vars (La Forêt Blanche),44.5970299693131,6.68867826461792,44.5970299693131,6.68867826461792,44.5970299693131,6.68867826461792,https://www.remontees-mecaniques.net/bdd/reportage-tsd4-de-sainte-marie-leitner-368.html,,0.06077348066298342,11,11,181,2011.5569060773473,0.0,4120.099999999999,181,1,11,11.0
TKD des Aiguilles,Lus la Jarjatte,44.66972871748712,5.767318010330201,44.66972871748712,5.767318010330201,44.66972871748712,5.767318010330201,https://www.remontees-mecaniques.net/bdd/reportage-tkd-des-aiguilles-montaz-mautino-9219.html,,0.11049723756906077,20,18,181,426.18342541436465,0.0,787.9999999999998,181,1,20,20.0
TSF3 des Quartiers,Pra Loup (La Foux-Pra Loup - Espace Lumière),44.3346694312237,6.571401357650757,44.3346694312237,6.571401357650757,44.3346694312237,6.571401357650757,https://www.remontees-mecaniques.net/bdd/reportage-tsf3-des-quartiers-poma-2905.html,2190.0,0.06077348066298342,11,11,181,1434.7226519337023,0.0,3180.2000000000007,181,1,11,11.0
TKF École du Plateau,Ax 3 Domaines,42.67613335914352,1.7982709407806396,42.67613335914352,1.7982709407806396,42.67613335914352,1.7982709407806396,https://www.remontees-mecaniques.net/bdd/reportage-tkf-ecole-du-plateau-poma-6282.html,2017.5,0.06077348066298342,11,11,181,2285.327624309392,0.0,4450.100000000001,181,1,11,11.0
TKD de Coste Rouge 1 & 2,Camurac,42.7769247165811,1.92342281341553,42.7769247165811,1.92342281341553,42.7769247165811,1.92342281341553,https://www.remontees-mecaniques.net/bdd/reportage-tkd-de-coste-rouge-1-2-montaz-mautino-920.html,1632.5,0.19889502762430938,36,21,181,352.11933701657483,0.0,640.3999999999999,181,1,36,36.0
TSF4 Panoramic ( ex Coume Lounque),La Mongie (Grand Tourmalet),42.90841939506574,0.1474463939666748,42.90841939506574,0.1474463939666748,42.90841939506574,0.1474463939666748,https://www.remontees-mecaniques.net/bdd/reportage-tsf4-panoramic-ex-coume-lounque-poma-3737.html,,0.06629834254143646,12,11,181,2534.767955801105,0.0,5395.5,181,1,12,12.0
TSD4 Jassettes Express,Les Angles,42.5772837365062,2.07055807113647,42.5772837365062,2.07055807113647,42.5772837365062,2.07055807113647,https://www.remontees-mecaniques.net/bdd/reportage-tsd4-jassettes-express-doppelmayr-908.html,1841.5,0.06629834254143646,12,11,181,1711.08453038674,0.0,3761.9,181,1,12,12.0
TCD10 Skyvall,Peyragudes,42.79938496642606,0.4111123086477164,42.79938496642606,0.4111123086477164,42.79938496642606,0.4111123086477164,https://www.remontees-mecaniques.net/bdd/reportage-tcd10-skyvall-poma-7078.html,,0.06629834254143646,12,11,181,2113.4707182320444,0.0,4444.300000000001,181,1,12,12.0
TSD6 du Dôme de la Mine,Porté-Puymorens,42.55141264731965,1.7885935306549074,42.55141264731965,1.7885935306549074,42.55141264731965,1.7885935306549074,https://www.remontees-mecaniques.net/bdd/reportage-tsd6-du-dome-de-la-mine-poma-8345.html,2286.0,0.10497237569060773,19,12,181,838.6022099447518,0.0,1828.7000000000003,181,1,19,19.0
TKE de la Record,Luchon - Superbagnères,42.7773204341977,0.578681230545044,42.7773204341977,0.578681230545044,42.7773204341977,0.578681230545044,https://www.remontees-mecaniques.net/bdd/reportage-tke-de-la-record-doppelmayr-2104.html,,0.06629834254143646,12,11,181,1490.0850828729276,0.0,2979.0999999999985,181,1,12,12.0
TKE Glacier,Saint-Lary-Soulan,42.8361262518765,0.226088762283325,42.8361262518765,0.226088762283325,42.8361262518765,0.226088762283325,https://www.remontees-mecaniques.net/bdd/reportage-tke-glacier-doppelmayr-2872.html,,0.06629834254143646,12,11,181,4065.829281767956,0.0,8548.599999999999,181,1,12,12.0
TKD du Col,Val Louron,42.7910902256491,0.374691188335419,42.7910902256491,0.374691188335419,42.7910902256491,0.374691188335419,https://www.remontees-mecaniques.net/bdd/reportage-tkd-du-col-poma-3775.html,,0.10497237569060773,19,12,181,1108.774585635359,0.0,2325.199999999998,181,1,19,19.0
TKD du Plateau,Le Mont-Dore (Le Sancy),45.5320591434313,2.81862750649452,45.5320591434313,2.81862750649452,45.5320591434313,2.81862750649452,https://www.remontees-mecaniques.net/bdd/reportage-tkd-du-plateau-montaz-mautino-2639.html,1706.0,0.10497237569060773,19,19,181,815.5580110497226,0.0,1665.2999999999997,181,1,19,19.0
TKD des Entrerôches,Bellefontaine,46.5569716956409,6.06988728046417,46.5569716956409,6.06988728046417,46.5569716956409,6.06988728046417,https://www.remontees-mecaniques.net/bdd/reportage-tkd-des-entreroches-montagner-4837.html,,0.11602209944751381,21,20,181,261.26961325966835,0.0,456.3999999999999,181,1,21,21.0
TSF4 de la Plaine des Moutons,Super-Besse (Le Sancy),45.5122904301853,2.85330712795258,45.5122904301853,2.85330712795258,45.5122904301853,2.85330712795258,https://www.remontees-mecaniques.net/bdd/reportage-tsf4-de-la-plaine-des-moutons-poma-1080.html,,0.11049723756906077,20,19,181,673.334254143646,0.0,1377.0000000000002,181,1,20,20.0
TKD de la  Cernay Blanche,La Chaux,47.018264947812504,6.431701183319093,47.018264947812504,6.431701183319093,47.018264947812504,6.431701183319093,https://www.remontees-mecaniques.net/bdd/reportage-tkd-de-la-cernay-blanche-montaz-mautino-8881.html,933.0,0.27071823204419887,49,36,181,84.52651933701647,0.0,134.29999999999998,181,1,49,49.0
TKD des Rangs,Les Fourgs,46.83386971278255,6.4211440086364755,46.83386971278255,6.4211440086364755,46.83386971278255,6.4211440086364755,https://www.remontees-mecaniques.net/bdd/reportage-tkd-des-rangs-montaz-mautino-8971.html,1145.5,0.11049723756906077,20,20,181,439.69613259668506,0.0,730.0,181,1,20,20.0
TKD des Granges Deniset,Métabief,46.7366400652538,6.36895358562469,46.7366400652538,6.36895358562469,46.7366400652538,6.36895358562469,https://www.remontees-mecaniques.net/bdd/reportage-tkd-des-granges-deniset-poma-3996.html,,0.11049723756906077,20,19,181,686.7143646408847,0.0,1200.0999999999997,181,1,20,20.0
TKF de Balveurche,Chaume de Balveurche,48.06561565634838,6.993192136287689,48.06561565634838,6.993192136287689,48.06561565634838,6.993192136287689,https://www.remontees-mecaniques.net/bdd/reportage-tkf-de-balveurche-poma-5259.html,1077.5,-1.0,0,0,0,0.0,0.0,0.0,0,0,0,0.0
TSF4 de la Tête de Grouvelin,Gérardmer,48.0553007531113,6.91112995147705,48.0553007531113,6.91112995147705,48.0553007531113,6.91112995147705,https://www.remontees-mecaniques.net/bdd/reportage-tsf4-de-la-tete-de-grouvelin-poma-2285.html,945.0,0.10497237569060773,19,19,181,398.1005524861875,0.0,634.9000000000001,181,1,19,19.0
TSD4 du Grand Artimont,La Bresse - Hohneck,48.028877649997064,6.977856606245041,48.028877649997064,6.977856606245041,48.028877649997064,6.977856606245041,https://www.remontees-mecaniques.net/bdd/reportage-tsd4-du-grand-artimont-poma-6099.html,,0.10497237569060773,19,18,181,656.2386740331492,0.0,1051.9999999999995,181,1,19,19.0
TSF4 de Belle Hutte,La Bresse - Hohneck,48.035127539046,6.96516036987305,48.035127539046,6.96516036987305,48.035127539046,6.96516036987305,https://www.remontees-mecaniques.net/bdd/reportage-tsf4-de-belle-hutte-poma-3083.html,,0.10497237569060773,19,18,181,656.2386740331492,0.0,1051.9999999999995,181,1,19,19.0
TKD du Sommet,La Planche des Belles Filles,47.7718465022564,6.774433851242066,47.7718465022564,6.774433851242066,47.7718465022564,6.774433851242066,https://www.remontees-mecaniques.net/bdd/reportage-tkd-du-sommet-poma-8184.html,,0.11602209944751381,21,20,181,142.68895027624293,0.0,226.8,181,1,21,21.0
TKD du Petit Langenberg,Le Ballon d'Alsace,47.80645077475092,6.857410669326782,47.80645077475092,6.857410669326782,47.80645077475092,6.857410669326782,https://www.remontees-mecaniques.net/bdd/reportage-tkd-du-petit-langenberg-montaz-mautino-5652.html,1096.0,0.11049723756906077,20,20,181,496.006629834255,0.0,814.2999999999998,181,1,20,20.0
TKD Hinterschallern,Le Gaschney,48.040611879322725,7.043330669403077,48.040611879322725,7.043330669403077,48.040611879322725,7.043330669403077,https://www.remontees-mecaniques.net/bdd/reportage-tkd-hinterschallern-poma-6786.html,1126.0,0.11049723756906077,20,19,181,246.08950276243075,0.0,394.5000000000001,181,1,20,20.0
TKD du Tinfronce,Le Lac Blanc,48.14285226813848,7.082989811897278,48.14285226813848,7.082989811897278,48.14285226813848,7.082989811897278,https://www.remontees-mecaniques.net/bdd/reportage-tkd-du-tinfronce-montaz-mautino-6172.html,990.0,0.10497237569060773,19,19,181,422.2044198895027,0.0,673.2000000000004,181,1,19,19.0
TSD6 de Montjoie,Le Lac Blanc,48.1460271964785,7.07702994346619,48.1460271964785,7.07702994346619,48.1460271964785,7.07702994346619,https://www.remontees-mecaniques.net/bdd/reportage-tsd6-de-montjoie-poma-203.html,990.0,0.10497237569060773,19,19,181,422.2044198895027,0.0,673.2000000000004,181,1,19,19.0
TKD des Incarnes,Bellevaux - Hirmentaz (Hirmentaz - Les Habères),46.24445477542537,6.505520939826965,46.24445477542537,6.505520939826965,46.24445477542537,6.505520939826965,https://www.remontees-mecaniques.net/bdd/reportage-tkd-des-incarnes-montaz-mautino-6349.html,1409.5,0.09944751381215469,18,11,181,2123.7187845303843,0.0,4115.8,181,1,18,18.0
TSD4 du Pré Richard,Bernex,46.35615471846535,6.689654588699342,46.35615471846535,6.689654588699342,46.35615471846535,6.689654588699342,https://www.remontees-mecaniques.net/bdd/reportage-tsd4-du-pre-richard-poma-7499.html,1183.5,0.11049723756906077,20,19,181,304.78453038674036,0.0,490.5,181,1,20,20.0
TKD de la Samaran,Chamonix-Mont-Blanc - Brévent-Flégère (Vallée de Chamonix),45.9265261590377,6.86764061450958,45.9265261590377,6.86764061450958,45.9265261590377,6.86764061450958,https://www.remontees-mecaniques.net/bdd/reportage-tkd-de-la-samaran-montagner-4887.html,1057.5,0.06077348066298342,11,11,181,4290.926519337017,0.0,7791.7999999999965,181,1,11,11.0
TSD6 du Tabé,Chamonix-Mont-Blanc - Grands Montets (Vallée de Chamonix),45.96846783042223,6.936857700347901,45.96846783042223,6.936857700347901,45.96846783042223,6.936857700347901,https://www.remontees-mecaniques.net/bdd/reportage-tsd6-du-tabe-leitner-7288.html,,0.09944751381215469,18,18,181,2119.0270718232064,0.0,3877.9999999999995,181,1,18,18.0
TKD de la Vormaine 3,Chamonix-Mont-Blanc - Le Tour (Balme - Vallée de Chamonix),46.00229977610042,6.947793066501617,46.00229977610042,6.947793066501617,46.00229977610042,6.947793066501617,https://www.remontees-mecaniques.net/bdd/reportage-tkd-de-la-vormaine-3-montaz-mautino-5760.html,1552.5,0.09944751381215469,18,11,181,2904.868508287292,0.0,5242.700000000003,181,1,18,18.0
TSD6 de Conche,Châtel (Les Portes du Soleil),46.27056282856689,6.846907138824464,46.27056282856689,6.846907138824464,46.27056282856689,6.846907138824464,https://www.remontees-mecaniques.net/bdd/reportage-tsd6-de-conche-poma-9187.html,,0.06077348066298342,11,11,181,4526.320441988953,0.0,8116.599999999998,181,1,11,11.0
TSF4 de Corbalanche,Flaine (Le Grand Massif),46.02888972828094,6.692653298377991,46.02888972828094,6.692653298377991,46.02888972828094,6.692653298377991,https://www.remontees-mecaniques.net/bdd/reportage-tsf4-de-corbalanche-poma-6225.html,1974.5,0.06077348066298342,11,11,181,5728.5414364640865,0.0,10381.499999999996,181,1,11,11.0
TKD du Dahu,La Chapelle-d'Abondance - Crêt-Béni (Les Portes du Soleil),46.2925719836933,6.78193598985672,46.2925719836933,6.78193598985672,46.2925719836933,6.78193598985672,https://www.remontees-mecaniques.net/bdd/reportage-tkd-du-dahu-montaz-mautino-4678.html,1018.5,0.10497237569060773,19,19,181,811.160220994476,0.0,1442.2000000000003,181,1,19,19.0
TKE du Nant,La Clusaz (La Clusaz-Manigod - Les Aravis),45.90532101504386,6.4363268450050555,45.90532101504386,6.4363268450050555,45.90532101504386,6.4363268450050555,https://www.remontees-mecaniques.net/bdd/reportage-tke-du-nant-doppelmayr-6477.html,1119.0,0.09944751381215469,18,11,181,5542.509392265194,0.0,9935.999999999996,181,1,18,18.0
TSCD6-8 de l'Étale,La Clusaz (La Clusaz-Manigod - Les Aravis),45.8834474162697,6.43345534801483,45.8834474162697,6.43345534801483,45.8834474162697,6.43345534801483,https://www.remontees-mecaniques.net/bdd/reportage-tscd6-8-de-l-etale-poma-2221.html,1430.0,0.09944751381215469,18,11,181,5542.509392265194,0.0,9935.999999999996,181,1,18,18.0
TSCD6-10 du Bossonnet,La Clusaz (La Clusaz-Manigod - Les Aravis),45.90503109422001,6.432865262031555,45.90503109422001,6.432865262031555,45.90503109422001,6.432865262031555,https://www.remontees-mecaniques.net/bdd/reportage-tscd6-10-du-bossonnet-poma-5819.html,,0.09944751381215469,18,11,181,5542.509392265194,0.0,9935.999999999996,181,1,18,18.0
TCD8 de la Kédeuze,Les Carroz d'Arâches (Le Grand Massif),46.02473303925407,6.644271612167358,46.02473303925407,6.644271612167358,46.02473303925407,6.644271612167358,https://www.remontees-mecaniques.net/bdd/reportage-tcd8-de-la-kedeuze-poma-6215.html,,0.09944751381215469,18,18,181,1898.033701657459,0.0,3460.200000000002,181,1,18,18.0
TKD des Loyers,Les Contamines-Montjoie (Les Contamines - Hauteluce - Évasion Mont Blanc),45.8173375127377,6.72848492860794,45.8173375127377,6.72848492860794,45.8173375127377,6.72848492860794,https://www.remontees-mecaniques.net/bdd/reportage-tkd-des-loyers-montaz-mautino-1013.html,1150.0,0.06077348066298342,11,11,181,5286.2790055248615,0.0,9461.0,181,1,11,11.0
TSD6 du Nant Rouge,Les Contamines-Montjoie (Les Contamines - Hauteluce - Évasion Mont Blanc),45.788736431887,6.68850660324097,45.788736431887,6.68850660324097,45.788736431887,6.68850660324097,https://www.remontees-mecaniques.net/bdd/reportage-tsd6-du-nant-rouge-poma-4065.html,1685.0,0.06077348066298342,11,11,181,5286.2790055248615,0.0,9461.0,181,1,11,11.0
TKD du Château,Les Gets (Morzine-Les Gets - Les Portes du Soleil),46.1490376044149,6.65854096412659,46.1490376044149,6.65854096412659,46.1490376044149,6.65854096412659,https://www.remontees-mecaniques.net/bdd/reportage-tkd-du-chateau-poma-5048.html,,0.09944751381215469,18,11,181,4687.4983425414375,0.0,8348.4,181,1,18,18.0
TKD du Replan,Les Habères (Hirmentaz - Les Habères),46.23314942320248,6.478822231292725,46.23314942320248,6.478822231292725,46.23314942320248,6.478822231292725,https://www.remontees-mecaniques.net/bdd/reportage-tkd-du-replan-montaz-mautino-6326.html,1320.0,0.10497237569060773,19,18,181,828.7016574585639,0.0,1568.2000000000007,181,1,19,19.0
TKD du Petit & Grand Choucas,Manigod (La Clusaz-Manigod - Les Aravis),45.862544587771,6.41720652580261,45.862544587771,6.41720652580261,45.862544587771,6.41720652580261,https://www.remontees-mecaniques.net/bdd/reportage-tkd-du-petit-grand-choucas-montagner-2463.html,,0.09944751381215469,18,18,181,3031.833701657457,0.0,5380.799999999999,181,1,18,18.0
TCD9 d'Ardent,Montriond (Morzine-Avoriaz - Les Portes du Soleil),46.213828095145274,6.76108717918396,46.213828095145274,6.76108717918396,46.213828095145274,6.76108717918396,https://www.remontees-mecaniques.net/bdd/reportage-tcd9-d-ardent-poma-3809.html,,0.2154696132596685,39,25,181,163.36298342541437,0.0,316.60000000000014,181,1,39,39.0
TCD10 de l'Alpin,Saint-Gervais - Le Bettex (Arbois-Rochebrune - Évasion Mont Blanc),45.874800018210756,6.685861945152284,45.874800018210756,6.685861945152284,45.874800018210756,6.685861945152284,https://www.remontees-mecaniques.net/bdd/reportage-tcd10-de-l-alpin-poma-9218.html,1110.0,0.06077348066298342,11,11,181,4448.155801104968,0.0,7904.0,181,1,11,11.0
TSF3 du Mont Joly,Saint-Nicolas-de-Véroce (Arbois-Rochebrune - Évasion Mont Blanc),45.83779951139337,6.675884127616882,45.83779951139337,6.675884127616882,45.83779951139337,6.675884127616882,https://www.remontees-mecaniques.net/bdd/reportage-tsf3-du-mont-joly-montaz-mautino-1623.html,2042.0,0.09944751381215469,18,18,181,2162.8872928176793,0.0,3836.399999999999,181,1,18,18.0
TKD du Choucas 1 & 2,Thollon-les-Mémises,46.37875862031914,6.726312339305878,46.37875862031914,6.726312339305878,46.37875862031914,6.726312339305878,https://www.remontees-mecaniques.net/bdd/reportage-tkd-du-choucas-1-2-montaz-mautino-8298.html,,0.10497237569060773,19,19,181,609.5690607734807,0.0,981.0,181,1,19,19.0
TKD École,Thollon-les-Mémises,46.3757441968553,6.7296262085437775,46.3757441968553,6.7296262085437775,46.3757441968553,6.7296262085437775,https://www.remontees-mecaniques.net/bdd/reportage-tkd-ecole-poma-8320.html,,0.10497237569060773,19,19,181,609.5690607734807,0.0,981.0,181,1,19,19.0
TKD du Crêt de l'Ane,Albiez,45.2179388313821,6.35234802961349,45.2179388313821,6.35234802961349,45.2179388313821,6.35234802961349,https://www.remontees-mecaniques.net/bdd/reportage-tkd-du-cret-de-l-ane-montaz-mautino-2743.html,1681.5,0.09944751381215469,18,18,181,1841.8469613259665,0.0,3268.9999999999995,181,1,18,18.0
TKD Grande-Combe & Legette (†),Arêches-Beaufort,45.65577611461146,6.533885300159454,45.65577611461146,6.533885300159454,45.65577611461146,6.533885300159454,https://www.remontees-mecaniques.net/bdd/reportage-tkd-grande-combe-legette-montaz-mautino-4190.html,1968.0,0.09944751381215469,18,11,181,3226.280662983425,0.0,5930.900000000002,181,1,18,18.0
TKE du Claret,Bessans (Haute Maurienne Vanoise),45.32611423104206,6.9876667857170105,45.32611423104206,6.9876667857170105,45.32611423104206,6.9876667857170105,https://www.remontees-mecaniques.net/bdd/reportage-tke-du-claret-poma-6796.html,,0.10497237569060773,19,18,181,367.5348066298342,0.0,999.1999999999998,181,1,19,19.0
TKE de la Pierre Fendue,Bonneval-sur-Arc (Haute Maurienne Vanoise),45.37355572178286,7.0562052726745605,45.37355572178286,7.0562052726745605,45.37355572178286,7.0562052726745605,https://www.remontees-mecaniques.net/bdd/reportage-tke-de-la-pierre-fendue-poma-6536.html,,0.06077348066298342,11,11,181,1778.7591160221004,0.0,4542.500000000002,181,1,11,11.0
TKD du Lac,Flumet (Espace Diamant),45.8184479018472,6.55299067497253,45.8184479018472,6.55299067497253,45.8184479018472,6.55299067497253,https://www.remontees-mecaniques.net/bdd/reportage-tkd-du-lac-montaz-mautino-2586.html,,0.10497237569060773,19,18,181,994.8011049723768,0.0,1793.4000000000003,181,1,19,19.0
Télécorde du Pré Pinet,La Norma (Haute Maurienne Vanoise),45.19735629898488,6.715677380561829,45.19735629898488,6.715677380561829,45.19735629898488,6.715677380561829,https://www.remontees-mecaniques.net/bdd/reportage-telecorde-du-pre-pinet-poma-6195.html,1795.5,0.06077348066298342,11,11,181,2079.036464088396,0.0,4343.199999999998,181,1,11,11.0
TKD des Crêtes,La Plagne (Paradiski),45.498891226838445,6.661137342453003,45.498891226838445,6.661137342453003,45.498891226838445,6.661137342453003,https://www.remontees-mecaniques.net/bdd/reportage-tkd-des-cretes-bourgeat-montaz-mautino-poma-5456.html,2366.5,0.06077348066298342,11,11,181,9235.23038674033,0.0,16571.700000000004,181,1,11,11.0
TSF4 des Adrets,La Plagne (Paradiski),45.5174045206525,6.65980964899063,45.5174045206525,6.65980964899063,45.5174045206525,6.65980964899063,https://www.remontees-mecaniques.net/bdd/reportage-tsf4-des-adrets-poma-3302.html,,0.06077348066298342,11,11,181,9235.23038674033,0.0,16571.700000000004,181,1,11,11.0
TSF4 du Boulevard,La Plagne (Paradiski),45.508162732721075,6.679910123348236,45.508162732721075,6.679910123348236,45.508162732721075,6.679910123348236,https://www.remontees-mecaniques.net/bdd/reportage-tsf4-du-boulevard-poma-5476.html,1977.5,0.06077348066298342,11,11,181,9235.23038674033,0.0,16571.700000000004,181,1,11,11.0
TSF4 des Deux Croix,La Toussuire (Les Sybelles),45.24703820192123,6.221344434743514,45.24703820192123,6.221344434743514,45.24703820192123,6.221344434743514,https://www.remontees-mecaniques.net/bdd/reportage-tsf4-des-deux-croix-gmm-7362.html,2307.5,0.09944751381215469,18,11,181,4309.754696132599,0.0,7880.800000000002,181,1,18,18.0
TSD6 Marmottes,Les Arcs (Paradiski),45.5727895826538,6.82473868131638,45.5727895826538,6.82473868131638,45.5727895826538,6.82473868131638,https://www.remontees-mecaniques.net/bdd/reportage-tsd6-marmottes-garaventa-1907.html,2111.0,0.06077348066298342,11,11,181,7061.487292817676,0.0,12948.499999999995,181,1,11,11.0
TSD6 de Reberty,Les Menuires (Les 3 Vallées),45.31369499240129,6.54411256313324,45.31369499240129,6.54411256313324,45.31369499240129,6.54411256313324,https://www.remontees-mecaniques.net/bdd/reportage-tsd6-de-reberty-leitner-5924.html,1806.5,0.06077348066298342,11,11,181,4390.169060773477,0.0,8086.700000000001,181,1,11,11.0
TSD6 du Peyron,Orelle (Les 3 Vallées),45.246023198076024,6.570725440979004,45.246023198076024,6.570725440979004,45.246023198076024,6.570725440979004,https://www.remontees-mecaniques.net/bdd/reportage-tsd6-du-peyron-doppelmayr-5607.html,2568.0,0.09944751381215469,18,18,181,1165.6243093922662,0.0,2248.0999999999995,181,1,18,18.0
TKD d'Isertan,Pralognan-la-Vanoise,45.3769848663587,6.72539234161377,45.3769848663587,6.72539234161377,45.3769848663587,6.72539234161377,https://www.remontees-mecaniques.net/bdd/reportage-tkd-d-isertan-montaz-mautino-3129.html,1529.0,0.06077348066298342,11,11,181,3082.1900552486168,0.0,5511.5999999999985,181,1,11,11.0
TKF de la Sucette 1650,Saint-François-Longchamp (Le Grand Domaine),45.41827276465658,6.364932954311371,45.41827276465658,6.364932954311371,45.41827276465658,6.364932954311371,https://www.remontees-mecaniques.net/bdd/reportage-tkf-de-la-sucette-1650-poma-5450.html,1651.5,0.06077348066298342,11,11,181,3326.0419889502737,0.0,5978.700000000002,181,1,11,11.0
TSF3 du Col des Vés,Tignes (Espace Tignes-Val d'Isère),45.451701712668495,6.882486641407013,45.451701712668495,6.882486641407013,45.451701712668495,6.882486641407013,https://www.remontees-mecaniques.net/bdd/reportage-tsf3-du-col-des-ves-poma-5406.html,,0.06077348066298342,11,11,181,7473.4497237569085,0.0,14787.700000000006,181,1,11,11.0
TSD4 de la Girarde,Val Cenis (Haute Maurienne Vanoise),45.2738407595707,6.81704878807068,45.2738407595707,6.81704878807068,45.2738407595707,6.81704878807068,https://www.remontees-mecaniques.net/bdd/reportage-tsd4-de-la-girarde-montaz-mautino-78.html,,0.06077348066298342,11,11,181,6264.916022099444,0.0,12745.899999999996,181,1,11,11.0
TSD6 Marmottes Express,Val d'Isère (Espace Tignes-Val d'Isère),45.4523188731546,6.93951845169067,45.4523188731546,6.93951845169067,45.4523188731546,6.93951845169067,https://www.remontees-mecaniques.net/bdd/reportage-tsd6-marmottes-express-bartholet-montaval-3947.html,2536.5,0.06077348066298342,11,11,181,8097.030386740336,0.0,16810.9,181,1,11,11.0
TSD6 du Laisinant,Val d'Isère (Espace Tignes-Val d'Isère),45.4471198375257,6.99430525302887,45.4471198375257,6.99430525302887,45.4471198375257,6.99430525302887,https://www.remontees-mecaniques.net/bdd/reportage-tsd6-du-laisinant-garaventa-montaval-4260.html,2226.5,0.06077348066298342,11,11,181,8097.030386740336,0.0,16810.9,181,1,11,11.0
TSD6 Plein Sud,Val Thorens (Les 3 Vallées),45.29520537157,6.57200753688812,45.29520537157,6.57200753688812,45.29520537157,6.57200753688812,https://www.remontees-mecaniques.net/bdd/reportage-tsd6-plein-sud-doppelmayr-2095.html,2208.0,0.06077348066298342,11,11,181,4467.408839779006,0.0,8440.499999999998,181,1,11,11.0
TSF6 de l'Envers du Col,Valfréjus (Haute Maurienne Vanoise),45.14046688099894,6.655998229980469,45.14046688099894,6.655998229980469,45.14046688099894,6.655998229980469,https://www.remontees-mecaniques.net/bdd/reportage-tsf6-de-l-envers-du-col-poma-5913.html,2428.0,0.06077348066298342,11,11,181,1654.5425414364643,0.0,3326.899999999999,181,1,11,11.0
TSF4 de l'Arméra,Valmeinier (Galibier Thabor),45.1868386894794,6.48033499717712,45.1868386894794,6.48033499717712,45.1868386894794,6.48033499717712,https://www.remontees-mecaniques.net/bdd/reportage-tsf4-de-l-armera-montaz-mautino-gmm-128.html,1537.0,0.06077348066298342,11,11,181,3402.902762430942,0.0,6310.300000000001,181,1,11,11.0
TSD6 de la Madeleine,Valmorel (Le Grand Domaine),45.449961208456,6.39890849590302,45.449961208456,6.39890849590302,45.449961208456,6.39890849590302,https://www.remontees-mecaniques.net/bdd/reportage-tsd6-de-la-madeleine-poma-905.html,1605.0,0.06077348066298342,11,11,181,7019.244198895025,0.0,12780.499999999996,181,1,11,11.0
TKD des Virets,Lans-en-Vercors,45.11886236482451,5.610622018575668,45.11886236482451,5.610622018575668,45.11886236482451,5.610622018575668,https://www.remontees-mecaniques.net/bdd/reportage-tkd-des-virets-montaz-mautino-9000.html,,0.19889502762430938,36,21,181,591.4917127071823,0.0,1021.0,181,1,36,36.0
TKD de la Pale,Le Sappey-en-Chartreuse,45.25576580399011,5.775260031223297,45.25576580399011,5.775260031223297,45.25576580399011,5.775260031223297,https://www.remontees-mecaniques.net/bdd/reportage-tkd-de-la-pale-montaz-mautino-3299.html,,0.20441988950276244,37,36,181,213.45193370165748,0.0,355.1999999999999,181,1,37,37.0
TSCD6-6 du Diable,Les Deux Alpes,45.004379,6.124669,45.004379,6.124669,45.004379,6.124669,https://www.remontees-mecaniques.net/bdd/reportage-tscd6-6-du-diable-poma-8287.html,2028.0,0.06077348066298342,11,11,181,6892.693922651938,0.0,13556.1,181,1,11,11.0
TSF4 de la Petite Aiguille,Les Deux Alpes,45.0234982505153,6.12305134534836,45.0234982505153,6.12305134534836,45.0234982505153,6.12305134534836,https://www.remontees-mecaniques.net/bdd/reportage-tsf4-de-la-petite-aiguille-poma-4667.html,1702.0,0.06077348066298342,11,11,181,6892.693922651938,0.0,13556.1,181,1,11,11.0
TKE2 des Marmottons,Les Sept Laux,45.250370204199,6.02312028408051,45.250370204199,6.02312028408051,45.250370204199,6.02312028408051,https://www.remontees-mecaniques.net/bdd/reportage-tke2-des-marmottons-doppelmayr-1723.html,1942.5,0.09944751381215469,18,11,181,4259.870165745856,0.0,8228.0,181,1,18,18.0
TCD12 de l'Alpette,Oz-en-Oisans (Alpe d'Huez Grand Domaine Ski),45.1297309305295,6.07339024543762,45.1297309305295,6.07339024543762,45.1297309305295,6.07339024543762,https://www.remontees-mecaniques.net/bdd/reportage-tcd12-de-l-alpette-poma-2180.html,1706.5,0.10497237569060773,19,18,181,1249.7337016574586,0.0,2268.6999999999994,181,1,19,19.0
TKD de l'Alpette,Oz-en-Oisans (Alpe d'Huez Grand Domaine Ski),45.1367585330288,6.08615219593048,45.1367585330288,6.08615219593048,45.1367585330288,6.08615219593048,https://www.remontees-mecaniques.net/bdd/reportage-tkd-de-l-alpette-poma-3909.html,1983.5,0.10497237569060773,19,18,181,1249.7337016574586,0.0,2268.6999999999994,181,1,19,19.0
TKD de Coste-Belle,Ancelle,44.604753092822,6.21918439865112,44.604753092822,6.21918439865112,44.604753092822,6.21918439865112,https://www.remontees-mecaniques.net/bdd/reportage-tkd-de-coste-belle-poma-5173.html,1557.0,0.10497237569060773,19,11,181,651.3513812154695,0.0,1296.4000000000005,181,1,19,19.0
TKD des Preyts,Arvieux (Queyras),44.78260417999123,6.735563278198243,44.78260417999123,6.735563278198243,44.78260417999123,6.735563278198243,https://www.remontees-mecaniques.net/bdd/reportage-tkd-des-preyts-montaz-mautino-7387.html,1738.5,0.10497237569060773,19,18,181,517.6928176795582,0.0,1036.0,181,1,19,19.0
TKE du Mélezet,Ceillac (Le Cristillan - Queyras),44.64907815966788,6.792372465133667,44.64907815966788,6.792372465133667,44.64907815966788,6.792372465133667,https://www.remontees-mecaniques.net/bdd/reportage-tke-du-melezet-doppelmayr-7861.html,,0.09944751381215469,18,11,181,714.6392265193368,0.0,1448.0,181,1,18,18.0
TSF4 de la Croix de la Nore,Briançon (Serre Chevalier Vallée),44.89860341390347,6.581481099128723,44.89860341390347,6.581481099128723,44.89860341390347,6.581481099128723,https://www.remontees-mecaniques.net/bdd/reportage-tsf4-de-la-croix-de-la-nore-gmm-ingelo-5279.html,2323.0,0.09944751381215469,18,11,181,1311.9856353591163,0.0,2586.299999999999,181,1,18,18.0
TKD de Coustaouille,Chaillol (Champsaur 3Gliss),44.68339860901444,6.168331861626939,44.68339860901444,6.168331861626939,44.68339860901444,6.168331861626939,https://www.remontees-mecaniques.net/bdd/reportage-tkd-de-coustaouille-montaz-mautino-8177.html,,0.09944751381215469,18,11,181,786.2977900552489,0.0,1676.1999999999998,181,1,18,18.0
TSF4 de Clot Chenu,Chaillol (Champsaur 3Gliss),44.688957035395774,6.166634559631348,44.688957035395774,6.166634559631348,44.688957035395774,6.166634559631348,https://www.remontees-mecaniques.net/bdd/reportage-tsf4-de-clot-chenu-lst-5300.html,1600.0,0.09944751381215469,18,11,181,786.2977900552489,0.0,1676.1999999999998,181,1,18,18.0
TSD6 du Prorel,Chantemerle (Serre Chevalier Vallée),44.914724,6.570178,44.914724,6.570178,44.914724,6.570178,https://www.remontees-mecaniques.net/bdd/reportage-tsd6-du-prorel-leitner-11.html,2212.5,0.06077348066298342,11,11,181,2346.8254143646395,0.0,4622.800000000001,181,1,11,11.0
TKD des Chaumattes,Le Dévoluy,44.687740435509674,5.893746614456178,44.687740435509674,5.893746614456178,44.687740435509674,5.893746614456178,https://www.remontees-mecaniques.net/bdd/reportage-tkd-des-chaumattes-montagner-7301.html,1474.5,0.06077348066298342,11,11,181,2744.439779005526,0.0,5644.000000000001,181,1,11,11.0
TKE du Roc (ex-Joue),Le Dévoluy,44.68753639509557,5.893746614456177,44.68753639509557,5.893746614456177,44.68753639509557,5.893746614456177,https://www.remontees-mecaniques.net/bdd/reportage-tke-du-roc-ex-joue-leitner-7307.html,1675.0,0.06077348066298342,11,11,181,2744.439779005526,0.0,5644.000000000001,181,1,11,11.0
TKD des Galopins II,Les Orres,44.48312669217493,6.558017134666443,44.48312669217493,6.558017134666443,44.48312669217493,6.558017134666443,https://www.remontees-mecaniques.net/bdd/reportage-tkd-des-galopins-ii-poma-3284.html,,0.06077348066298342,11,11,181,2027.2464088397799,0.0,4301.200000000001,181,1,11,11.0
TKF des Galopins I,Les Orres,44.48145031914596,6.559964418411255,44.48145031914596,6.559964418411255,44.48145031914596,6.559964418411255,https://www.remontees-mecaniques.net/bdd/reportage-tkf-des-galopins-i-poma-3286.html,,0.06077348066298342,11,11,181,2027.2464088397799,0.0,4301.200000000001,181,1,11,11.0
TKD du Stade,Les Orres,44.489657581081666,6.5589988231658936,44.489657581081666,6.5589988231658936,44.489657581081666,6.5589988231658936,https://www.remontees-mecaniques.net/bdd/reportage-tkd-du-stade-poma-3041.html,,0.06077348066298342,11,11,181,2027.2464088397799,0.0,4301.200000000001,181,1,11,11.0
TKD de l'Alp,Montgenèvre (Vialattea),44.9012329006954,6.72029882669449,44.9012329006954,6.72029882669449,44.9012329006954,6.72029882669449,https://www.remontees-mecaniques.net/bdd/reportage-tkd-de-l-alp-montaz-mautino-3022.html,2350.5,0.06077348066298342,11,11,181,3311.890055248619,0.0,7186.3,181,1,11,11.0
TKD du Col,Montgenèvre (Vialattea),44.930263253611784,6.724405288696289,44.930263253611784,6.724405288696289,44.930263253611784,6.724405288696289,https://www.remontees-mecaniques.net/bdd/reportage-tkd-du-col-montaz-mautino-5500.html,1883.5,0.06077348066298342,11,11,181,3311.890055248619,0.0,7186.3,181,1,11,11.0
TKD Charpenet,Orcières Merlette,44.7032034629872,6.31903231143951,44.7032034629872,6.31903231143951,44.7032034629872,6.31903231143951,https://www.remontees-mecaniques.net/bdd/reportage-tkd-charpenet-montaz-mautino-4196.html,2024.5,0.06077348066298342,11,11,181,2970.6828729281756,0.0,5940.4000000000015,181,1,11,11.0
TSF4 de Préron,Pelvoux-Vallouise,44.86497566483685,6.485911309719086,44.86497566483685,6.485911309719086,44.86497566483685,6.485911309719086,https://www.remontees-mecaniques.net/bdd/reportage-tsf4-de-preron-gmm-4808.html,1526.5,0.09944751381215469,18,11,181,1040.562430939226,0.0,2071.2,181,1,18,18.0
TKD du Louret,Serre-Eyraud,44.6776023808846,6.27588629722595,44.6776023808846,6.27588629722595,44.6776023808846,6.27588629722595,https://www.remontees-mecaniques.net/bdd/reportage-tkd-du-louret-poma-3018.html,,0.11049723756906077,20,19,181,275.06464088397775,0.0,582.1999999999998,181,1,20,20.0
TSD6 de Côte Chevalier,Villeneuve (Serre Chevalier Vallée),44.93193579328646,6.541232837281262,44.93193579328646,6.541232837281262,44.93193579328646,6.541232837281262,https://www.remontees-mecaniques.net/bdd/reportage-tsd6-de-cote-chevalier-poma-6853.html,2138.0,0.06077348066298342,11,11,181,3559.918232044199,0.0,7048.199999999999,181,1,11,11.0
TKD des Egagnayes,Chabanon,44.3347730303281,6.295954585075378,44.3347730303281,6.295954585075378,44.3347730303281,6.295954585075378,https://www.remontees-mecaniques.net/bdd/reportage-tkd-des-egagnayes-poma-7249.html,1792.0,0.10497237569060773,19,11,181,712.0662983425422,0.0,1618.5000000000005,181,1,19,19.0
TKD des Clots,Chabanon,44.34504378101646,6.300015449523926,44.34504378101646,6.300015449523926,44.34504378101646,6.300015449523926,https://www.remontees-mecaniques.net/bdd/reportage-tkd-des-clots-poma-7241.html,1605.0,0.10497237569060773,19,11,181,712.0662983425422,0.0,1618.5000000000005,181,1,19,19.0
TKD Roubines,Isola 2000,44.1831599219132,7.16014355421066,44.1831599219132,7.16014355421066,44.1831599219132,7.16014355421066,https://www.remontees-mecaniques.net/bdd/reportage-tkd-roubines-poma-3677.html,,0.06077348066298342,11,11,181,2376.4994475138114,0.0,6126.700000000001,181,1,11,11.0
TSD6 de Peguieou,Pra Loup (La Foux-Pra Loup - Espace Lumière),44.3608703349271,6.60363078117371,44.3608703349271,6.60363078117371,44.3608703349271,6.60363078117371,https://www.remontees-mecaniques.net/bdd/reportage-tsd6-de-peguieou-poma-4868.html,2107.5,0.06077348066298342,11,11,181,1434.7226519337023,0.0,3180.2000000000007,181,1,11,11.0
TSD6 des Bergeries,Pra Loup (La Foux-Pra Loup - Espace Lumière),44.361921195649224,6.580585241317749,44.361921195649224,6.580585241317749,44.361921195649224,6.580585241317749,https://www.remontees-mecaniques.net/bdd/reportage-tsd6-des-bergeries-doppelmayr-4897.html,2192.0,0.06077348066298342,11,11,181,1434.7226519337023,0.0,3180.2000000000007,181,1,11,11.0
TKF du Costo,Bourg d'Oueil,42.8587430534466,0.494950711727142,42.8587430534466,0.494950711727142,42.8587430534466,0.494950711727142,https://www.remontees-mecaniques.net/bdd/reportage-tkf-du-costo-poma-5099.html,,0.20441988950276244,37,36,181,213.137016574586,0.0,417.39999999999986,181,1,37,37.0
TKD Baby 1 & 2,La Mongie (Grand Tourmalet),42.90869443353057,0.17063140869140628,42.90869443353057,0.17063140869140628,42.90869443353057,0.17063140869140628,https://www.remontees-mecaniques.net/bdd/reportage-tkd-baby-1-2-poma-7501.html,,0.06629834254143646,12,11,181,2534.767955801105,0.0,5395.5,181,1,12,12.0
TSF4 de la Chapelle,La Mongie (Grand Tourmalet),42.91017274425295,0.17688900232315063,42.91017274425295,0.17688900232315063,42.91017274425295,0.17688900232315063,https://www.remontees-mecaniques.net/bdd/reportage-tsf4-de-la-chapelle-poma-1829.html,,0.06629834254143646,12,11,181,2534.767955801105,0.0,5395.5,181,1,12,12.0
TKD de Péborny I & II,Les Angles,42.5817077719657,2.04595685005188,42.5817077719657,2.04595685005188,42.5817077719657,2.04595685005188,https://www.remontees-mecaniques.net/bdd/reportage-tkd-de-peborny-i-ii-poma-912.html,2212.5,0.06629834254143646,12,11,181,1711.08453038674,0.0,3761.9,181,1,12,12.0
TKD des Téchous,Luchon - Superbagnères,42.7638508324269,0.588028728961945,42.7638508324269,0.588028728961945,42.7638508324269,0.588028728961945,https://www.remontees-mecaniques.net/bdd/reportage-tkd-des-techous-chm-457.html,,0.06629834254143646,12,11,181,1490.0850828729276,0.0,2979.0999999999985,181,1,12,12.0
TKD Soulas,Peyragudes,42.7867046973858,0.476955771446228,42.7867046973858,0.476955771446228,42.7867046973858,0.476955771446228,https://www.remontees-mecaniques.net/bdd/reportage-tkd-soulas-poma-3942.html,,0.06629834254143646,12,11,181,2113.4707182320444,0.0,4444.300000000001,181,1,12,12.0
TSD6 du Serias,Peyragudes,42.790974095826876,0.4476472735404968,42.790974095826876,0.4476472735404968,42.790974095826876,0.4476472735404968,https://www.remontees-mecaniques.net/bdd/reportage-tsd6-du-serias-poma-1789.html,,0.06629834254143646,12,11,181,2113.4707182320444,0.0,4444.300000000001,181,1,12,12.0
TKD de Corneblanque,Saint-Lary-Soulan,42.82765437334052,0.21827012300491333,42.82765437334052,0.21827012300491333,42.82765437334052,0.21827012300491333,https://www.remontees-mecaniques.net/bdd/reportage-tkd-de-corneblanque-poma-2758.html,,0.06629834254143646,12,11,181,4065.829281767956,0.0,8548.599999999999,181,1,12,12.0
TKD de la Combe,La Combe St Pierre,47.200936883595496,6.841193562256476,47.200936883595496,6.841193562256476,47.200936883595496,6.841193562256476,https://www.remontees-mecaniques.net/bdd/reportage-tkd-de-la-combe-montagner-7723.html,,0.11049723756906077,20,20,181,184.29944751381242,0.0,285.1999999999999,181,1,20,20.0
TSD6 du Morond,Métabief,46.767675655257555,6.356564462184906,46.767675655257555,6.356564462184906,46.767675655257555,6.356564462184906,https://www.remontees-mecaniques.net/bdd/reportage-tsd6-du-morond-leitner-3699.html,,0.11049723756906077,20,19,181,686.7143646408847,0.0,1200.0999999999997,181,1,20,20.0
TKD de la Goutte,Gérardmer,48.0556718814369,6.9046550989151,48.0556718814369,6.9046550989151,48.0556718814369,6.9046550989151,https://www.remontees-mecaniques.net/bdd/reportage-tkd-de-la-goutte-poma-2284.html,985.0,0.10497237569060773,19,19,181,398.1005524861875,0.0,634.9000000000001,181,1,19,19.0
TKD de la Petite Gentiane 1 & 2,Le Ballon d'Alsace,47.800382164201544,6.84996485710144,47.800382164201544,6.84996485710144,47.800382164201544,6.84996485710144,https://www.remontees-mecaniques.net/bdd/reportage-tkd-de-la-petite-gentiane-1-2-montaz-mautino-5614.html,,0.11049723756906077,20,20,181,496.006629834255,0.0,814.2999999999998,181,1,20,20.0
TKD n°1,Noeux-les-Mines - Loisinord,50.47197567222714,2.6790654659271245,50.47197567222714,2.6790654659271245,50.47197567222714,2.6790654659271245,https://www.remontees-mecaniques.net/bdd/reportage-tkd-n1-gmm-611.html,114.0,1.0,181,68,181,29.748066298342604,0.0,47.80000000000001,181,1,181,181.0
ASC de Rocamadour,Rocamadour,44.800778712546496,1.616111397743225,44.800778712546496,1.616111397743225,44.800778712546496,1.616111397743225,https://www.remontees-mecaniques.net/bdd/reportage-asc-de-rocamadour-skirail-5224.html,,1.0,181,181,181,0.4795580110497245,0.0,1.2000000000000002,181,1,181,181.0
TKD de la Corne,Abondance (Les Portes du Soleil),46.26362068697117,6.7051899433135995,46.26362068697117,6.7051899433135995,46.26362068697117,6.7051899433135995,https://www.remontees-mecaniques.net/bdd/reportage-tkd-de-la-corne-montaz-mautino-7617.html,1566.0,0.10497237569060773,19,19,181,929.0972375690612,0.0,1695.4000000000003,181,1,19,19.0
TSD4 des Mossettes,Avoriaz (Morzine-Avoriaz - Les Portes du Soleil),46.19878868080312,6.788027286529541,46.19878868080312,6.788027286529541,46.19878868080312,6.788027286529541,https://www.remontees-mecaniques.net/bdd/reportage-tsd4-des-mossettes-poma-5392.html,1919.5,0.06077348066298342,11,10,181,6126.023756906075,0.0,10831.700000000004,181,1,11,11.0
TSF3 de Cuboré,Avoriaz (Morzine-Avoriaz - Les Portes du Soleil),46.1758448105899,6.80273652076721,46.1758448105899,6.80273652076721,46.1758448105899,6.80273652076721,https://www.remontees-mecaniques.net/bdd/reportage-tsf3-de-cubore-poma-613.html,,0.06077348066298342,11,10,181,6126.023756906075,0.0,10831.700000000004,181,1,11,11.0
TKF des Étangs,Bellevaux - La Chèvrerie (Roc d'Enfer - Les Portes du Soleil),46.21222262702321,6.569180488586426,46.21222262702321,6.569180488586426,46.21222262702321,6.569180488586426,https://www.remontees-mecaniques.net/bdd/reportage-tkf-des-etangs-poma-5993.html,1108.5,0.10497237569060773,19,18,181,639.2016574585635,0.0,1144.8999999999996,181,1,19,19.0
TCD10 Flégère - Les Praz,Chamonix-Mont-Blanc - Brévent-Flégère (Vallée de Chamonix),45.941839507329654,6.885305643081666,45.941839507329654,6.885305643081666,45.941839507329654,6.885305643081666,https://www.remontees-mecaniques.net/bdd/reportage-tcd10-flegere-les-praz-doppelmayr-7148.html,,0.06077348066298342,11,11,181,4290.926519337017,0.0,7791.7999999999965,181,1,11,11.0
TCD8 de Planpraz,Chamonix-Mont-Blanc - Brévent-Flégère (Vallée de Chamonix),45.924001820838356,6.863327622413635,45.924001820838356,6.863327622413635,45.924001820838356,6.863327622413635,https://www.remontees-mecaniques.net/bdd/reportage-tcd8-de-planpraz-poma-5280.html,1092.0,0.06077348066298342,11,11,181,4290.926519337017,0.0,7791.7999999999965,181,1,11,11.0
TSD6 de la Parsa,Chamonix-Mont-Blanc - Brévent-Flégère (Vallée de Chamonix),45.94425672340607,6.861932873725891,45.94425672340607,6.861932873725891,45.94425672340607,6.861932873725891,https://www.remontees-mecaniques.net/bdd/reportage-tsd6-de-la-parsa-leitner-6052.html,,0.06077348066298342,11,11,181,4290.926519337017,0.0,7791.7999999999965,181,1,11,11.0
TSD6 de Pertuis,Combloux (Portes du Mont Blanc - Évasion Mont Blanc),45.8885146030189,6.61082983016968,45.8885146030189,6.61082983016968,45.8885146030189,6.61082983016968,https://www.remontees-mecaniques.net/bdd/reportage-tsd6-de-pertuis-poma-1656.html,,0.09944751381215469,18,18,181,1324.823756906077,0.0,2363.8999999999996,181,1,18,18.0
TCD8 de la Princesse,Demi-Quartier (Évasion Mont Blanc) (Arbois-Rochebrune - Évasion Mont Blanc),45.8801200732223,6.64130508899689,45.8801200732223,6.64130508899689,45.8801200732223,6.64130508899689,https://www.remontees-mecaniques.net/bdd/reportage-tcd8-de-la-princesse-poma-4832.html,1440.5,0.11049723756906077,20,19,181,439.14806629834266,0.0,777.0000000000002,181,1,20,20.0
TKD du Bois,Flaine (Le Grand Massif),46.0030040391041,6.69135510921478,46.0030040391041,6.69135510921478,46.0030040391041,6.69135510921478,https://www.remontees-mecaniques.net/bdd/reportage-tkd-du-bois-montaz-mautino-1760.html,1695.0,0.06077348066298342,11,11,181,5728.5414364640865,0.0,10381.499999999996,181,1,11,11.0
FUNI 60  Évian-les-Bains - Neuvecelle,Évian-les-Bains,46.40096843847725,6.591788828372955,46.40096843847725,6.591788828372955,46.40096843847725,6.591788828372955,https://www.remontees-mecaniques.net/bdd/reportage-funi-60-evian-les-bains-neuvecelle-von-roll-6241.html,,1.0,181,50,181,37.03701657458555,0.0,46.900000000000006,181,1,181,181.0
TKE de la Forêt,Flaine (Le Grand Massif),46.007074801680275,6.695995330810547,46.007074801680275,6.695995330810547,46.007074801680275,6.695995330810547,https://www.remontees-mecaniques.net/bdd/reportage-tke-de-la-foret-gmm-6208.html,1705.0,0.06077348066298342,11,11,181,5728.5414364640865,0.0,10381.499999999996,181,1,11,11.0
TSD6 du  Désert Blanc,Flaine (Le Grand Massif),46.0018451677072,6.71338945627213,46.0018451677072,6.71338945627213,46.0018451677072,6.71338945627213,https://www.remontees-mecaniques.net/bdd/reportage-tsd6-du-desert-blanc-poma-4980.html,,0.06077348066298342,11,11,181,5728.5414364640865,0.0,10381.499999999996,181,1,11,11.0
TSF4 des Gérats,Flaine (Le Grand Massif),46.0088501937835,6.68810963630676,46.0088501937835,6.68810963630676,46.0088501937835,6.68810963630676,https://www.remontees-mecaniques.net/bdd/reportage-tsf4-des-gerats-doppelmayr-2360.html,,0.06077348066298342,11,11,181,5728.5414364640865,0.0,10381.499999999996,181,1,11,11.0
TSF3 de la Bergerie,La Clusaz (La Clusaz-Manigod - Les Aravis),45.9004843224741,6.48181557655334,45.9004843224741,6.48181557655334,45.9004843224741,6.48181557655334,https://www.remontees-mecaniques.net/bdd/reportage-tsf3-de-la-bergerie-poma-3640.html,,0.09944751381215469,18,11,181,5542.509392265194,0.0,9935.999999999996,181,1,18,18.0
TCD10 du Rosay,Le Grand-Bornand (Les Aravis),45.9449412091191,6.43492251634598,45.9449412091191,6.43492251634598,45.9449412091191,6.43492251634598,https://www.remontees-mecaniques.net/bdd/reportage-tcd10-du-rosay-poma-4848.html,,0.09944751381215469,18,18,181,3713.187845303866,0.0,6741.100000000001,181,1,18,18.0
TSF4 Panoramique,Le Semnoz,45.7818794151985,6.10761523246765,45.7818794151985,6.10761523246765,45.7818794151985,6.10761523246765,https://www.remontees-mecaniques.net/bdd/reportage-tsf4-panoramique-poma-3698.html,1539.5,0.10497237569060773,19,19,181,750.4270718232053,0.0,1332.1000000000004,181,1,19,19.0
TKD de la Turche,Les Gets (Morzine-Les Gets - Les Portes du Soleil),46.1484132477418,6.66491389274597,46.1484132477418,6.66491389274597,46.1484132477418,6.66491389274597,https://www.remontees-mecaniques.net/bdd/reportage-tkd-de-la-turche-poma-2244.html,1211.0,0.09944751381215469,18,11,181,4687.4983425414375,0.0,8348.4,181,1,18,18.0
TKD du Merle,Manigod (La Clusaz-Manigod - Les Aravis),45.8585360535872,6.41525387763977,45.8585360535872,6.41525387763977,45.8585360535872,6.41525387763977,https://www.remontees-mecaniques.net/bdd/reportage-tkd-du-merle-montagner-2448.html,,0.09944751381215469,18,18,181,3031.833701657457,0.0,5380.799999999999,181,1,18,18.0
TSF4 de la Tête de Cabeau,Manigod (La Clusaz-Manigod - Les Aravis),45.87524446490842,6.402089595794678,45.87524446490842,6.402089595794678,45.87524446490842,6.402089595794678,https://www.remontees-mecaniques.net/bdd/reportage-tsf4-de-la-tete-de-cabeau-poma-5736.html,1447.0,0.09944751381215469,18,18,181,3031.833701657457,0.0,5380.799999999999,181,1,18,18.0
TKD du Village,Megève - Rochebrune-Mont d'Arbois (Arbois-Rochebrune - Évasion Mont Blanc),45.8412527129147,6.62825345993042,45.8412527129147,6.62825345993042,45.8412527129147,6.62825345993042,https://www.remontees-mecaniques.net/bdd/reportage-tkd-du-village-poma-4109.html,1367.0,0.06077348066298342,11,11,181,5467.188397790057,0.0,9776.099999999997,181,1,11,11.0
TKD du Petit Vorasset,Megève - Rochebrune-Mont d'Arbois (Arbois-Rochebrune - Évasion Mont Blanc),45.854375913151316,6.633027791976929,45.854375913151316,6.633027791976929,45.854375913151316,6.633027791976929,https://www.remontees-mecaniques.net/bdd/reportage-tkd-du-petit-vorasset-poma-1786.html,,0.06077348066298342,11,11,181,5467.188397790057,0.0,9776.099999999997,181,1,11,11.0
TSF3 des Biollaires,Morillon (Le Grand Massif),46.048121,6.668728,46.048121,6.668728,46.048121,6.668728,https://www.remontees-mecaniques.net/bdd/reportage-tsf3-des-biollaires-poma-135.html,1610.0,0.10497237569060773,19,18,181,1326.6381215469628,0.0,2416.7,181,1,19,19.0
TSF2 de la Rosière,Praz-sur-Arly (Espace Diamant),45.833202384632685,6.5685126185417175,45.833202384632685,6.5685126185417175,45.833202384632685,6.5685126185417175,https://www.remontees-mecaniques.net/bdd/reportage-tsf2-de-la-rosiere-sacmi-6153.html,,0.09944751381215469,18,18,181,1747.4265193370172,0.0,3136.1999999999994,181,1,18,18.0
TSD4 de la Croix,Saint-Gervais - Le Bettex (Arbois-Rochebrune - Évasion Mont Blanc),45.857934,6.682189,45.857934,6.682189,45.857934,6.682189,https://www.remontees-mecaniques.net/bdd/reportage-tsd4-de-la-croix-doppelmayr-140.html,1705.5,0.06077348066298342,11,11,181,4448.155801104968,0.0,7904.0,181,1,11,11.0
TKE du Lac,Saint-Jean-d'Aulps (Roc d'Enfer - Les Portes du Soleil),46.2150010780199,6.622073650360107,46.2150010780199,6.622073650360107,46.2150010780199,6.622073650360107,https://www.remontees-mecaniques.net/bdd/reportage-tke-du-lac-poma-6092.html,1197.5,0.09944751381215469,18,11,181,1759.3674033149182,0.0,3179.9000000000015,181,1,18,18.0
TKF de la Terchette,Saint-Jean-d'Aulps (Roc d'Enfer - Les Portes du Soleil),46.21430601445168,6.631331294775009,46.21430601445168,6.631331294775009,46.21430601445168,6.631331294775009,https://www.remontees-mecaniques.net/bdd/reportage-tkf-de-la-terchette-poma-6094.html,1518.5,0.09944751381215469,18,11,181,1759.3674033149182,0.0,3179.9000000000015,181,1,18,18.0
TKD des Débutants,Saint-Nicolas-de-Véroce (Arbois-Rochebrune - Évasion Mont Blanc),45.855885331017845,6.714070737361908,45.855885331017845,6.714070737361908,45.855885331017845,6.714070737361908,https://www.remontees-mecaniques.net/bdd/reportage-tkd-des-debutants-montaz-mautino-4292.html,,0.09944751381215469,18,18,181,2162.8872928176793,0.0,3836.399999999999,181,1,18,18.0
TKD du Gouet,Saint-Nicolas-de-Véroce (Arbois-Rochebrune - Évasion Mont Blanc),45.85120002396055,6.698712408542633,45.85120002396055,6.698712408542633,45.85120002396055,6.698712408542633,https://www.remontees-mecaniques.net/bdd/reportage-tkd-du-gouet-montaz-mautino-3311.html,1600.0,0.09944751381215469,18,18,181,2162.8872928176793,0.0,3836.399999999999,181,1,18,18.0
TKE des Babuches,Samoëns (Le Grand Massif),46.058186261085204,6.701123714447022,46.058186261085204,6.701123714447022,46.058186261085204,6.701123714447022,https://www.remontees-mecaniques.net/bdd/reportage-tke-des-babuches-doppelmayr-6686.html,1570.5,0.09944751381215469,18,18,181,2234.605524861879,0.0,4047.3999999999987,181,1,18,18.0
TSF4 des Damoiseaux,Samoëns (Le Grand Massif),46.0508486923139,6.70143216848373,46.0508486923139,6.70143216848373,46.0508486923139,6.70143216848373,https://www.remontees-mecaniques.net/bdd/reportage-tsf4-des-damoiseaux-poma-865.html,1563.5,0.09944751381215469,18,18,181,2234.605524861879,0.0,4047.3999999999987,181,1,18,18.0
TSF4 de la Pierre Rouge,Sommand (Praz-de-Lys - Sommand),46.16247442183678,6.5707844495773315,46.16247442183678,6.5707844495773315,46.16247442183678,6.5707844495773315,https://www.remontees-mecaniques.net/bdd/reportage-tsf4-de-la-pierre-rouge-poma-1015.html,1543.0,0.09944751381215469,18,18,181,1735.853038674035,0.0,3081.4000000000005,181,1,18,18.0
TSF2 du Bambi,Thollon-les-Mémises,46.37848753256939,6.724627912044525,46.37848753256939,6.724627912044525,46.37848753256939,6.724627912044525,https://www.remontees-mecaniques.net/bdd/reportage-tsf2-du-bambi-poma-833.html,,0.10497237569060773,19,19,181,609.5690607734807,0.0,981.0,181,1,19,19.0
TKD Rognoux,Arêches-Beaufort,45.6473071070745,6.56988859176636,45.6473071070745,6.56988859176636,45.6473071070745,6.56988859176636,https://www.remontees-mecaniques.net/bdd/reportage-tkd-rognoux-poma-2955.html,1996.5,0.09944751381215469,18,11,181,3226.280662983425,0.0,5930.900000000002,181,1,18,18.0
TSF3 de l'Eterlou,Aussois (Haute Maurienne Vanoise),45.2451016285382,6.73484444618225,45.2451016285382,6.73484444618225,45.2451016285382,6.73484444618225,https://www.remontees-mecaniques.net/bdd/reportage-tsf3-de-l-eterlou-poma-1563.html,,0.09944751381215469,18,11,181,1851.2607734806618,0.0,3602.6000000000013,181,1,18,18.0
TSF2 de la  Fournache,Aussois (Haute Maurienne Vanoise),45.2656294455006,6.73011302947998,45.2656294455006,6.73011302947998,45.2656294455006,6.73011302947998,https://www.remontees-mecaniques.net/bdd/reportage-tsf2-de-la-fournache-poma-1800.html,,0.09944751381215469,18,11,181,1851.2607734806618,0.0,3602.6000000000013,181,1,18,18.0
TSF4 d'Andagne,Bonneval-sur-Arc (Haute Maurienne Vanoise),45.3704033631509,7.06270158290863,45.3704033631509,7.06270158290863,45.3704033631509,7.06270158290863,https://www.remontees-mecaniques.net/bdd/reportage-tsf4-d-andagne-montaval-83.html,2246.5,0.06077348066298342,11,11,181,1778.7591160221004,0.0,4542.500000000002,181,1,11,11.0
TKD des Granges,Courchevel (Les 3 Vallées),45.4071467230476,6.66067600250244,45.4071467230476,6.66067600250244,45.4071467230476,6.66067600250244,https://www.remontees-mecaniques.net/bdd/reportage-tkd-des-granges-poma-3723.html,1822.5,0.06077348066298342,11,11,181,7231.286740331488,0.0,13007.500000000005,181,1,11,11.0
TKD du Nant Rouge,Crest-Voland (Espace Diamant),45.7801977648707,6.53046816587448,45.7801977648707,6.53046816587448,45.7801977648707,6.53046816587448,https://www.remontees-mecaniques.net/bdd/reportage-tkd-du-nant-rouge-montaz-mautino-2780.html,,0.09944751381215469,18,18,181,1986.0414364640865,0.0,3563.1000000000013,181,1,18,18.0
TKD du Planet,Flumet (Espace Diamant),45.8149577658782,6.5418541431427,45.8149577658782,6.5418541431427,45.8149577658782,6.5418541431427,https://www.remontees-mecaniques.net/bdd/reportage-tkd-du-planet-montagner-2666.html,,0.10497237569060773,19,18,181,994.8011049723768,0.0,1793.4000000000003,181,1,19,19.0
TKE de la Ruelle,Hauteluce (Les Contamines - Hauteluce - Évasion Mont Blanc),45.77702922486388,6.651914119174763,45.77702922486388,6.651914119174763,45.77702922486388,6.651914119174763,https://www.remontees-mecaniques.net/bdd/reportage-tke-de-la-ruelle-poma-8569.html,1576.0,0.09944751381215469,18,18,181,1362.733701657459,0.0,2430.4000000000005,181,1,18,18.0
TKD du Choton,Hauteluce (Les Contamines - Hauteluce - Évasion Mont Blanc),45.7790847425996,6.65577292442322,45.7790847425996,6.65577292442322,45.7790847425996,6.65577292442322,https://www.remontees-mecaniques.net/bdd/reportage-tkd-du-choton-poma-733.html,1608.0,0.09944751381215469,18,18,181,1362.733701657459,0.0,2430.4000000000005,181,1,18,18.0
TSF4 des Mélèzes,La Plagne (Paradiski),45.510448416806256,6.676624417304993,45.510448416806256,6.676624417304993,45.510448416806256,6.676624417304993,https://www.remontees-mecaniques.net/bdd/reportage-tsf4-des-melezes-poma-5400.html,1900.5,0.06077348066298342,11,11,181,9235.23038674033,0.0,16571.700000000004,181,1,11,11.0
TKD Lièvres blancs 1 & 2,La Rosière (Espace San Bernardo),45.6287746954866,6.84927552938461,45.6287746954866,6.84927552938461,45.6287746954866,6.84927552938461,https://www.remontees-mecaniques.net/bdd/reportage-tkd-lievres-blancs-1-2-montaz-mautino-4232.html,,0.06077348066298342,11,11,181,4957.753038674036,0.0,9088.399999999996,181,1,11,11.0
TKD de la Sévolière,La Rosière (Espace San Bernardo),45.635363574336,6.84817314147949,45.635363574336,6.84817314147949,45.635363574336,6.84817314147949,https://www.remontees-mecaniques.net/bdd/reportage-tkd-de-la-sevoliere-montaz-mautino-4246.html,,0.06077348066298342,11,11,181,4957.753038674036,0.0,9088.399999999996,181,1,11,11.0
TKD des Gentianes,Les Saisies (Espace Diamant),45.7561814833197,6.52987271547318,45.7561814833197,6.52987271547318,45.7561814833197,6.52987271547318,https://www.remontees-mecaniques.net/bdd/reportage-tkd-des-gentianes-montaz-mautino-2063.html,1755.5,0.06077348066298342,11,11,181,6514.234806629835,0.0,11865.099999999993,181,1,11,11.0
TKE de l'Aiglon,Les Saisies (Espace Diamant),45.75190883757245,6.542894840240479,45.75190883757245,6.542894840240479,45.75190883757245,6.542894840240479,https://www.remontees-mecaniques.net/bdd/reportage-tke-de-l-aiglon-gmm-8972.html,1584.0,0.06077348066298342,11,11,181,6514.234806629835,0.0,11865.099999999993,181,1,11,11.0
TKD du Golet,Margériaz (Les Aillons - Margériaz),45.6419047975659,6.05501711368561,45.6419047975659,6.05501711368561,45.6419047975659,6.05501711368561,https://www.remontees-mecaniques.net/bdd/reportage-tkd-du-golet-montagner-5131.html,1654.5,0.11049723756906077,20,19,181,947.3193370165741,0.0,1868.8,181,1,20,20.0
TKE des Caves,Méribel (Les 3 Vallées),45.3839687501528,6.55290484428406,45.3839687501528,6.55290484428406,45.3839687501528,6.55290484428406,https://www.remontees-mecaniques.net/bdd/reportage-tke-des-caves-doppelmayr-3318.html,1992.0,0.06077348066298342,11,11,181,3550.4657458563534,0.0,6328.499999999997,181,1,11,11.0
TSF3 de Morel,Méribel (Les 3 Vallées),45.4025499303805,6.56993687152863,45.4025499303805,6.56993687152863,45.4025499303805,6.56993687152863,https://www.remontees-mecaniques.net/bdd/reportage-tsf3-de-morel-poma-4096.html,1639.0,0.06077348066298342,11,11,181,3550.4657458563534,0.0,6328.499999999997,181,1,11,11.0
TSD4 Mures Rouges,Méribel-Mottaret (Les 3 Vallées),45.3496307124469,6.59226357936859,45.3496307124469,6.59226357936859,45.3496307124469,6.59226357936859,https://www.remontees-mecaniques.net/bdd/reportage-tsd4-mures-rouges-poma-1070.html,1888.0,0.06077348066298342,11,11,181,2541.2580110497215,0.0,4652.299999999999,181,1,11,11.0
TSD4 Côte Brune,Méribel-Mottaret (Les 3 Vallées),45.3360589746976,6.58175736665726,45.3360589746976,6.58175736665726,45.3360589746976,6.58175736665726,https://www.remontees-mecaniques.net/bdd/reportage-tsd4-cote-brune-poma-1071.html,2310.0,0.06077348066298342,11,11,181,2541.2580110497215,0.0,4652.299999999999,181,1,11,11.0
TSD4 de Montchavin,Montchavin - La Plagne (Paradiski),45.5593240346763,6.73762321472168,45.5593240346763,6.73762321472168,45.5593240346763,6.73762321472168,https://www.remontees-mecaniques.net/bdd/reportage-tsd4-de-montchavin-poma-2953.html,1436.5,0.06077348066298342,11,11,181,3327.0646408839802,0.0,6077.799999999999,181,1,11,11.0
TKD des Combes 2,Notre-Dame-de-Bellecombe (Espace Diamant),45.80333798138202,6.550147533416749,45.80333798138202,6.550147533416749,45.80333798138202,6.550147533416749,https://www.remontees-mecaniques.net/bdd/reportage-tkd-des-combes-2-montaz-mautino-7217.html,1392.0,0.09944751381215469,18,18,181,2937.2419889502758,0.0,5266.0,181,1,18,18.0
TKD du Barioz,Pralognan-la-Vanoise,45.3809205897274,6.72308295965195,45.3809205897274,6.72308295965195,45.3809205897274,6.72308295965195,https://www.remontees-mecaniques.net/bdd/reportage-tkd-du-barioz-montaz-mautino-3195.html,1427.5,0.06077348066298342,11,11,181,3082.1900552486168,0.0,5511.5999999999985,181,1,11,11.0
TKD de Lance Gralette,Pralognan-la-Vanoise,45.3855247934086,6.72053754329681,45.3855247934086,6.72053754329681,45.3855247934086,6.72053754329681,https://www.remontees-mecaniques.net/bdd/reportage-tkd-de-lance-gralette-poma-3104.html,1447.5,0.06077348066298342,11,11,181,3082.1900552486168,0.0,5511.5999999999985,181,1,11,11.0
TKD de  Combe Folle,Tignes (Espace Tignes-Val d'Isère),45.4627625374582,6.91365122795105,45.4627625374582,6.91365122795105,45.4627625374582,6.91365122795105,https://www.remontees-mecaniques.net/bdd/reportage-tkd-de-combe-folle-montaz-mautino-2181.html,,0.06077348066298342,11,11,181,7473.4497237569085,0.0,14787.700000000006,181,1,11,11.0
TSD6 des Merles,Tignes (Espace Tignes-Val d'Isère),45.4673864064885,6.88820779323578,45.4673864064885,6.88820779323578,45.4673864064885,6.88820779323578,https://www.remontees-mecaniques.net/bdd/reportage-tsd6-des-merles-doppelmayr-350.html,2567.5,0.06077348066298342,11,11,181,7473.4497237569085,0.0,14787.700000000006,181,1,11,11.0
TSD6 de l'Arcelle,Val Cenis (Haute Maurienne Vanoise),45.28479865338394,6.920346021652222,45.28479865338394,6.920346021652222,45.28479865338394,6.920346021652222,https://www.remontees-mecaniques.net/bdd/reportage-tsd6-de-l-arcelle-doppelmayr-1046.html,,0.06077348066298342,11,11,181,6264.916022099444,0.0,12745.899999999996,181,1,11,11.0
TSD6 de la Turra,Val Cenis (Haute Maurienne Vanoise),45.2846854238287,6.88222110271454,45.2846854238287,6.88222110271454,45.2846854238287,6.88222110271454,https://www.remontees-mecaniques.net/bdd/reportage-tsd6-de-la-turra-doppelmayr-2312.html,,0.06077348066298342,11,11,181,6264.916022099444,0.0,12745.899999999996,181,1,11,11.0
TSD6 du Solert,Val Cenis (Haute Maurienne Vanoise),45.2747618627647,6.92111313343048,45.2747618627647,6.92111313343048,45.2747618627647,6.92111313343048,https://www.remontees-mecaniques.net/bdd/reportage-tsd6-du-solert-poma-2.html,,0.06077348066298342,11,11,181,6264.916022099444,0.0,12745.899999999996,181,1,11,11.0
3S de l'Olympique,Val d'Isère (Espace Tignes-Val d'Isère),45.446681388072356,6.976372003555298,45.446681388072356,6.976372003555298,45.446681388072356,6.976372003555298,https://www.remontees-mecaniques.net/bdd/reportage-3s-de-l-olympique-doppelmayr-6752.html,2312.5,0.06077348066298342,11,11,181,8097.030386740336,0.0,16810.9,181,1,11,11.0
TKD du 3000,Val d'Isère (Espace Tignes-Val d'Isère),45.41923649160155,7.01596596840318,45.41923649160155,7.01596596840318,45.41923649160155,7.01596596840318,https://www.remontees-mecaniques.net/bdd/reportage-tkd-du-3000-ingelo-montagner-8375.html,2877.0,0.06077348066298342,11,11,181,8097.030386740336,0.0,16810.9,181,1,11,11.0
TKE de la Legettaz,Val d'Isère (Espace Tignes-Val d'Isère),45.442507479728114,6.977300047874451,45.442507479728114,6.977300047874451,45.442507479728114,6.977300047874451,https://www.remontees-mecaniques.net/bdd/reportage-tke-de-la-legettaz-poma-6147.html,1931.5,0.06077348066298342,11,11,181,8097.030386740336,0.0,16810.9,181,1,11,11.0
TPH80 du Fornet,Val d'Isère (Espace Tignes-Val d'Isère),45.442716370669494,7.017592191696167,45.442716370669494,7.017592191696167,45.442716370669494,7.017592191696167,https://www.remontees-mecaniques.net/bdd/reportage-tph80-du-fornet-von-roll-6197.html,2135.5,0.06077348066298342,11,11,181,8097.030386740336,0.0,16810.9,181,1,11,11.0
TSD4 Bellevarde Express,Val d'Isère (Espace Tignes-Val d'Isère),45.4473644644949,6.97657853364944,45.4473644644949,6.97657853364944,45.4473644644949,6.97657853364944,https://www.remontees-mecaniques.net/bdd/reportage-tsd4-bellevarde-express-poma-941.html,1850.0,0.06077348066298342,11,11,181,8097.030386740336,0.0,16810.9,181,1,11,11.0
TSD6 de la Madeleine,Val d'Isère (Espace Tignes-Val d'Isère),45.4294719079935,6.99542373418808,45.4294719079935,6.99542373418808,45.4294719079935,6.99542373418808,https://www.remontees-mecaniques.net/bdd/reportage-tsd6-de-la-madeleine-poma-588.html,2510.0,0.06077348066298342,11,11,181,8097.030386740336,0.0,16810.9,181,1,11,11.0
TSF4 de Cugnaï,Val d'Isère (Espace Tignes-Val d'Isère),45.41151907258067,7.010747194290161,45.41151907258067,7.010747194290161,45.41151907258067,7.010747194290161,https://www.remontees-mecaniques.net/bdd/reportage-tsf4-de-cugnai-montaval-6296.html,2789.0,0.06077348066298342,11,11,181,8097.030386740336,0.0,16810.9,181,1,11,11.0
TSF4 Céma,Val d'Isère (Espace Tignes-Val d'Isère),45.4212906714653,7.04009592533112,45.4212906714653,7.04009592533112,45.4212906714653,7.04009592533112,https://www.remontees-mecaniques.net/bdd/reportage-tsf4-cema-montaval-2567.html,2759.5,0.06077348066298342,11,11,181,8097.030386740336,0.0,16810.9,181,1,11,11.0
FUN D de Péclet,Val Thorens (Les 3 Vallées),45.2954449960794,6.57597720623016,45.2954449960794,6.57597720623016,45.2954449960794,6.57597720623016,https://www.remontees-mecaniques.net/bdd/reportage-fun-d-de-peclet-dcsa-creissels-reel-32.html,2593.0,0.06077348066298342,11,11,181,4467.408839779006,0.0,8440.499999999998,181,1,11,11.0
TSD6 des Cascades,Val Thorens (Les 3 Vallées),45.291124052202214,6.594564914703369,45.291124052202214,6.594564914703369,45.291124052202214,6.594564914703369,https://www.remontees-mecaniques.net/bdd/reportage-tsd6-des-cascades-doppelmayr-6408.html,2407.5,0.06077348066298342,11,11,181,4467.408839779006,0.0,8440.499999999998,181,1,11,11.0
TSF4 du Charmasson,Valfréjus (Haute Maurienne Vanoise),45.174137475807655,6.663975119590759,45.174137475807655,6.663975119590759,45.174137475807655,6.663975119590759,https://www.remontees-mecaniques.net/bdd/reportage-tsf4-du-charmasson-skirail-6995.html,,0.06077348066298342,11,11,181,1654.5425414364643,0.0,3326.899999999999,181,1,11,11.0
TSF4 du Lac de la Vieille,Valloire (Galibier Thabor),45.1635667265813,6.451495885849,45.1635667265813,6.451495885849,45.1635667265813,6.451495885849,https://www.remontees-mecaniques.net/bdd/reportage-tsf4-du-lac-de-la-vieille-poma-103.html,,0.06077348066298342,11,11,181,3330.625966850829,0.0,6269.500000000004,181,1,11,11.0
TKE de la Saussette,Valmeinier (Galibier Thabor),45.178246403464506,6.490229946957308,45.178246403464506,6.490229946957308,45.178246403464506,6.490229946957308,https://www.remontees-mecaniques.net/bdd/reportage-tke-de-la-saussette-doppelmayr-7151.html,1747.5,0.06077348066298342,11,11,181,3402.902762430942,0.0,6310.300000000001,181,1,11,11.0
TSF4 du Gros Crey,Valmeinier (Galibier Thabor),45.18232420336033,6.499528884887696,45.18232420336033,6.499528884887696,45.18232420336033,6.499528884887696,https://www.remontees-mecaniques.net/bdd/reportage-tsf4-du-gros-crey-poma-6961.html,2314.5,0.06077348066298342,11,11,181,3402.902762430942,0.0,6310.300000000001,181,1,11,11.0
TKE des Échappeaux,Valmorel (Le Grand Domaine),45.4824160629992,6.43467575311661,45.4824160629992,6.43467575311661,45.4824160629992,6.43467575311661,https://www.remontees-mecaniques.net/bdd/reportage-tke-des-echappeaux-doppelmayr-2071.html,1519.5,0.06077348066298342,11,11,181,7019.244198895025,0.0,12780.499999999996,181,1,11,11.0
TKE du Montolivet et de la Rochette,Valmorel (Le Grand Domaine),45.4757810136865,6.4299550652504,45.4757810136865,6.4299550652504,45.4757810136865,6.4299550652504,https://www.remontees-mecaniques.net/bdd/reportage-tke-du-montolivet-et-de-la-rochette-doppelmayr-1899.html,1629.5,0.06077348066298342,11,11,181,7019.244198895025,0.0,12780.499999999996,181,1,11,11.0
TSD4 de Combelouvière,Valmorel (Le Grand Domaine),45.4989476274752,6.45467966794968,45.4989476274752,6.45467966794968,45.4989476274752,6.45467966794968,https://www.remontees-mecaniques.net/bdd/reportage-tsd4-de-combelouviere-montaz-mautino-109.html,1387.0,0.06077348066298342,11,11,181,7019.244198895025,0.0,12780.499999999996,181,1,11,11.0
TSD6 de Casserousse,Chamrousse,45.13968171520347,5.888233333826065,45.13968171520347,5.888233333826065,45.13968171520347,5.888233333826065,https://www.remontees-mecaniques.net/bdd/reportage-tsd6-de-casserousse-poma-6993.html,1639.5,0.09944751381215469,18,18,181,2890.91491712707,0.0,5750.699999999999,181,1,18,18.0
TKF du Clos de la Mure,Col d'Ornon,45.03081568731152,5.9808433055877686,45.03081568731152,5.9808433055877686,45.03081568731152,5.9808433055877686,https://www.remontees-mecaniques.net/bdd/reportage-tkf-du-clos-de-la-mure-montaz-mautino-4815.html,1430.0,0.11602209944751381,21,20,181,356.71491712707194,0.0,675.3000000000002,181,1,21,21.0
TKD Les Arolles,Corrençon-en-Vercors (Espace Villard-Corrençon),45.0085761227251,5.54327577352524,45.0085761227251,5.54327577352524,45.0085761227251,5.54327577352524,https://www.remontees-mecaniques.net/bdd/reportage-tkd-les-arolles-montaz-mautino-2165.html,1772.0,0.11602209944751381,21,19,181,536.8850828729285,0.0,982.7999999999998,181,1,21,21.0
TKD du Blavet,Gresse-en-Vercors,44.8917517440252,5.54892182350159,44.8917517440252,5.54892182350159,44.8917517440252,5.54892182350159,https://www.remontees-mecaniques.net/bdd/reportage-tkd-du-blavet-poma-3582.html,,0.10497237569060773,19,11,181,666.7872928176798,0.0,1334.2999999999997,181,1,19,19.0
TB5x4 Télécentre,L'Alpe d'Huez (Alpe d'Huez Grand Domaine Ski),45.090823150608,6.06527924537659,45.090823150608,6.06527924537659,45.090823150608,6.06527924537659,https://www.remontees-mecaniques.net/bdd/reportage-tb5x4-telecentre-montaz-mautino-494.html,1820.0,0.06077348066298342,11,11,181,5176.154143646405,0.0,9890.400000000003,181,1,11,11.0
TSCD8-10 du Signal,L'Alpe d'Huez (Alpe d'Huez Grand Domaine Ski),45.09731782713327,6.068819761276245,45.09731782713327,6.068819761276245,45.09731782713327,6.068819761276245,https://www.remontees-mecaniques.net/bdd/reportage-tscd8-10-du-signal-poma-6139.html,1991.0,0.06077348066298342,11,11,181,5176.154143646405,0.0,9890.400000000003,181,1,11,11.0
TKD des Bachassons,Lans-en-Vercors,45.10717393362288,5.611599683761597,45.10717393362288,5.611599683761597,45.10717393362288,5.611599683761597,https://www.remontees-mecaniques.net/bdd/reportage-tkd-des-bachassons-montaz-mautino-9023.html,,0.19889502762430938,36,21,181,591.4917127071823,0.0,1021.0,181,1,36,36.0
TSF4 du Grand Collet,Le Collet d'Allevard,45.3933947772902,6.12859010696411,45.3933947772902,6.12859010696411,45.3933947772902,6.12859010696411,https://www.remontees-mecaniques.net/bdd/reportage-tsf4-du-grand-collet-skirail-3500.html,,0.10497237569060773,19,19,181,1341.3447513812162,0.0,2554.6999999999994,181,1,19,19.0
TKD du Pré Rond,Le Collet d'Allevard,45.4056741329341,6.13155663013458,45.4056741329341,6.13155663013458,45.4056741329341,6.13155663013458,https://www.remontees-mecaniques.net/bdd/reportage-tkd-du-pre-rond-poma-3172.html,,0.10497237569060773,19,19,181,1341.3447513812162,0.0,2554.6999999999994,181,1,19,19.0
TCD8 de Pierre Grosse,Les Deux Alpes,45.01427207322408,6.175217628479004,45.01427207322408,6.175217628479004,45.01427207322408,6.175217628479004,https://www.remontees-mecaniques.net/bdd/reportage-tcd8-de-pierre-grosse-bartholet-7479.html,2687.5,0.06077348066298342,11,11,181,6892.693922651938,0.0,13556.1,181,1,11,11.0
TSD4 du Village,Les Deux Alpes,45.0183982401758,6.13037377595901,45.0183982401758,6.13037377595901,45.0183982401758,6.13037377595901,https://www.remontees-mecaniques.net/bdd/reportage-tsd4-du-village-poma-1008.html,1724.0,0.06077348066298342,11,11,181,6892.693922651938,0.0,13556.1,181,1,11,11.0
TCD10 de l'Eau d'Olle Express,Oz-en-Oisans (Alpe d'Huez Grand Domaine Ski),45.126125634874654,6.03856653046393,45.126125634874654,6.03856653046393,45.126125634874654,6.03856653046393,https://www.remontees-mecaniques.net/bdd/reportage-tcd10-de-l-eau-d-olle-express-leitner-7652.html,1056.0,0.10497237569060773,19,18,181,1249.7337016574586,0.0,2268.6999999999994,181,1,19,19.0
TSF3 de la  Revue,Arvieux (Queyras),44.78195688750334,6.735981702804566,44.78195688750334,6.735981702804566,44.78195688750334,6.735981702804566,https://www.remontees-mecaniques.net/bdd/reportage-tsf3-de-la-revue-montaz-mautino-7407.html,,0.10497237569060773,19,18,181,517.6928176795582,0.0,1036.0,181,1,19,19.0
TKD du Touron,Briançon (Serre Chevalier Vallée),44.9010562120715,6.61456078290939,44.9010562120715,6.61456078290939,44.9010562120715,6.61456078290939,https://www.remontees-mecaniques.net/bdd/reportage-tkd-du-touron-poma-2299.html,1646.0,0.09944751381215469,18,11,181,1311.9856353591163,0.0,2586.299999999999,181,1,18,18.0
TSF2 du Signal,Le Chazelet,45.056504612884,6.28011614084244,45.056504612884,6.28011614084244,45.056504612884,6.28011614084244,https://www.remontees-mecaniques.net/bdd/reportage-tsf2-du-signal-montaz-mautino-2186.html,,0.09944751381215469,18,18,181,1153.7966850828739,0.0,2201.5999999999995,181,1,18,18.0
TSD6 du Pic Vert,Les Orres,44.49308105285978,6.55801892236923,44.49308105285978,6.55801892236923,44.49308105285978,6.55801892236923,https://www.remontees-mecaniques.net/bdd/reportage-tsd6-du-pic-vert-doppelmayr-8017.html,,0.06077348066298342,11,11,181,2027.2464088397799,0.0,4301.200000000001,181,1,11,11.0
TKD du Moulin,Molines-en-Queyras (Beauregard - Queyras),44.72395670418802,6.861428618431091,44.72395670418802,6.861428618431091,44.72395670418802,6.861428618431091,https://www.remontees-mecaniques.net/bdd/reportage-tkd-du-moulin-montaz-mautino-7605.html,1914.5,0.06077348066298342,11,11,181,924.7966850828732,0.0,1883.1000000000004,181,1,11,11.0
TSCD6-8 des Chalmettes,Montgenèvre (Vialattea),44.928558002442,6.71800553798676,44.928558002442,6.71800553798676,44.928558002442,6.71800553798676,https://www.remontees-mecaniques.net/bdd/reportage-tscd6-8-des-chalmettes-poma-4519.html,2200.0,0.06077348066298342,11,11,181,3311.890055248619,0.0,7186.3,181,1,11,11.0
TKD de la Bergerie,Risoul (La Forêt Blanche),44.5877566635066,6.64132654666901,44.5877566635066,6.64132654666901,44.5877566635066,6.64132654666901,https://www.remontees-mecaniques.net/bdd/reportage-tkd-de-la-bergerie-montaz-mautino-4835.html,,0.06077348066298342,11,11,181,2167.664088397791,0.0,4384.799999999999,181,1,11,11.0
TSD6 des Vallons,Villeneuve (Serre Chevalier Vallée),44.9304379535452,6.53720587491989,44.9304379535452,6.53720587491989,44.9304379535452,6.53720587491989,https://www.remontees-mecaniques.net/bdd/reportage-tsd6-des-vallons-bartholet-montaval-3847.html,2210.5,0.06077348066298342,11,11,181,3559.918232044199,0.0,7048.199999999999,181,1,11,11.0
TSD4 du Blainon,Auron,44.2199498731806,6.92972302436829,44.2199498731806,6.92972302436829,44.2199498731806,6.92972302436829,https://www.remontees-mecaniques.net/bdd/reportage-tsd4-du-blainon-poma-3685.html,,0.06077348066298342,11,11,181,1322.8812154696138,0.0,3207.099999999999,181,1,11,11.0
TSF2 de l'Adret-Rambert,Auron,44.2189848943266,6.92675113677979,44.2189848943266,6.92675113677979,44.2189848943266,6.92675113677979,https://www.remontees-mecaniques.net/bdd/reportage-tsf2-de-l-adret-rambert-montaz-mautino-3177.html,,0.06077348066298342,11,11,181,1322.8812154696138,0.0,3207.099999999999,181,1,11,11.0
TKD du Champ Tondu 1,Lus la Jarjatte,44.673543610475754,5.761749744415283,44.673543610475754,5.761749744415283,44.673543610475754,5.761749744415283,https://www.remontees-mecaniques.net/bdd/reportage-tkd-du-champ-tondu-1-montaz-mautino-9214.html,,0.11049723756906077,20,18,181,426.18342541436465,0.0,787.9999999999998,181,1,20,20.0
TSF4 des Mastretes,Sainte-Anne-la-Condamine,44.4629821507616,6.71621650457382,44.4629821507616,6.71621650457382,44.4629821507616,6.71621650457382,https://www.remontees-mecaniques.net/bdd/reportage-tsf4-des-mastretes-gmm-4164.html,2115.0,0.06077348066298342,11,11,181,898.3977900552479,0.0,1940.8999999999999,181,1,11,11.0
TSD6 des Eguilles,Valberg,44.0806720939015,6.95584774017334,44.0806720939015,6.95584774017334,44.0806720939015,6.95584774017334,https://www.remontees-mecaniques.net/bdd/reportage-tsd6-des-eguilles-poma-5183.html,,0.06077348066298342,11,11,181,810.5933701657453,0.0,1789.3,181,1,11,11.0
TKD de Bessadeil,Ascou Pailhères,42.73043491998394,1.9547724723815918,42.73043491998394,1.9547724723815918,42.73043491998394,1.9547724723815918,https://www.remontees-mecaniques.net/bdd/reportage-tkd-de-bessadeil-montaz-mautino-3030.html,1500.0,0.17679558011049723,32,21,181,328.65193370165724,0.0,632.0,181,1,32,32.0
TSF3 de la Jasse de l'Orri,Ascou Pailhères,42.7302832122379,1.95409655570984,42.7302832122379,1.95409655570984,42.7302832122379,1.95409655570984,https://www.remontees-mecaniques.net/bdd/reportage-tsf3-de-la-jasse-de-l-orri-poma-3027.html,1490.0,0.17679558011049723,32,21,181,328.65193370165724,0.0,632.0,181,1,32,32.0
TSF3 du Rebenty,Ax 3 Domaines,42.66287253883418,1.8082433938980103,42.66287253883418,1.8082433938980103,42.66287253883418,1.8082433938980103,https://www.remontees-mecaniques.net/bdd/reportage-tsf3-du-rebenty-poma-3052.html,2078.5,0.06077348066298342,11,11,181,2285.327624309392,0.0,4450.100000000001,181,1,11,11.0
TSD6 du Tourmalet,Barèges (Grand Tourmalet),42.906048119686666,0.13222619891166687,42.906048119686666,0.13222619891166687,42.906048119686666,0.13222619891166687,https://www.remontees-mecaniques.net/bdd/reportage-tsd6-du-tourmalet-poma-1823.html,,0.11049723756906077,20,12,181,1276.030939226519,0.0,2648.0,181,1,20,20.0
TKD de Font Petite,Cambre d'Aze,42.47386954318279,2.115318775177002,42.47386954318279,2.115318775177002,42.47386954318279,2.115318775177002,https://www.remontees-mecaniques.net/bdd/reportage-tkd-de-font-petite-montaz-mautino-849.html,2051.5,0.06629834254143646,12,12,181,645.9911602209953,0.0,1538.1000000000001,181,1,12,12.0
TKD du Nan 1,Goulier Neige,42.73868765620717,1.5148177742958069,42.73868765620717,1.5148177742958069,42.73868765620717,1.5148177742958069,https://www.remontees-mecaniques.net/bdd/reportage-tkd-du-nan-1-poma-3808.html,,0.19889502762430938,36,32,181,444.7657458563531,0.0,880.1999999999996,181,1,36,36.0
TSF4 des Sapins,La Mongie (Grand Tourmalet),42.90869099001814,0.1798772817710415,42.90869099001814,0.1798772817710415,42.90869099001814,0.1798772817710415,https://www.remontees-mecaniques.net/bdd/reportage-tsf4-des-sapins-lst-6223.html,,0.06629834254143646,12,11,181,2534.767955801105,0.0,5395.5,181,1,12,12.0
TKD du Plateau,Les Angles,42.5742183278571,2.05234318971634,42.5742183278571,2.05234318971634,42.5742183278571,2.05234318971634,https://www.remontees-mecaniques.net/bdd/reportage-tkd-du-plateau-poma-4245.html,2084.5,0.06629834254143646,12,11,181,1711.08453038674,0.0,3761.9,181,1,12,12.0
TSF4 du Campbielh,Piau-Engaly,42.78316337309896,0.1578882336616516,42.78316337309896,0.1578882336616516,42.78316337309896,0.1578882336616516,https://www.remontees-mecaniques.net/bdd/reportage-tsf4-du-campbielh-poma-3709.html,,0.10497237569060773,19,19,181,1016.0944751381213,0.0,2215.099999999999,181,1,19,19.0
TKD de la Vignole,Porté-Puymorens,42.550487916876506,1.7896288633346558,42.550487916876506,1.7896288633346558,42.550487916876506,1.7896288633346558,https://www.remontees-mecaniques.net/bdd/reportage-tkd-de-la-vignole-poma-6027.html,1983.5,0.10497237569060773,19,12,181,838.6022099447518,0.0,1828.7000000000003,181,1,19,19.0
TKD Col,Saint-Lary-Soulan,42.8325484165071,0.235739350318909,42.8325484165071,0.235739350318909,42.8325484165071,0.235739350318909,https://www.remontees-mecaniques.net/bdd/reportage-tkd-col-poma-2745.html,,0.06629834254143646,12,11,181,4065.829281767956,0.0,8548.599999999999,181,1,12,12.0
TSF2 du Lac,Saint-Lary-Soulan,42.82486687732556,0.20713627338409424,42.82486687732556,0.20713627338409424,42.82486687732556,0.20713627338409424,https://www.remontees-mecaniques.net/bdd/reportage-tsf2-du-lac-poma-2446.html,,0.06629834254143646,12,11,181,4065.829281767956,0.0,8548.599999999999,181,1,12,12.0
TSF6 de l'Adet,Saint-Lary-Soulan,42.8142803293606,0.289144814014435,42.8142803293606,0.289144814014435,42.8142803293606,0.289144814014435,https://www.remontees-mecaniques.net/bdd/reportage-tsf6-de-l-adet-poma-2811.html,,0.06629834254143646,12,11,181,4065.829281767956,0.0,8548.599999999999,181,1,12,12.0
TKD des Chômets 2,Le Mont-Dore (Le Sancy),45.5468771282699,2.81686127185822,45.5468771282699,2.81686127185822,45.5468771282699,2.81686127185822,https://www.remontees-mecaniques.net/bdd/reportage-tkd-des-chomets-2-montaz-mautino-2462.html,1319.0,0.10497237569060773,19,19,181,815.5580110497226,0.0,1665.2999999999997,181,1,19,19.0
TKD du Petit Prat Peyrot,Prat Peyrot,44.11826923986713,3.5523149371147156,44.11826923986713,3.5523149371147156,44.11826923986713,3.5523149371147156,https://www.remontees-mecaniques.net/bdd/reportage-tkd-du-petit-prat-peyrot-montaz-mautino-5518.html,1400.5,0.281767955801105,51,37,181,103.0541436464089,0.0,192.90000000000006,181,1,51,51.0
TSF2 du Tremplin,Chaux-Neuve (Val de Mouthe),46.67132027834212,6.135402917861939,46.67132027834212,6.135402917861939,46.67132027834212,6.135402917861939,https://www.remontees-mecaniques.net/bdd/reportage-tsf2-du-tremplin-montaz-mautino-7816.html,1010.0,0.20441988950276244,37,20,181,188.91712707182327,0.0,338.99999999999983,181,1,37,37.0
TKD de la Girarde,Les Fourgs,46.840651231509234,6.441582441329957,46.840651231509234,6.441582441329957,46.840651231509234,6.441582441329957,https://www.remontees-mecaniques.net/bdd/reportage-tkd-de-la-girarde-poma-9257.html,1206.5,0.11049723756906077,20,20,181,439.69613259668506,0.0,730.0,181,1,20,20.0
TKD du Snow Park,La Bresse - Hohneck,48.036691500196966,6.9706642627716064,48.036691500196966,6.9706642627716064,48.036691500196966,6.9706642627716064,https://www.remontees-mecaniques.net/bdd/reportage-tkd-du-snow-park-poma-2291.html,,0.10497237569060773,19,18,181,656.2386740331492,0.0,1051.9999999999995,181,1,19,19.0
TKD de la Grande Gentiane,Le Ballon d'Alsace,47.80182709288426,6.852594763040543,47.80182709288426,6.852594763040543,47.80182709288426,6.852594763040543,https://www.remontees-mecaniques.net/bdd/reportage-tkd-de-la-grande-gentiane-montaz-mautino-5616.html,1062.5,0.11049723756906077,20,20,181,496.006629834255,0.0,814.2999999999998,181,1,20,20.0
ASC Panoramics,Langres,47.8613620757146,5.33663302659988,47.8613620757146,5.33663302659988,47.8613620757146,5.33663302659988,https://www.remontees-mecaniques.net/bdd/reportage-asc-panoramics-skirail-2008.html,,1.0,181,181,181,14.948066298342559,0.0,22.3,181,1,181,181.0
TKF des Poussins,Vergio,42.2863775605418,8.89386713504791,42.2863775605418,8.89386713504791,42.2863775605418,8.89386713504791,https://www.remontees-mecaniques.net/bdd/reportage-tkf-des-poussins-poma-4467.html,1410.5,0.287292817679558,52,44,181,81.36906077348073,0.0,161.49999999999997,181,1,52,52.0
TKD Santonacci,Vergio,42.2853338236017,8.89211565256119,42.2853338236017,8.89211565256119,42.2853338236017,8.89211565256119,https://www.remontees-mecaniques.net/bdd/reportage-tkd-santonacci-poma-4451.html,1509.0,0.287292817679558,52,44,181,81.36906077348073,0.0,161.49999999999997,181,1,52,52.0
TSD6 de la Chaux Fleurie,Avoriaz (Morzine-Avoriaz - Les Portes du Soleil),46.21174561762431,6.7903125286102295,46.21174561762431,6.7903125286102295,46.21174561762431,6.7903125286102295,https://www.remontees-mecaniques.net/bdd/reportage-tsd6-de-la-chaux-fleurie-poma-8575.html,1503.0,0.06077348066298342,11,10,181,6126.023756906075,0.0,10831.700000000004,181,1,11,11.0
TSF3 du Plateau,Avoriaz (Morzine-Avoriaz - Les Portes du Soleil),46.18814240069535,6.774761080741882,46.18814240069535,6.774761080741882,46.18814240069535,6.774761080741882,https://www.remontees-mecaniques.net/bdd/reportage-tsf3-du-plateau-poma-5860.html,1803.0,0.06077348066298342,11,10,181,6126.023756906075,0.0,10831.700000000004,181,1,11,11.0
TKD des Sources,Bellevaux - Hirmentaz (Hirmentaz - Les Habères),46.2425663834014,6.505247354507446,46.2425663834014,6.505247354507446,46.2425663834014,6.505247354507446,https://www.remontees-mecaniques.net/bdd/reportage-tkd-des-sources-montaz-mautino-6388.html,1245.0,0.09944751381215469,18,11,181,2123.7187845303843,0.0,4115.8,181,1,18,18.0
TKD du Cabri,Bellevaux - La Chèvrerie (Roc d'Enfer - Les Portes du Soleil),46.21190152776688,6.569684743881226,46.21190152776688,6.569684743881226,46.21190152776688,6.569684743881226,https://www.remontees-mecaniques.net/bdd/reportage-tkd-du-cabri-poma-5996.html,1179.0,0.10497237569060773,19,18,181,639.2016574585635,0.0,1144.8999999999996,181,1,19,19.0
TSD6 du Cornu,Chamonix-Mont-Blanc - Brévent-Flégère (Vallée de Chamonix),45.94254080926637,6.8604576587677,45.94254080926637,6.8604576587677,45.94254080926637,6.8604576587677,https://www.remontees-mecaniques.net/bdd/reportage-tsd6-du-cornu-poma-4849.html,2073.5,0.06077348066298342,11,11,181,4290.926519337017,0.0,7791.7999999999965,181,1,11,11.0
TKE Minivor,Chamonix-Mont-Blanc - Le Tour (Balme - Vallée de Chamonix),46.00238920682,6.94770455360413,46.00238920682,6.94770455360413,46.00238920682,6.94770455360413,https://www.remontees-mecaniques.net/bdd/reportage-tke-minivor-gmm-5054.html,,0.09944751381215469,18,11,181,2904.868508287292,0.0,5242.700000000003,181,1,18,18.0
TKF des Covagnys,Châtel (Les Portes du Soleil),46.233221781894315,6.788909733295441,46.233221781894315,6.788909733295441,46.233221781894315,6.788909733295441,https://www.remontees-mecaniques.net/bdd/reportage-tkf-des-covagnys-schippers-7312.html,1308.5,0.06077348066298342,11,11,181,4526.320441988953,0.0,8116.599999999998,181,1,11,11.0
TSF4 de Barbossine,Châtel (Les Portes du Soleil),46.2826204843152,6.84211134910583,46.2826204843152,6.84211134910583,46.2826204843152,6.84211134910583,https://www.remontees-mecaniques.net/bdd/reportage-tsf4-de-barbossine-poma-5093.html,,0.06077348066298342,11,11,181,4526.320441988953,0.0,8116.599999999998,181,1,11,11.0
TKF du Petit Bois,Demi-Quartier (Évasion Mont Blanc) (Arbois-Rochebrune - Évasion Mont Blanc),45.88015741824544,6.642141938209534,45.88015741824544,6.642141938209534,45.88015741824544,6.642141938209534,https://www.remontees-mecaniques.net/bdd/reportage-tkf-du-petit-bois-poma-4119.html,1089.5,0.11049723756906077,20,19,181,439.14806629834266,0.0,777.0000000000002,181,1,20,20.0
TKE du Lapiaz,Flaine (Le Grand Massif),45.9957150422417,6.70196861028671,45.9957150422417,6.70196861028671,45.9957150422417,6.70196861028671,https://www.remontees-mecaniques.net/bdd/reportage-tke-du-lapiaz-transtele-2138.html,2039.0,0.06077348066298342,11,11,181,5728.5414364640865,0.0,10381.499999999996,181,1,11,11.0
TSF4 de Braitaz,La Chapelle-d'Abondance - Braitaz (Les Portes du Soleil),46.2996939154616,6.81573987007141,46.2996939154616,6.81573987007141,46.2996939154616,6.81573987007141,https://www.remontees-mecaniques.net/bdd/reportage-tsf4-de-braitaz-poma-4668.html,,0.26519337016574585,48,36,181,132.72817679558005,0.0,242.19999999999993,181,1,48,48.0
TKE de l'Étoile des Neiges,La Clusaz (La Clusaz-Manigod - Les Aravis),45.892733794183066,6.403449475765228,45.892733794183066,6.403449475765228,45.892733794183066,6.403449475765228,https://www.remontees-mecaniques.net/bdd/reportage-tke-de-l-etoile-des-neiges-gmm-8647.html,1615.5,0.09944751381215469,18,11,181,5542.509392265194,0.0,9935.999999999996,181,1,18,18.0
TSF4 de la Duche,Le Grand-Bornand (Les Aravis),45.96056271709781,6.503112316131593,45.96056271709781,6.503112316131593,45.96056271709781,6.503112316131593,https://www.remontees-mecaniques.net/bdd/reportage-tsf4-de-la-duche-poma-8998.html,,0.09944751381215469,18,18,181,3713.187845303866,0.0,6741.100000000001,181,1,18,18.0
TKF de Prariand,Le Reposoir,46.009394164009535,6.535996198654175,46.009394164009535,6.535996198654175,46.009394164009535,6.535996198654175,https://www.remontees-mecaniques.net/bdd/reportage-tkf-de-prariand-montaz-mautino-5781.html,988.5,0.11049723756906077,20,20,181,652.3558011049727,0.0,1221.1000000000001,181,1,20,20.0
TKD de Chaîne d'Or,Les Brasses,46.17615683419822,6.452584862709045,46.17615683419822,6.452584862709045,46.17615683419822,6.452584862709045,https://www.remontees-mecaniques.net/bdd/reportage-tkd-de-chaine-d-or-montagner-6497.html,1184.0,0.10497237569060773,19,18,181,1367.766298342542,0.0,2458.8000000000006,181,1,19,19.0
TKD des Crépyr,Les Brasses,46.18052312168625,6.441298127174377,46.18052312168625,6.441298127174377,46.18052312168625,6.441298127174377,https://www.remontees-mecaniques.net/bdd/reportage-tkd-des-crepyr-montagner-8900.html,1165.5,0.10497237569060773,19,18,181,1367.766298342542,0.0,2458.8000000000006,181,1,19,19.0
TCD6 du Signal,Les Contamines-Montjoie (Les Contamines - Hauteluce - Évasion Mont Blanc),45.8028106866872,6.71325266361237,45.8028106866872,6.71325266361237,45.8028106866872,6.71325266361237,https://www.remontees-mecaniques.net/bdd/reportage-tcd6-du-signal-poma-464.html,1470.0,0.06077348066298342,11,11,181,5286.2790055248615,0.0,9461.0,181,1,11,11.0
TKD des Pierres Blanches,Les Contamines-Montjoie (Les Contamines - Hauteluce - Évasion Mont Blanc),45.7851883209697,6.68112516403198,45.7851883209697,6.68112516403198,45.7851883209697,6.68112516403198,https://www.remontees-mecaniques.net/bdd/reportage-tkd-des-pierres-blanches-poma-678.html,1850.0,0.06077348066298342,11,11,181,5286.2790055248615,0.0,9461.0,181,1,11,11.0
TSF2 des Planeys,Les Gets (Morzine-Les Gets - Les Portes du Soleil),46.17248301537691,6.6620466113090515,46.17248301537691,6.6620466113090515,46.17248301537691,6.6620466113090515,https://www.remontees-mecaniques.net/bdd/reportage-tsf2-des-planeys-montaz-mautino-3007.html,,0.09944751381215469,18,11,181,4687.4983425414375,0.0,8348.4,181,1,18,18.0
TSF3 des Crêtes,Les Habères (Hirmentaz - Les Habères),46.24163143834253,6.48442804813385,46.24163143834253,6.48442804813385,46.24163143834253,6.48442804813385,https://www.remontees-mecaniques.net/bdd/reportage-tsf3-des-cretes-poma-6334.html,1302.5,0.10497237569060773,19,18,181,828.7016574585639,0.0,1568.2000000000007,181,1,19,19.0
TSF4 de Maison Neuve,Les Houches (Les Houches - Saint-Gervais),45.8880347897454,6.77644282579422,45.8880347897454,6.77644282579422,45.8880347897454,6.77644282579422,https://www.remontees-mecaniques.net/bdd/reportage-tsf4-de-maison-neuve-poma-759.html,,0.09944751381215469,18,18,181,1345.7817679558011,0.0,2398.0,181,1,18,18.0
TKD de la Pyramide,Mont-Saxonnex,46.035518925940686,6.508106589317323,46.035518925940686,6.508106589317323,46.035518925940686,6.508106589317323,https://www.remontees-mecaniques.net/bdd/reportage-tkd-de-la-pyramide-montaz-mautino-6645.html,1457.5,0.11049723756906077,20,19,181,642.4408839779004,0.0,1149.7,181,1,20,20.0
TKD de la Vieille,Morillon (Le Grand Massif),46.04596672536627,6.665462504470611,46.04596672536627,6.665462504470611,46.04596672536627,6.665462504470611,https://www.remontees-mecaniques.net/bdd/reportage-tkd-de-la-vieille-poma-6454.html,1630.0,0.10497237569060773,19,18,181,1326.6381215469628,0.0,2416.7,181,1,19,19.0
TSF4 des Mouilles,Morzine - Le Pléney (Morzine-Les Gets - Les Portes du Soleil),46.1754659223997,6.69427335262299,46.1754659223997,6.69427335262299,46.1754659223997,6.69427335262299,https://www.remontees-mecaniques.net/bdd/reportage-tsf4-des-mouilles-poma-5091.html,1397.0,0.09944751381215469,18,18,181,2190.2314917127087,0.0,3893.8999999999996,181,1,18,18.0
TSF4 du Schuss des Dames,Saint-Gervais - Col de Voza (Les Houches - Saint-Gervais),45.8786710669425,6.76546454429626,45.8786710669425,6.76546454429626,45.8786710669425,6.76546454429626,https://www.remontees-mecaniques.net/bdd/reportage-tsf4-du-schuss-des-dames-poma-312.html,,0.09944751381215469,18,11,181,2103.6685082872937,0.0,3745.7000000000003,181,1,18,18.0
TSF3 de la Pierre Plate,Saint-Gervais - Le Bettex (Arbois-Rochebrune - Évasion Mont Blanc),45.8774498390075,6.68484807014465,45.8774498390075,6.68484807014465,45.8774498390075,6.68484807014465,https://www.remontees-mecaniques.net/bdd/reportage-tsf3-de-la-pierre-plate-poma-771.html,1390.5,0.06077348066298342,11,11,181,4448.155801104968,0.0,7904.0,181,1,11,11.0
TSF2 du Chef-Lieu,Saint-Nicolas-de-Véroce (Arbois-Rochebrune - Évasion Mont Blanc),45.85373701354549,6.723372638225555,45.85373701354549,6.723372638225555,45.85373701354549,6.723372638225555,https://www.remontees-mecaniques.net/bdd/reportage-tsf2-du-chef-lieu-montaz-mautino-2039.html,1314.0,0.09944751381215469,18,18,181,2162.8872928176793,0.0,3836.399999999999,181,1,18,18.0
TKD Lutins,Arêches-Beaufort,45.6684706645332,6.56540393829346,45.6684706645332,6.56540393829346,45.6684706645332,6.56540393829346,https://www.remontees-mecaniques.net/bdd/reportage-tkd-lutins-montaz-mautino-2952.html,1713.5,0.09944751381215469,18,11,181,3226.280662983425,0.0,5930.900000000002,181,1,18,18.0
TSF4 du 3000,Bonneval-sur-Arc (Haute Maurienne Vanoise),45.3573341808881,7.04346477985382,45.3573341808881,7.04346477985382,45.3573341808881,7.04346477985382,https://www.remontees-mecaniques.net/bdd/reportage-tsf4-du-3000-montaval-85.html,2657.5,0.06077348066298342,11,11,181,1778.7591160221004,0.0,4542.500000000002,181,1,11,11.0
TKF de l'Aiglon,Champagny-en-Vanoise (Paradiski),45.47269642769458,6.695920228958131,45.47269642769458,6.695920228958131,45.47269642769458,6.695920228958131,https://www.remontees-mecaniques.net/bdd/reportage-tkf-de-l-aiglon-montagner-8617.html,,0.09944751381215469,18,11,181,1622.0563535911592,0.0,2900.300000000001,181,1,18,18.0
TKD de la Petite Bosse,Courchevel (Les 3 Vallées),45.4007231616838,6.65334284305573,45.4007231616838,6.65334284305573,45.4007231616838,6.65334284305573,https://www.remontees-mecaniques.net/bdd/reportage-tkd-de-la-petite-bosse-poma-2536.html,1927.5,0.06077348066298342,11,11,181,7231.286740331488,0.0,13007.500000000005,181,1,11,11.0
TKD de Cospillot,Courchevel (Les 3 Vallées),45.4123249639752,6.64038240909576,45.4123249639752,6.64038240909576,45.4123249639752,6.64038240909576,https://www.remontees-mecaniques.net/bdd/reportage-tkd-de-cospillot-poma-3069.html,1835.5,0.06077348066298342,11,11,181,7231.286740331488,0.0,13007.500000000005,181,1,11,11.0
TKD du Crestera,Crest-Voland (Espace Diamant),45.7957010702776,6.52835190296173,45.7957010702776,6.52835190296173,45.7957010702776,6.52835190296173,https://www.remontees-mecaniques.net/bdd/reportage-tkd-du-crestera-montaz-mautino-2763.html,,0.09944751381215469,18,18,181,1986.0414364640865,0.0,3563.1000000000013,181,1,18,18.0
TKE du Covagnet,La Giettaz (Portes du Mont Blanc - Évasion Mont Blanc),45.8789156827671,6.52704834938049,45.8789156827671,6.52704834938049,45.8789156827671,6.52704834938049,https://www.remontees-mecaniques.net/bdd/reportage-tke-du-covagnet-poma-3696.html,,0.09944751381215469,18,18,181,1431.367955801105,0.0,2579.0000000000014,181,1,18,18.0
FUN D de la Grande Rochette,La Plagne (Paradiski),45.505246,6.677213,45.505246,6.677213,45.505246,6.677213,https://www.remontees-mecaniques.net/bdd/reportage-fun-d-de-la-grande-rochette-doppelmayr-154.html,,0.06077348066298342,11,11,181,9235.23038674033,0.0,16571.700000000004,181,1,11,11.0
TSD6 de Carella,La Plagne (Paradiski),45.4894752886526,6.70930176973343,45.4894752886526,6.70930176973343,45.4894752886526,6.70930176973343,https://www.remontees-mecaniques.net/bdd/reportage-tsd6-de-carella-doppelmayr-902.html,2294.0,0.06077348066298342,11,11,181,9235.23038674033,0.0,16571.700000000004,181,1,11,11.0
TSF4 du Golf,La Plagne (Paradiski),45.51515107022085,6.668701171875,45.51515107022085,6.668701171875,45.51515107022085,6.668701171875,https://www.remontees-mecaniques.net/bdd/reportage-tsf4-du-golf-poma-5455.html,2132.0,0.06077348066298342,11,11,181,9235.23038674033,0.0,16571.700000000004,181,1,11,11.0
TSD6 des Sybelles Express,Le Corbier (Les Sybelles),45.2405596586262,6.26740247011185,45.2405596586262,6.26740247011185,45.2405596586262,6.26740247011185,https://www.remontees-mecaniques.net/bdd/reportage-tsd6-des-sybelles-express-leitner-180.html,1895.0,0.09944751381215469,18,18,181,2107.645856353591,0.0,3837.6000000000004,181,1,18,18.0
TKF Baby de Planchamps,Le Granier (Les Entremonts en Chartreuse),45.46269644404517,5.899404287774815,45.46269644404517,5.899404287774815,45.46269644404517,5.899404287774815,https://www.remontees-mecaniques.net/bdd/reportage-tkf-baby-de-planchamps-montagner-7171.html,998.5,0.20441988950276244,37,37,181,238.7911602209948,0.0,444.79999999999995,181,1,37,37.0
TKD de la Grenouillère,Le Revard (Savoie Grand Revard),45.6805177015377,5.98022639751434,45.6805177015377,5.98022639751434,45.6805177015377,5.98022639751434,https://www.remontees-mecaniques.net/bdd/reportage-tkd-de-la-grenouillere-montagner-5120.html,1494.5,0.19889502762430938,36,20,181,473.65966850828704,0.0,934.4,181,1,36,36.0
TKE2 Snowpark,Les Arcs (Paradiski),45.5772448396938,6.7999255657196,45.5772448396938,6.7999255657196,45.5772448396938,6.7999255657196,https://www.remontees-mecaniques.net/bdd/reportage-tke2-snowpark-poma-3759.html,2153.5,0.06077348066298342,11,11,181,7061.487292817676,0.0,12948.499999999995,181,1,11,11.0
TKE du Cabri,Les Bottières (Les Sybelles),45.2647969218225,6.29775166511536,45.2647969218225,6.29775166511536,45.2647969218225,6.29775166511536,https://www.remontees-mecaniques.net/bdd/reportage-tke-du-cabri-gmm-4847.html,1301.0,0.10497237569060773,19,18,181,789.3629834254133,0.0,1401.0,181,1,19,19.0
TKD de la Forêt,Les Saisies (Espace Diamant),45.7543811553867,6.53435200452805,45.7543811553867,6.53435200452805,45.7543811553867,6.53435200452805,https://www.remontees-mecaniques.net/bdd/reportage-tkd-de-la-foret-poma-3008.html,,0.06077348066298342,11,11,181,6514.234806629835,0.0,11865.099999999993,181,1,11,11.0
TSF3 des Challiers,Les Saisies (Espace Diamant),45.7550024809457,6.53228670358658,45.7550024809457,6.53228670358658,45.7550024809457,6.53228670358658,https://www.remontees-mecaniques.net/bdd/reportage-tsf3-des-challiers-montaz-mautino-478.html,,0.06077348066298342,11,11,181,6514.234806629835,0.0,11865.099999999993,181,1,11,11.0
TCD6 des Coches,Montchavin - La Plagne (Paradiski),45.5591888182738,6.73438310623169,45.5591888182738,6.73438310623169,45.5591888182738,6.73438310623169,https://www.remontees-mecaniques.net/bdd/reportage-tcd6-des-coches-poma-3824.html,1328.5,0.06077348066298342,11,11,181,3327.0646408839802,0.0,6077.799999999999,181,1,11,11.0
TKE Premiers Virages  (ex Flocon),Peisey-Vallandry (Paradiski),45.551804006178294,6.788005828857423,45.551804006178294,6.788005828857423,45.551804006178294,6.788005828857423,https://www.remontees-mecaniques.net/bdd/reportage-tke-premiers-virages-ex-flocon-doppelmayr-6790.html,2136.5,0.06077348066298342,11,11,181,2844.5640883977894,0.0,5059.3,181,1,11,11.0
TKD du Mont Cuinat,Saint-Colomban-des-Villards (Les Sybelles),45.2646458958107,6.22765749692917,45.2646458958107,6.22765749692917,45.2646458958107,6.22765749692917,https://www.remontees-mecaniques.net/bdd/reportage-tkd-du-mont-cuinat-poma-524.html,,0.10497237569060773,19,18,181,963.4839779005526,0.0,1814.6000000000001,181,1,19,19.0
TKD du Sapin,Saint-François-Longchamp (Le Grand Domaine),45.414672904417415,6.358986496925354,45.414672904417415,6.358986496925354,45.414672904417415,6.358986496925354,https://www.remontees-mecaniques.net/bdd/reportage-tkd-du-sapin-poma-5528.html,1627.5,0.06077348066298342,11,11,181,3326.0419889502737,0.0,5978.700000000002,181,1,11,11.0
TSF4 des Clochettes,Saint-François-Longchamp (Le Grand Domaine),45.4076080765027,6.34747177362442,45.4076080765027,6.34747177362442,45.4076080765027,6.34747177362442,https://www.remontees-mecaniques.net/bdd/reportage-tsf4-des-clochettes-poma-2515.html,1488.0,0.06077348066298342,11,11,181,3326.0419889502737,0.0,5978.700000000002,181,1,11,11.0
TSD6B de Saint Martin Express,Saint-Martin-de-Belleville (Les 3 Vallées),45.37264187618815,6.529027819633484,45.37264187618815,6.529027819633484,45.37264187618815,6.529027819633484,https://www.remontees-mecaniques.net/bdd/reportage-tsd6b-de-saint-martin-express-doppelmayr-6303.html,2100.0,0.10497237569060773,19,19,181,672.8314917127063,0.0,1250.7000000000005,181,1,19,19.0
TKD de la Roche Noire,Saint-Sorlin-d'Arves (Les Sybelles),45.1997997780076,6.21916562318802,45.1997997780076,6.21916562318802,45.1997997780076,6.21916562318802,https://www.remontees-mecaniques.net/bdd/reportage-tkd-de-la-roche-noire-montaz-mautino-2036.html,2036.0,0.09944751381215469,18,18,181,3232.9226519337017,0.0,6152.399999999999,181,1,18,18.0
TSF4 de l'Aiguille,Sainte-Foy-Tarentaise,45.580545219388,6.91500574350357,45.580545219388,6.91500574350357,45.580545219388,6.91500574350357,https://www.remontees-mecaniques.net/bdd/reportage-tsf4-de-l-aiguille-poma-3206.html,2328.0,0.09944751381215469,18,18,181,858.0966850828736,0.0,1562.2000000000007,181,1,18,18.0
TKD du Col du Palet,Tignes (Espace Tignes-Val d'Isère),45.4517882660706,6.88151031732559,45.4517882660706,6.88151031732559,45.4517882660706,6.88151031732559,https://www.remontees-mecaniques.net/bdd/reportage-tkd-du-col-du-palet-transcable-2027.html,,0.06077348066298342,11,11,181,7473.4497237569085,0.0,14787.700000000006,181,1,11,11.0
TKF de la Lierre Bas,Ugine - Chalet de la Lierre,45.777730379651956,6.450948715209961,45.777730379651956,6.450948715209961,45.777730379651956,6.450948715209961,https://www.remontees-mecaniques.net/bdd/reportage-tkf-de-la-lierre-bas-duport-8930.html,1342.0,0.1712707182320442,31,20,181,220.6712707182322,0.0,395.90000000000015,181,1,31,31.0
TKF de la Lierre Haut,Ugine - Chalet de la Lierre,45.77487189241438,6.451184749603272,45.77487189241438,6.451184749603272,45.77487189241438,6.451184749603272,https://www.remontees-mecaniques.net/bdd/reportage-tkf-de-la-lierre-haut-duport-8935.html,1410.5,0.1712707182320442,31,20,181,220.6712707182322,0.0,395.90000000000015,181,1,31,31.0
TCD10 du Vieux Moulin,Val Cenis (Haute Maurienne Vanoise),45.28826902963171,6.904182922735346,45.28826902963171,6.904182922735346,45.28826902963171,6.904182922735346,https://www.remontees-mecaniques.net/bdd/reportage-tcd10-du-vieux-moulin-leitner-6837.html,,0.06077348066298342,11,11,181,6264.916022099444,0.0,12745.899999999996,181,1,11,11.0
TKD du Lac,Val Cenis (Haute Maurienne Vanoise),45.2713397379943,6.8458878993988,45.2713397379943,6.8458878993988,45.2713397379943,6.8458878993988,https://www.remontees-mecaniques.net/bdd/reportage-tkd-du-lac-montagner-5070.html,,0.06077348066298342,11,11,181,6264.916022099444,0.0,12745.899999999996,181,1,11,11.0
TKE Slalom & Snow-Park,Val d'Isère (Espace Tignes-Val d'Isère),45.44999507823956,6.938609182834625,45.44999507823956,6.938609182834625,45.44999507823956,6.938609182834625,https://www.remontees-mecaniques.net/bdd/reportage-tke-slalom-snow-park-doppelmayr-4208.html,2395.5,0.06077348066298342,11,11,181,8097.030386740336,0.0,16810.9,181,1,11,11.0
TKD de la Crête,Valloire (Galibier Thabor),45.1674586545573,6.45856887102127,45.1674586545573,6.45856887102127,45.1674586545573,6.45856887102127,https://www.remontees-mecaniques.net/bdd/reportage-tkd-de-la-crete-montaz-mautino-1722.html,2254.0,0.06077348066298342,11,11,181,3330.625966850829,0.0,6269.500000000004,181,1,11,11.0
TCD10 Huez Express,L'Alpe d'Huez (Alpe d'Huez Grand Domaine Ski),45.082360484728305,6.055950087490741,45.082360484728305,6.055950087490741,45.082360484728305,6.055950087490741,https://www.remontees-mecaniques.net/bdd/reportage-tcd10-huez-express-poma-8326.html,1632.5,0.06077348066298342,11,11,181,5176.154143646405,0.0,9890.400000000003,181,1,11,11.0
TKD des Lacs 1 & 2,Le Collet d'Allevard,45.392377655779526,6.127678155899048,45.392377655779526,6.127678155899048,45.392377655779526,6.127678155899048,https://www.remontees-mecaniques.net/bdd/reportage-tkd-des-lacs-1-2-montaz-mautino-3498.html,,0.10497237569060773,19,19,181,1341.3447513812162,0.0,2554.6999999999994,181,1,19,19.0
3S du Jandri,Les Deux Alpes,45.00982728665749,6.126937866210938,45.00982728665749,6.126937866210938,45.00982728665749,6.126937866210938,https://www.remontees-mecaniques.net/bdd/reportage-3s-du-jandri-poma-9131.html,2406.0,0.06077348066298342,11,11,181,6892.693922651938,0.0,13556.1,181,1,11,11.0
TKE du Viking,Les Deux Alpes,45.005767248251836,6.125982999801637,45.005767248251836,6.125982999801637,45.005767248251836,6.125982999801637,https://www.remontees-mecaniques.net/bdd/reportage-tke-du-viking-idm-axet-8912.html,1687.5,0.06077348066298342,11,11,181,6892.693922651938,0.0,13556.1,181,1,11,11.0
TSD6 de la Fée,Les Deux Alpes,45.0189841008898,6.16248786449432,45.0189841008898,6.16248786449432,45.0189841008898,6.16248786449432,https://www.remontees-mecaniques.net/bdd/reportage-tsd6-de-la-fee-poma-1724.html,2089.0,0.06077348066298342,11,11,181,6892.693922651938,0.0,13556.1,181,1,11,11.0
TSD6 des Chamois,Les Sept Laux,45.2566427981279,5.99732279777527,45.2566427981279,5.99732279777527,45.2566427981279,5.99732279777527,https://www.remontees-mecaniques.net/bdd/reportage-tsd6-des-chamois-doppelmayr-739.html,,0.09944751381215469,18,11,181,4259.870165745856,0.0,8228.0,181,1,18,18.0
TSD6 du Blétonet,Chantemerle (Serre Chevalier Vallée),44.9327510350396,6.58655776917271,44.9327510350396,6.58655776917271,44.9327510350396,6.58655776917271,https://www.remontees-mecaniques.net/bdd/reportage-tsd6-du-bletonet-poma-13.html,1630.0,0.06077348066298342,11,11,181,2346.8254143646395,0.0,4622.800000000001,181,1,11,11.0
TSF4 du Signal,Le Chazelet,45.0565538760207,6.2802717089653,45.0565538760207,6.2802717089653,45.0565538760207,6.2802717089653,https://www.remontees-mecaniques.net/bdd/reportage-tsf4-du-signal-poma-3221.html,,0.09944751381215469,18,18,181,1153.7966850828739,0.0,2201.5999999999995,181,1,18,18.0
TSCD6-8 de Serre Thibaud,Montgenèvre (Vialattea),44.932570389248966,6.7378780245780945,44.932570389248966,6.7378780245780945,44.932570389248966,6.7378780245780945,https://www.remontees-mecaniques.net/bdd/reportage-tscd6-8-de-serre-thibaud-poma-6066.html,2164.5,0.06077348066298342,11,11,181,3311.890055248619,0.0,7186.3,181,1,11,11.0
TSF4 du Col Bœuf,Montgenèvre (Vialattea),44.9378755001637,6.75108522176743,44.9378755001637,6.75108522176743,44.9378755001637,6.75108522176743,https://www.remontees-mecaniques.net/bdd/reportage-tsf4-du-col-boeuf-poma-2383.html,,0.06077348066298342,11,11,181,3311.890055248619,0.0,7186.3,181,1,11,11.0
TKD Botte Croze,Orcières Merlette,44.70319583735764,6.324887573719025,44.70319583735764,6.324887573719025,44.70319583735764,6.324887573719025,https://www.remontees-mecaniques.net/bdd/reportage-tkd-botte-croze-montaz-mautino-2343.html,,0.06077348066298342,11,11,181,2970.6828729281756,0.0,5940.4000000000015,181,1,11,11.0
TKD du Torrent,Orcières Merlette,44.716562023541485,6.335474252700806,44.716562023541485,6.335474252700806,44.716562023541485,6.335474252700806,https://www.remontees-mecaniques.net/bdd/reportage-tkd-du-torrent-poma-2332.html,,0.06077348066298342,11,11,181,2970.6828729281756,0.0,5940.4000000000015,181,1,11,11.0
TSF4 des Bruyères,Puy-Saint-Vincent,44.80988095860828,6.474082767963409,44.80988095860828,6.474082767963409,44.80988095860828,6.474082767963409,https://www.remontees-mecaniques.net/bdd/reportage-tsf4-des-bruyeres-gmm-5417.html,2070.0,0.06077348066298342,11,11,181,1856.925414364639,0.0,3684.1,181,1,11,11.0
TSD6 des Prés,Puy-Saint-Vincent,44.8267190859472,6.49765938520432,44.8267190859472,6.49765938520432,44.8267190859472,6.49765938520432,https://www.remontees-mecaniques.net/bdd/reportage-tsd6-des-pres-doppelmayr-2092.html,1627.5,0.06077348066298342,11,11,181,1856.925414364639,0.0,3684.1,181,1,11,11.0
TKD Croix du Louret,Serre-Eyraud,44.67489402241317,6.288326382637024,44.67489402241317,6.288326382637024,44.67489402241317,6.288326382637024,https://www.remontees-mecaniques.net/bdd/reportage-tkd-croix-du-louret-poma-3162.html,,0.11049723756906077,20,19,181,275.06464088397775,0.0,582.1999999999998,181,1,20,20.0
TSD6 du Bois Noir,Vars (La Forêt Blanche),44.592018184593684,6.690545082092286,44.592018184593684,6.690545082092286,44.592018184593684,6.690545082092286,https://www.remontees-mecaniques.net/bdd/reportage-tsd6-du-bois-noir-leitner-8047.html,1969.0,0.06077348066298342,11,11,181,2011.5569060773473,0.0,4120.099999999999,181,1,11,11.0
TSF4 des Plans,Vars (La Forêt Blanche),44.57840458477986,6.683685063399026,44.57840458477986,6.683685063399026,44.57840458477986,6.683685063399026,https://www.remontees-mecaniques.net/bdd/reportage-tsf4-des-plans-ccm-finotello-8761.html,1860.5,0.06077348066298342,11,11,181,2011.5569060773473,0.0,4120.099999999999,181,1,11,11.0
TSF2 du Chalvet Sud,Auron,44.22588741291189,6.891469359397888,44.22588741291189,6.891469359397888,44.22588741291189,6.891469359397888,https://www.remontees-mecaniques.net/bdd/reportage-tsf2-du-chalvet-sud-poma-6401.html,1938.5,0.06077348066298342,11,11,181,1322.8812154696138,0.0,3207.099999999999,181,1,11,11.0
TKD Grande Combe,Isola 2000,44.18876652257532,7.163177132606506,44.18876652257532,7.163177132606506,44.18876652257532,7.163177132606506,https://www.remontees-mecaniques.net/bdd/reportage-tkd-grande-combe-poma-3678.html,,0.06077348066298342,11,11,181,2376.4994475138114,0.0,6126.700000000001,181,1,11,11.0
TSD6 de la Combe Grosse,Isola 2000,44.189290611505825,7.151046842336655,44.189290611505825,7.151046842336655,44.189290611505825,7.151046842336655,https://www.remontees-mecaniques.net/bdd/reportage-tsd6-de-la-combe-grosse-poma-7662.html,2103.5,0.06077348066298342,11,11,181,2376.4994475138114,0.0,6126.700000000001,181,1,11,11.0
TKD du Brec I,Le Sauze,44.35719984503104,6.686033606529236,44.35719984503104,6.686033606529236,44.35719984503104,6.686033606529236,https://www.remontees-mecaniques.net/bdd/reportage-tkd-du-brec-i-poma-4264.html,,0.06077348066298342,11,11,181,1838.3944751381216,0.0,4060.0000000000005,181,1,11,11.0
TKF Clausis,Sainte-Anne-la-Condamine,44.465554914629784,6.72039270401001,44.465554914629784,6.72039270401001,44.465554914629784,6.72039270401001,https://www.remontees-mecaniques.net/bdd/reportage-tkf-clausis-poma-7224.html,1813.5,0.06077348066298342,11,11,181,898.3977900552479,0.0,1940.8999999999999,181,1,11,11.0
TSF3 du Clot de Maty,Valberg,44.09195817874752,6.9263756275177,44.09195817874752,6.9263756275177,44.09195817874752,6.9263756275177,https://www.remontees-mecaniques.net/bdd/reportage-tsf3-du-clot-de-maty-poma-7128.html,1744.0,0.06077348066298342,11,11,181,810.5933701657453,0.0,1789.3,181,1,11,11.0
TKD du Roc,Cambre d'Aze,42.47477166798937,2.1009528636932373,42.47477166798937,2.1009528636932373,42.47477166798937,2.1009528636932373,https://www.remontees-mecaniques.net/bdd/reportage-tkd-du-roc-montaz-mautino-850.html,,0.06629834254143646,12,12,181,645.9911602209953,0.0,1538.1000000000001,181,1,12,12.0
TCD10 des Airelles Express,Font-Romeu - Pyrénées 2000,42.50557755494793,2.0417618751525883,42.50557755494793,2.0417618751525883,42.50557755494793,2.0417618751525883,https://www.remontees-mecaniques.net/bdd/reportage-tcd10-des-airelles-express-leitner-8721.html,1851.5,0.06629834254143646,12,12,181,1664.8530386740333,0.0,3780.600000000001,181,1,12,12.0
TKD des Perdrix,Font-Romeu - Pyrénées 2000,42.53064440644103,2.0207467675209045,42.53064440644103,2.0207467675209045,42.53064440644103,2.0207467675209045,https://www.remontees-mecaniques.net/bdd/reportage-tkd-des-perdrix-montaz-mautino-3769.html,2130.0,0.06629834254143646,12,12,181,1664.8530386740333,0.0,3780.600000000001,181,1,12,12.0
TSD6 des Airelles,Font-Romeu - Pyrénées 2000,42.5214270156995,2.03613996505737,42.5214270156995,2.03613996505737,42.5214270156995,2.03613996505737,https://www.remontees-mecaniques.net/bdd/reportage-tsd6-des-airelles-poma-621.html,2028.5,0.06629834254143646,12,12,181,1664.8530386740333,0.0,3780.600000000001,181,1,12,12.0
TKD du Turon 1,La Mongie (Grand Tourmalet),42.909810291283634,0.17735838890075684,42.909810291283634,0.17735838890075684,42.909810291283634,0.17735838890075684,https://www.remontees-mecaniques.net/bdd/reportage-tkd-du-turon-1-poma-8024.html,,0.06629834254143646,12,11,181,2534.767955801105,0.0,5395.5,181,1,12,12.0
TKD du San Père,Les Angles,42.573513183545735,2.042161524295807,42.573513183545735,2.042161524295807,42.573513183545735,2.042161524295807,https://www.remontees-mecaniques.net/bdd/reportage-tkd-du-san-pere-poma-6345.html,2163.0,0.06629834254143646,12,11,181,1711.08453038674,0.0,3761.9,181,1,12,12.0
TKD des Renards,Luchon - Superbagnères,42.77052594639743,0.5739471316337585,42.77052594639743,0.5739471316337585,42.77052594639743,0.5739471316337585,https://www.remontees-mecaniques.net/bdd/reportage-tkd-des-renards-chm-3125.html,,0.06629834254143646,12,11,181,1490.0850828729276,0.0,2979.0999999999985,181,1,12,12.0
TKD des Marmottes 1 & 2,Piau-Engaly,42.78311415927206,0.1560160517692566,42.78311415927206,0.1560160517692566,42.78311415927206,0.1560160517692566,https://www.remontees-mecaniques.net/bdd/reportage-tkd-des-marmottes-1-2-montaz-mautino-3215.html,,0.10497237569060773,19,19,181,1016.0944751381213,0.0,2215.099999999999,181,1,19,19.0
TKD de Font-Frède 1 & 2,Porté-Puymorens,42.5492074982604,1.8079000711441,42.5492074982604,1.8079000711441,42.5492074982604,1.8079000711441,https://www.remontees-mecaniques.net/bdd/reportage-tkd-de-font-frede-1-2-poma-4254.html,2029.0,0.10497237569060773,19,12,181,838.6022099447518,0.0,1828.7000000000003,181,1,19,19.0
TSD6 de la Forêt,Saint-Lary-Soulan,42.82540392761773,0.2576529979705811,42.82540392761773,0.2576529979705811,42.82540392761773,0.2576529979705811,https://www.remontees-mecaniques.net/bdd/reportage-tsd6-de-la-foret-mnd-ropeways-bartholet-8586.html,,0.06629834254143646,12,11,181,4065.829281767956,0.0,8548.599999999999,181,1,12,12.0
TSD4 Soumaye,Saint-Lary-Soulan,42.8321019101449,0.24693489074707,42.8321019101449,0.24693489074707,42.8321019101449,0.24693489074707,https://www.remontees-mecaniques.net/bdd/reportage-tsd4-soumaye-doppelmayr-2431.html,,0.06629834254143646,12,11,181,4065.829281767956,0.0,8548.599999999999,181,1,12,12.0
TSF3 des Myrtilles,Val Louron,42.7896868116773,0.389623045921326,42.7896868116773,0.389623045921326,42.7896868116773,0.389623045921326,https://www.remontees-mecaniques.net/bdd/reportage-tsf3-des-myrtilles-poma-2357.html,,0.10497237569060773,19,12,181,1108.774585635359,0.0,2325.199999999998,181,1,19,19.0
TKD de la Liaison,Brameloup,44.58265233156049,3.014262265605794,44.58265233156049,3.014262265605794,44.58265233156049,3.014262265605794,https://www.remontees-mecaniques.net/bdd/reportage-tkd-de-la-liaison-montaz-mautino-8951.html,1247.5,0.19889502762430938,36,20,181,322.4475138121547,0.0,619.5,181,1,36,36.0
TKD de la Brèze,Prat Peyrot,44.1214733007314,3.55280309915543,44.1214733007314,3.55280309915543,44.1214733007314,3.55280309915543,https://www.remontees-mecaniques.net/bdd/reportage-tkd-de-la-breze-montaz-mautino-3479.html,,0.281767955801105,51,37,181,103.0541436464089,0.0,192.90000000000006,181,1,51,51.0
TKD des Débutants,Super-Besse (Le Sancy),45.509089423393405,2.853139489889145,45.509089423393405,2.853139489889145,45.509089423393405,2.853139489889145,https://www.remontees-mecaniques.net/bdd/reportage-tkd-des-debutants-montaz-mautino-3107.html,,0.11049723756906077,20,19,181,673.334254143646,0.0,1377.0000000000002,181,1,20,20.0
TKD des Prés-Midi I-II,Métabief,46.76759298113966,6.35796993970871,46.76759298113966,6.35796993970871,46.76759298113966,6.35796993970871,https://www.remontees-mecaniques.net/bdd/reportage-tkd-des-pres-midi-i-ii-montagner-7920.html,1015.0,0.11049723756906077,20,19,181,686.7143646408847,0.0,1200.0999999999997,181,1,20,20.0
TKD des Gélinottes,Mijoux - La Faucille (Monts Jura),46.360484479422,6.00014448165894,46.360484479422,6.00014448165894,46.360484479422,6.00014448165894,https://www.remontees-mecaniques.net/bdd/reportage-tkd-des-gelinottes-poma-1689.html,,0.11049723756906077,20,20,181,551.8839779005536,0.0,998.6,181,1,20,20.0
TSCD6-8 du Mont Rond,Mijoux - La Faucille (Monts Jura),46.3670145686063,6.01580321788788,46.3670145686063,6.01580321788788,46.3670145686063,6.01580321788788,https://www.remontees-mecaniques.net/bdd/reportage-tscd6-8-du-mont-rond-doppelmayr-1011.html,,0.11049723756906077,20,20,181,551.8839779005536,0.0,998.6,181,1,20,20.0
TKD du Chitelet,La Bresse - Hohneck,48.03821682496839,6.993684321641922,48.03821682496839,6.993684321641922,48.03821682496839,6.993684321641922,https://www.remontees-mecaniques.net/bdd/reportage-tkd-du-chitelet-montaz-mautino-6101.html,,0.10497237569060773,19,18,181,656.2386740331492,0.0,1051.9999999999995,181,1,19,19.0
TKD Baby,Rouge Gazon,47.854652874922834,6.9149065017700195,47.854652874922834,6.9149065017700195,47.854652874922834,6.9149065017700195,https://www.remontees-mecaniques.net/bdd/reportage-tkd-baby-montaz-mautino-4195.html,1113.0,0.287292817679558,52,48,181,70.66353591160222,0.0,117.49999999999997,181,1,52,52.0
TCD12 Angelo,Ajaccio,41.93239053248146,8.756961822509767,,,41.93239053248146,8.756961822509767,https://www.remontees-mecaniques.net/bdd/reportage-tcd12-angelo-poma-9288.html,,1.0,181,181,181,0.9546961325966838,0.0,1.2,181,1,181,181.0
TSD6 Lac-Intrêts,Avoriaz (Morzine-Avoriaz - Les Portes du Soleil),46.18732324571091,6.779476404190064,46.18732324571091,6.779476404190064,46.18732324571091,6.779476404190064,https://www.remontees-mecaniques.net/bdd/reportage-tsd6-lac-intrets-leitner-8570.html,1739.0,0.06077348066298342,11,10,181,6126.023756906075,0.0,10831.700000000004,181,1,11,11.0
TKD de l'Arve,Chamonix-Mont-Blanc - Le Tour (Balme - Vallée de Chamonix),46.0155339500835,6.95728540420532,46.0155339500835,6.95728540420532,46.0155339500835,6.95728540420532,https://www.remontees-mecaniques.net/bdd/reportage-tkd-de-l-arve-poma-4948.html,,0.09944751381215469,18,11,181,2904.868508287292,0.0,5242.700000000003,181,1,18,18.0
TSD4 des Autannes,Chamonix-Mont-Blanc - Le Tour (Balme - Vallée de Chamonix),46.0140922047611,6.95627421140671,46.0140922047611,6.95627421140671,46.0140922047611,6.95627421140671,https://www.remontees-mecaniques.net/bdd/reportage-tsd4-des-autannes-doppelmayr-4274.html,1850.0,0.09944751381215469,18,11,181,2904.868508287292,0.0,5242.700000000003,181,1,18,18.0
TSD6 des Portes du Soleil,Châtel (Les Portes du Soleil),46.2548898443608,6.843248605728149,46.2548898443608,6.843248605728149,46.2548898443608,6.843248605728149,https://www.remontees-mecaniques.net/bdd/reportage-tsd6-des-portes-du-soleil-poma-5403.html,1402.0,0.06077348066298342,11,11,181,4526.320441988953,0.0,8116.599999999998,181,1,11,11.0
TKE du Grand Grenier,Flaine (Le Grand Massif),45.9962088312954,6.69320583343506,45.9962088312954,6.69320583343506,45.9962088312954,6.69320583343506,https://www.remontees-mecaniques.net/bdd/reportage-tke-du-grand-grenier-montaz-mautino-1774.html,1929.5,0.06077348066298342,11,11,181,5728.5414364640865,0.0,10381.499999999996,181,1,11,11.0
TSF3 des Terres Rouges,Le Grand-Bornand (Les Aravis),45.973736036559,6.47792637348175,45.973736036559,6.47792637348175,45.973736036559,6.47792637348175,https://www.remontees-mecaniques.net/bdd/reportage-tsf3-des-terres-rouges-poma-2547.html,,0.09944751381215469,18,18,181,3713.187845303866,0.0,6741.100000000001,181,1,18,18.0
TKD de Abbaye,Le Semnoz,45.8010473919388,6.103422939777374,45.8010473919388,6.103422939777374,45.8010473919388,6.103422939777374,https://www.remontees-mecaniques.net/bdd/reportage-tkd-de-abbaye-montaz-mautino-7438.html,1512.5,0.10497237569060773,19,19,181,750.4270718232053,0.0,1332.1000000000004,181,1,19,19.0
TKD de Bonnatrait,Les Brasses,46.172379000755875,6.451077461242676,46.172379000755875,6.451077461242676,46.172379000755875,6.451077461242676,https://www.remontees-mecaniques.net/bdd/reportage-tkd-de-bonnatrait-montagner-6213.html,1309.0,0.10497237569060773,19,18,181,1367.766298342542,0.0,2458.8000000000006,181,1,19,19.0
TKD du Signal,Les Contamines-Montjoie (Les Contamines - Hauteluce - Évasion Mont Blanc),45.785783117575406,6.692250967025757,45.785783117575406,6.692250967025757,45.785783117575406,6.692250967025757,https://www.remontees-mecaniques.net/bdd/reportage-tkd-du-signal-montaz-mautino-4482.html,1905.0,0.06077348066298342,11,11,181,5286.2790055248615,0.0,9461.0,181,1,11,11.0
TSF4 du Radaz,Megève - Rochebrune-Mont d'Arbois (Arbois-Rochebrune - Évasion Mont Blanc),45.817240305903,6.65180057287216,45.817240305903,6.65180057287216,45.817240305903,6.65180057287216,https://www.remontees-mecaniques.net/bdd/reportage-tsf4-du-radaz-leitner-4117.html,1636.5,0.06077348066298342,11,11,181,5467.188397790057,0.0,9776.099999999997,181,1,11,11.0
TSD6 du Belvédère,Morzine - Le Pléney (Morzine-Les Gets - Les Portes du Soleil),46.17145940311256,6.691248659044506,46.17145940311256,6.691248659044506,46.17145940311256,6.691248659044506,https://www.remontees-mecaniques.net/bdd/reportage-tsd6-du-belvedere-poma-7881.html,,0.09944751381215469,18,18,181,2190.2314917127087,0.0,3893.8999999999996,181,1,18,18.0
TKD du Blaireau,Passy Plaine-Joux,45.94845862364067,6.743733286857605,45.94845862364067,6.743733286857605,45.94845862364067,6.743733286857605,https://www.remontees-mecaniques.net/bdd/reportage-tkd-du-blaireau-poma-5858.html,1401.0,0.10497237569060773,19,19,181,777.7397790055252,0.0,1395.1999999999994,181,1,19,19.0
TKE de Beudeix,Passy Plaine-Joux,45.94854150303546,6.743584871510394,45.94854150303546,6.743584871510394,45.94854150303546,6.743584871510394,https://www.remontees-mecaniques.net/bdd/reportage-tke-de-beudeix-idm-axet-9002.html,,0.10497237569060773,19,19,181,777.7397790055252,0.0,1395.1999999999994,181,1,19,19.0
TSD6 de l'Épaule,Saint-Nicolas-de-Véroce (Arbois-Rochebrune - Évasion Mont Blanc),45.83705951175611,6.6937315464019775,45.83705951175611,6.6937315464019775,45.83705951175611,6.6937315464019775,https://www.remontees-mecaniques.net/bdd/reportage-tsd6-de-l-epaule-poma-6386.html,2001.0,0.09944751381215469,18,18,181,2162.8872928176793,0.0,3836.399999999999,181,1,18,18.0
TSD6 Chariande Express,Samoëns (Le Grand Massif),46.050333052774285,6.7003244161605835,46.050333052774285,6.7003244161605835,46.050333052774285,6.7003244161605835,https://www.remontees-mecaniques.net/bdd/reportage-tsd6-chariande-express-poma-6071.html,1826.5,0.09944751381215469,18,18,181,2234.605524861879,0.0,4047.3999999999987,181,1,18,18.0
TKD Echerus,Sommand (Praz-de-Lys - Sommand),46.1451575589201,6.53797566890717,46.1451575589201,6.53797566890717,46.1451575589201,6.53797566890717,https://www.remontees-mecaniques.net/bdd/reportage-tkd-echerus-montagner-3494.html,1399.0,0.09944751381215469,18,18,181,1735.853038674035,0.0,3081.4000000000005,181,1,18,18.0
TKD de la Poya 2,Vallorcine (Balme - Vallée de Chamonix),46.018080196583114,6.917824745178223,46.018080196583114,6.917824745178223,46.018080196583114,6.917824745178223,https://www.remontees-mecaniques.net/bdd/reportage-tkd-de-la-poya-2-montaz-mautino-5775.html,1426.0,0.09944751381215469,18,18,181,1220.0165745856348,0.0,2218.5,181,1,18,18.0
TSD4 du Grand Mont,Arêches-Beaufort,45.6853091824169,6.56590282917023,45.6853091824169,6.56590282917023,45.6853091824169,6.56590282917023,https://www.remontees-mecaniques.net/bdd/reportage-tsd4-du-grand-mont-montaz-mautino-56.html,1363.5,0.09944751381215469,18,11,181,3226.280662983425,0.0,5930.900000000002,181,1,18,18.0
TCD8 des Verdons,Courchevel (Les 3 Vallées),45.4148197651306,6.63311094045639,45.4148197651306,6.63311094045639,45.4148197651306,6.63311094045639,https://www.remontees-mecaniques.net/bdd/reportage-tcd8-des-verdons-doppelmayr-772.html,1761.0,0.06077348066298342,11,11,181,7231.286740331488,0.0,13007.500000000005,181,1,11,11.0
TSD6 des Marmottes,Courchevel (Les 3 Vallées),45.3788218225593,6.6326978802681,45.3788218225593,6.6326978802681,45.3788218225593,6.6326978802681,https://www.remontees-mecaniques.net/bdd/reportage-tsd6-des-marmottes-poma-2097.html,2385.5,0.06077348066298342,11,11,181,7231.286740331488,0.0,13007.500000000005,181,1,11,11.0
TSD6 du Plantrey,Courchevel (Les 3 Vallées),45.41104833630574,6.61600649356842,45.41104833630574,6.61600649356842,45.41104833630574,6.61600649356842,https://www.remontees-mecaniques.net/bdd/reportage-tsd6-du-plantrey-poma-6708.html,1937.0,0.06077348066298342,11,11,181,7231.286740331488,0.0,13007.500000000005,181,1,11,11.0
TSD4 du Cernix,Crest-Voland (Espace Diamant),45.7829044674905,6.50070905685425,45.7829044674905,6.50070905685425,45.7829044674905,6.50070905685425,https://www.remontees-mecaniques.net/bdd/reportage-tsd4-du-cernix-poma-2228.html,,0.09944751381215469,18,18,181,1986.0414364640865,0.0,3563.1000000000013,181,1,18,18.0
TSF4 de la Norma II,La Norma (Haute Maurienne Vanoise),45.1840634950132,6.70318096876144,45.1840634950132,6.70318096876144,45.1840634950132,6.70318096876144,https://www.remontees-mecaniques.net/bdd/reportage-tsf4-de-la-norma-ii-gmm-774.html,2501.0,0.06077348066298342,11,11,181,2079.036464088396,0.0,4343.199999999998,181,1,11,11.0
TCD6 de Belle Plagne / Roche de Mio,La Plagne (Paradiski),45.5123280216674,6.6972827911377,45.5123280216674,6.6972827911377,45.5123280216674,6.6972827911377,https://www.remontees-mecaniques.net/bdd/reportage-tcd6-de-belle-plagne-roche-de-mio-poma-481.html,,0.06077348066298342,11,11,181,9235.23038674033,0.0,16571.700000000004,181,1,11,11.0
TSF4 de Plagne 1800,La Plagne (Paradiski),45.5131644256487,6.67588144540787,45.5131644256487,6.67588144540787,45.5131644256487,6.67588144540787,https://www.remontees-mecaniques.net/bdd/reportage-tsf4-de-plagne-1800-poma-3623.html,2019.0,0.06077348066298342,11,11,181,9235.23038674033,0.0,16571.700000000004,181,1,11,11.0
TSF3 Landelières,La Rosière (Espace San Bernardo),45.6401026617584,6.87096655368805,45.6401026617584,6.87096655368805,45.6401026617584,6.87096655368805,https://www.remontees-mecaniques.net/bdd/reportage-tsf3-landelieres-montaz-mautino-4160.html,,0.06077348066298342,11,11,181,4957.753038674036,0.0,9088.399999999996,181,1,11,11.0
TCD12 de La Tania,La Tania (Les 3 Vallées),45.4315462070488,6.59773528575897,45.4315462070488,6.59773528575897,45.4315462070488,6.59773528575897,https://www.remontees-mecaniques.net/bdd/reportage-tcd12-de-la-tania-poma-2134.html,1617.0,0.09944751381215469,18,18,181,1060.2331491712714,0.0,1887.9999999999995,181,1,18,18.0
TSD6 du Bouc Blanc,La Tania (Les 3 Vallées),45.40841967282363,6.61379635334015,45.40841967282363,6.61379635334015,45.40841967282363,6.61379635334015,https://www.remontees-mecaniques.net/bdd/reportage-tsd6-du-bouc-blanc-poma-6793.html,,0.09944751381215469,18,18,181,1060.2331491712714,0.0,1887.9999999999995,181,1,18,18.0
TSD6B des Granges,Les Menuires (Les 3 Vallées),45.3539245783037,6.5538677573204,45.3539245783037,6.5538677573204,45.3539245783037,6.5538677573204,https://www.remontees-mecaniques.net/bdd/reportage-tsd6b-des-granges-leitner-175.html,,0.06077348066298342,11,11,181,4390.169060773477,0.0,8086.700000000001,181,1,11,11.0
TKE des Fées,Les Saisies (Espace Diamant),45.73724619879984,6.5047216428502,45.73724619879984,6.5047216428502,45.73724619879984,6.5047216428502,https://www.remontees-mecaniques.net/bdd/reportage-tke-des-fees-poma-8682.html,1506.5,0.06077348066298342,11,11,181,6514.234806629835,0.0,11865.099999999993,181,1,11,11.0
TSF4 du Manant,Les Saisies (Espace Diamant),45.7546394180555,6.53312355279922,45.7546394180555,6.53312355279922,45.7546394180555,6.53312355279922,https://www.remontees-mecaniques.net/bdd/reportage-tsf4-du-manant-skirail-2466.html,,0.06077348066298342,11,11,181,6514.234806629835,0.0,11865.099999999993,181,1,11,11.0
TKE de l'Arpasson,Méribel (Les 3 Vallées),45.381943569181,6.5631964802742,45.381943569181,6.5631964802742,45.381943569181,6.5631964802742,https://www.remontees-mecaniques.net/bdd/reportage-tke-de-l-arpasson-doppelmayr-3320.html,1909.5,0.06077348066298342,11,11,181,3550.4657458563534,0.0,6328.499999999997,181,1,11,11.0
TCD8/10 du Mont Vallon,Méribel-Mottaret (Les 3 Vallées),45.3412305316624,6.59014999866486,45.3412305316624,6.59014999866486,45.3412305316624,6.59014999866486,https://www.remontees-mecaniques.net/bdd/reportage-tcd8-10-du-mont-vallon-poma-1084.html,2522.0,0.06077348066298342,11,11,181,2541.2580110497215,0.0,4652.299999999999,181,1,11,11.0
TSD6 des Combes,Méribel-Mottaret (Les 3 Vallées),45.37246475801406,6.580107808113098,45.37246475801406,6.580107808113098,45.37246475801406,6.580107808113098,https://www.remontees-mecaniques.net/bdd/reportage-tsd6-des-combes-poma-5742.html,1928.0,0.06077348066298342,11,11,181,2541.2580110497215,0.0,4652.299999999999,181,1,11,11.0
TKD du Plan Dessert 1 & 2,Notre-Dame-de-Bellecombe (Espace Diamant),45.7914389794958,6.57825708389282,45.7914389794958,6.57825708389282,45.7914389794958,6.57825708389282,https://www.remontees-mecaniques.net/bdd/reportage-tkd-du-plan-dessert-1-2-montaz-mautino-3453.html,,0.09944751381215469,18,18,181,2937.2419889502758,0.0,5266.0,181,1,18,18.0
TSD6 du Génépi,Pralognan-la-Vanoise,45.3813463624301,6.73627942800522,45.3813463624301,6.73627942800522,45.3813463624301,6.73627942800522,https://www.remontees-mecaniques.net/bdd/reportage-tsd6-du-genepi-leitner-822.html,1824.5,0.06077348066298342,11,11,181,3082.1900552486168,0.0,5511.5999999999985,181,1,11,11.0
TKD du Schuss,Saint-François-Longchamp (Le Grand Domaine),45.40515815238026,6.36945515871048,45.40515815238026,6.36945515871048,45.40515815238026,6.36945515871048,https://www.remontees-mecaniques.net/bdd/reportage-tkd-du-schuss-poma-5542.html,2003.5,0.06077348066298342,11,11,181,3326.0419889502737,0.0,5978.700000000002,181,1,11,11.0
TSF4 de la Lauzière,Saint-François-Longchamp (Le Grand Domaine),45.4305467131187,6.36179476976395,45.4305467131187,6.36179476976395,45.4305467131187,6.36179476976395,https://www.remontees-mecaniques.net/bdd/reportage-tsf4-de-la-lauziere-poma-385.html,2202.0,0.06077348066298342,11,11,181,3326.0419889502737,0.0,5978.700000000002,181,1,11,11.0
TSF4 du Mollaret,Saint-François-Longchamp (Le Grand Domaine),45.4210346357275,6.36544525623322,45.4210346357275,6.36544525623322,45.4210346357275,6.36544525623322,https://www.remontees-mecaniques.net/bdd/reportage-tsf4-du-mollaret-skirail-1042.html,1755.0,0.06077348066298342,11,11,181,3326.0419889502737,0.0,5978.700000000002,181,1,11,11.0
TKE Baby de la Chal,Saint-Jean-d'Arves (Les Sybelles),45.2134948353737,6.26759827136993,45.2134948353737,6.26759827136993,45.2134948353737,6.26759827136993,https://www.remontees-mecaniques.net/bdd/reportage-tke-baby-de-la-chal-doppelmayr-3127.html,1574.0,0.09944751381215469,18,18,181,1052.4839779005536,0.0,1868.0000000000005,181,1,18,18.0
TKE Praz de Charvin,Saint-Jean-d'Arves (Les Sybelles),45.2132605334296,6.26763045787811,45.2132605334296,6.26763045787811,45.2132605334296,6.26763045787811,https://www.remontees-mecaniques.net/bdd/reportage-tke-praz-de-charvin-leitner-2362.html,1600.0,0.09944751381215469,18,18,181,1052.4839779005536,0.0,1868.0000000000005,181,1,18,18.0
TCD8 de Saint Martin 1,Saint-Martin-de-Belleville (Les 3 Vallées),45.3766966001225,6.50451242923737,45.3766966001225,6.50451242923737,45.3766966001225,6.50451242923737,https://www.remontees-mecaniques.net/bdd/reportage-tcd8-de-saint-martin-1-poma-176.html,1634.5,0.10497237569060773,19,19,181,672.8314917127063,0.0,1250.7000000000005,181,1,19,19.0
FUNI 334  de la Grande Motte (Perce-Neige),Tignes (Espace Tignes-Val d'Isère),45.423922500929486,6.891839504241943,45.423922500929486,6.891839504241943,45.423922500929486,6.891839504241943,https://www.remontees-mecaniques.net/bdd/reportage-funi-334-de-la-grande-motte-perce-neige-von-roll-6174.html,2571.5,0.06077348066298342,11,11,181,7473.4497237569085,0.0,14787.700000000006,181,1,11,11.0
TSD4 de la Vanoise,Tignes (Espace Tignes-Val d'Isère),45.4333117481809,6.89691960811615,45.4333117481809,6.89691960811615,45.4333117481809,6.89691960811615,https://www.remontees-mecaniques.net/bdd/reportage-tsd4-de-la-vanoise-doppelmayr-29.html,2880.5,0.06077348066298342,11,11,181,7473.4497237569085,0.0,14787.700000000006,181,1,11,11.0
TSD6 du Grattalu,Tignes (Espace Tignes-Val d'Isère),45.4519143327448,6.88166588544846,45.4519143327448,6.88166588544846,45.4519143327448,6.88166588544846,https://www.remontees-mecaniques.net/bdd/reportage-tsd6-du-grattalu-doppelmayr-4908.html,2591.0,0.06077348066298342,11,11,181,7473.4497237569085,0.0,14787.700000000006,181,1,11,11.0
TSD6 du Paquis,Tignes (Espace Tignes-Val d'Isère),45.4720888948212,6.91075712442398,45.4720888948212,6.91075712442398,45.4720888948212,6.91075712442398,https://www.remontees-mecaniques.net/bdd/reportage-tsd6-du-paquis-doppelmayr-513.html,,0.06077348066298342,11,11,181,7473.4497237569085,0.0,14787.700000000006,181,1,11,11.0
TSF3 Panoramic,Tignes (Espace Tignes-Val d'Isère),45.4216502491073,6.88797175884247,45.4216502491073,6.88797175884247,45.4216502491073,6.88797175884247,https://www.remontees-mecaniques.net/bdd/reportage-tsf3-panoramic-skirail-512.html,3015.0,0.06077348066298342,11,11,181,7473.4497237569085,0.0,14787.700000000006,181,1,11,11.0
TSD4 des Roches Blanches,Val Cenis (Haute Maurienne Vanoise),45.27813282197039,6.832959651947022,45.27813282197039,6.832959651947022,45.27813282197039,6.832959651947022,https://www.remontees-mecaniques.net/bdd/reportage-tsd4-des-roches-blanches-poma-9043.html,,0.06077348066298342,11,11,181,6264.916022099444,0.0,12745.899999999996,181,1,11,11.0
TSF3 du Pont des Chèvres,Val Cenis (Haute Maurienne Vanoise),45.284753361589,6.88372850418091,45.284753361589,6.88372850418091,45.284753361589,6.88372850418091,https://www.remontees-mecaniques.net/bdd/reportage-tsf3-du-pont-des-chevres-montaz-mautino-718.html,,0.06077348066298342,11,11,181,6264.916022099444,0.0,12745.899999999996,181,1,11,11.0
TSF4 du Pré Novel,Val Cenis (Haute Maurienne Vanoise),45.2858101607163,6.89984321594238,45.2858101607163,6.89984321594238,45.2858101607163,6.89984321594238,https://www.remontees-mecaniques.net/bdd/reportage-tsf4-du-pre-novel-doppelmayr-149.html,,0.06077348066298342,11,11,181,6264.916022099444,0.0,12745.899999999996,181,1,11,11.0
TCD8 de Cairn,Val Thorens (Les 3 Vallées),45.2986336037935,6.57770991325378,45.2986336037935,6.57770991325378,45.2986336037935,6.57770991325378,https://www.remontees-mecaniques.net/bdd/reportage-tcd8-de-cairn-doppelmayr-2000.html,2105.0,0.06077348066298342,11,11,181,4467.408839779006,0.0,8440.499999999998,181,1,11,11.0
TKD du Rocher,Valmorel (Le Grand Domaine),45.4688178854733,6.45053565502167,45.4688178854733,6.45053565502167,45.4688178854733,6.45053565502167,https://www.remontees-mecaniques.net/bdd/reportage-tkd-du-rocher-montaz-mautino-4979.html,1297.5,0.06077348066298342,11,11,181,7019.244198895025,0.0,12780.499999999996,181,1,11,11.0
TKF du Rhonaz,Villaroger (Paradiski),45.587986319307475,6.835277080535889,45.587986319307475,6.835277080535889,45.587986319307475,6.835277080535889,https://www.remontees-mecaniques.net/bdd/reportage-tkf-du-rhonaz-poma-8968.html,,0.09944751381215469,18,18,181,568.9121546961331,0.0,1046.0000000000002,181,1,18,18.0
TKE du Piégut,Auris-en-Oisans (Alpe d'Huez Grand Domaine Ski),45.05645156022785,6.0759007930755615,45.05645156022785,6.0759007930755615,45.05645156022785,6.0759007930755615,https://www.remontees-mecaniques.net/bdd/reportage-tke-du-piegut-gmm-7418.html,1621.5,0.10497237569060773,19,18,181,1778.7165745856344,0.0,3581.6000000000017,181,1,19,19.0
TKD de la Lauze,Chamrousse,45.10940580441488,5.877401232719421,45.10940580441488,5.877401232719421,45.10940580441488,5.877401232719421,https://www.remontees-mecaniques.net/bdd/reportage-tkd-de-la-lauze-poma-8265.html,1778.0,0.09944751381215469,18,18,181,2890.91491712707,0.0,5750.699999999999,181,1,18,18.0
TPH93 du Pic Blanc,L'Alpe d'Huez (Alpe d'Huez Grand Domaine Ski),45.1182604927442,6.10372871160507,45.1182604927442,6.10372871160507,45.1182604927442,6.10372871160507,https://www.remontees-mecaniques.net/bdd/reportage-tph93-du-pic-blanc-dcsa-creissels-212.html,,0.06077348066298342,11,11,181,5176.154143646405,0.0,9890.400000000003,181,1,11,11.0
TKF du Baby Blache,L'Alpe du Grand Serre,45.02226973937552,5.858450084924698,45.02226973937552,5.858450084924698,45.02226973937552,5.858450084924698,https://www.remontees-mecaniques.net/bdd/reportage-tkf-du-baby-blache-montaz-mautino-9224.html,,0.09944751381215469,18,11,181,2032.4005524861866,0.0,4090.2999999999997,181,1,18,18.0
TSD8 de la Toura,Les Deux Alpes,44.994016191210754,6.173179149627686,44.994016191210754,6.173179149627686,44.994016191210754,6.173179149627686,https://www.remontees-mecaniques.net/bdd/reportage-tsd8-de-la-toura-doppelmayr-6827.html,,0.06077348066298342,11,11,181,6892.693922651938,0.0,13556.1,181,1,11,11.0
TKD de l'Ardoisière,Les Sept Laux,45.2502928078817,5.99715784190039,45.2502928078817,5.99715784190039,45.2502928078817,5.99715784190039,https://www.remontees-mecaniques.net/bdd/reportage-tkd-de-l-ardoisiere-montaz-mautino-2441.html,1570.5,0.09944751381215469,18,11,181,4259.870165745856,0.0,8228.0,181,1,18,18.0
TSD4 des Bouquetins,Les Sept Laux,45.2562557617304,5.99538892507553,45.2562557617304,5.99538892507553,45.2562557617304,5.99538892507553,https://www.remontees-mecaniques.net/bdd/reportage-tsd4-des-bouquetins-doppelmayr-1073.html,1449.0,0.09944751381215469,18,11,181,4259.870165745856,0.0,8228.0,181,1,18,18.0
TSF4 du Gonçon,Méaudre,45.1271156995875,5.51997005939484,45.1271156995875,5.51997005939484,45.1271156995875,5.51997005939484,https://www.remontees-mecaniques.net/bdd/reportage-tsf4-du-goncon-poma-3607.html,,0.20441988950276244,37,36,181,354.89502762430965,0.0,612.6000000000003,181,1,37,37.0
TSCD6-10 du Clos Giraud,Vaujany (Alpe d'Huez Grand Domaine Ski),45.161259432858586,6.0982382290967525,45.161259432858586,6.0982382290967525,45.161259432858586,6.0982382290967525,https://www.remontees-mecaniques.net/bdd/reportage-tscd6-10-du-clos-giraud-bartholet-mnd-ropeways-8033.html,,0.10497237569060773,19,19,181,1069.3552486187832,0.0,2021.1,181,1,19,19.0
TSD6 des Crêtes,Villard-de-Lans (Espace Villard-Corrençon),45.0228688314345,5.55239260196686,45.0228688314345,5.55239260196686,45.0228688314345,5.55239260196686,https://www.remontees-mecaniques.net/bdd/reportage-tsd6-des-cretes-poma-2159.html,1514.0,0.10497237569060773,19,11,181,865.0441988950276,0.0,1604.0,181,1,19,19.0
TSF4 du Refuge,Villard-de-Lans (Espace Villard-Corrençon),45.0390931207912,5.57084888219833,45.0390931207912,5.57084888219833,45.0390931207912,5.57084888219833,https://www.remontees-mecaniques.net/bdd/reportage-tsf4-du-refuge-poma-2169.html,1517.0,0.10497237569060773,19,11,181,865.0441988950276,0.0,1604.0,181,1,19,19.0
TKE de la Blache,Ancelle,44.61584326053018,6.197952032089234,44.61584326053018,6.197952032089234,44.61584326053018,6.197952032089234,https://www.remontees-mecaniques.net/bdd/reportage-tke-de-la-blache-poma-9072.html,,0.10497237569060773,19,11,181,651.3513812154695,0.0,1296.4000000000005,181,1,19,19.0
TSF4 du Rocher Blanc,Briançon (Serre Chevalier Vallée),44.8985533023932,6.581182032823563,44.8985533023932,6.581182032823563,44.8985533023932,6.581182032823563,https://www.remontees-mecaniques.net/bdd/reportage-tsf4-du-rocher-blanc-gmm-ingelo-6484.html,2335.0,0.09944751381215469,18,11,181,1311.9856353591163,0.0,2586.299999999999,181,1,18,18.0
TSD6 des Combes,Chantemerle (Serre Chevalier Vallée),44.9236090693094,6.57288193702698,44.9236090693094,6.57288193702698,44.9236090693094,6.57288193702698,https://www.remontees-mecaniques.net/bdd/reportage-tsd6-des-combes-poma-1676.html,2129.5,0.06077348066298342,11,11,181,2346.8254143646395,0.0,4622.800000000001,181,1,11,11.0
TKE des Trifides et de la Girose,La Grave,45.008933889401156,6.264063512897451,45.008933889401156,6.264063512897451,45.008933889401156,6.264063512897451,https://www.remontees-mecaniques.net/bdd/reportage-tke-des-trifides-et-de-la-girose-dcsa-creissels-12.html,,0.11049723756906077,20,19,181,223.65580110497237,0.0,440.4,181,1,20,20.0
TKD des Plagnes,Le Chazelet,45.0633385202656,6.28934025764465,45.0633385202656,6.28934025764465,45.0633385202656,6.28934025764465,https://www.remontees-mecaniques.net/bdd/reportage-tkd-des-plagnes-montaz-mautino-3156.html,,0.09944751381215469,18,18,181,1153.7966850828739,0.0,2201.5999999999995,181,1,18,18.0
TKD de la Lauzière,Le Dévoluy,44.67166671450608,5.892544984817506,44.67166671450608,5.892544984817506,44.67166671450608,5.892544984817506,https://www.remontees-mecaniques.net/bdd/reportage-tkd-de-la-lauziere-poma-2892.html,1922.5,0.06077348066298342,11,11,181,2744.439779005526,0.0,5644.000000000001,181,1,11,11.0
TKD de la Durance,Montgenèvre (Vialattea),44.9280965504932,6.71303808689117,44.9280965504932,6.71303808689117,44.9280965504932,6.71303808689117,https://www.remontees-mecaniques.net/bdd/reportage-tkd-de-la-durance-montaz-mautino-gmm-3019.html,1850.0,0.06077348066298342,11,11,181,3311.890055248619,0.0,7186.3,181,1,11,11.0
TKD de Champ Bellet,Névache,45.02105068143049,6.62851095199585,45.02105068143049,6.62851095199585,45.02105068143049,6.62851095199585,https://www.remontees-mecaniques.net/bdd/reportage-tkd-de-champ-bellet-poma-8794.html,,0.10497237569060773,19,19,181,338.2685082872931,0.0,718.3999999999999,181,1,19,19.0
TKD de Manrouse,Orcières Merlette,44.7169108145095,6.33287787437439,44.7169108145095,6.33287787437439,44.7169108145095,6.33287787437439,https://www.remontees-mecaniques.net/bdd/reportage-tkd-de-manrouse-montaz-mautino-5111.html,2285.0,0.06077348066298342,11,11,181,2970.6828729281756,0.0,5940.4000000000015,181,1,11,11.0
TSF4 de la  Croze des Hommes,Orcières Merlette,44.7178294779268,6.33189886808395,44.7178294779268,6.33189886808395,44.7178294779268,6.33189886808395,https://www.remontees-mecaniques.net/bdd/reportage-tsf4-de-la-croze-des-hommes-poma-2349.html,,0.06077348066298342,11,11,181,2970.6828729281756,0.0,5940.4000000000015,181,1,11,11.0
TSF4 du Gnourou,Orcières Merlette,44.719937393211,6.35147631168365,44.719937393211,6.35147631168365,44.719937393211,6.35147631168365,https://www.remontees-mecaniques.net/bdd/reportage-tsf4-du-gnourou-poma-2352.html,,0.06077348066298342,11,11,181,2970.6828729281756,0.0,5940.4000000000015,181,1,11,11.0
TSF4 Chabrières,Réallon,44.5800370122454,6.35227024555206,44.5800370122454,6.35227024555206,44.5800370122454,6.35227024555206,https://www.remontees-mecaniques.net/bdd/reportage-tsf4-chabrieres-poma-4173.html,1916.0,0.06077348066298342,11,11,181,775.4436464088398,0.0,1538.4,181,1,11,11.0
TKD de l'Eyssina,Vars (La Forêt Blanche),44.5638550858662,6.6673868894577,44.5638550858662,6.6673868894577,44.5638550858662,6.6673868894577,https://www.remontees-mecaniques.net/bdd/reportage-tkd-de-l-eyssina-poma-2822.html,,0.06077348066298342,11,11,181,2011.5569060773473,0.0,4120.099999999999,181,1,11,11.0
TSD4 des Escondus,Vars (La Forêt Blanche),44.571617010939185,6.679915487766266,44.571617010939185,6.679915487766266,44.571617010939185,6.679915487766266,https://www.remontees-mecaniques.net/bdd/reportage-tsd4-des-escondus-leitner-5927.html,2046.0,0.06077348066298342,11,11,181,2011.5569060773473,0.0,4120.099999999999,181,1,11,11.0
TSF4 de Fontbonne,Vars (La Forêt Blanche),44.5667081245523,6.68933272361755,44.5667081245523,6.68933272361755,44.5667081245523,6.68933272361755,https://www.remontees-mecaniques.net/bdd/reportage-tsf4-de-fontbonne-altim-3451.html,,0.06077348066298342,11,11,181,2011.5569060773473,0.0,4120.099999999999,181,1,11,11.0
TKF de l'Aïche,Villeneuve (Serre Chevalier Vallée),44.943176324002586,6.559610366821289,44.943176324002586,6.559610366821289,44.943176324002586,6.559610366821289,https://www.remontees-mecaniques.net/bdd/reportage-tkf-de-l-aiche-doppelmayr-6105.html,1409.5,0.06077348066298342,11,11,181,3559.918232044199,0.0,7048.199999999999,181,1,11,11.0
TKD Pra Milan,Chabanon,44.3460584810933,6.293095350265503,44.3460584810933,6.293095350265503,44.3460584810933,6.293095350265503,https://www.remontees-mecaniques.net/bdd/reportage-tkd-pra-milan-poma-7245.html,1676.0,0.10497237569060773,19,11,181,712.0662983425422,0.0,1618.5000000000005,181,1,19,19.0
TKD de Chastillon,Isola 2000,44.1890088541829,7.15130567550659,44.1890088541829,7.15130567550659,44.1890088541829,7.15130567550659,https://www.remontees-mecaniques.net/bdd/reportage-tkd-de-chastillon-poma-3701.html,,0.06077348066298342,11,11,181,2376.4994475138114,0.0,6126.700000000001,181,1,11,11.0
TSD6 de Lachaup,Val d'Allos - La Foux (La Foux-Pra Loup - Espace Lumière),44.2904677283332,6.56808078289032,44.2904677283332,6.56808078289032,44.2904677283332,6.56808078289032,https://www.remontees-mecaniques.net/bdd/reportage-tsd6-de-lachaup-leitner-2339.html,,0.10497237569060773,19,11,181,555.1204419889506,0.0,1268.8999999999999,181,1,19,19.0
TSD4 des Aveillans,Font-Romeu - Pyrénées 2000,42.54396699280272,2.039541006088257,42.54396699280272,2.039541006088257,42.54396699280272,2.039541006088257,https://www.remontees-mecaniques.net/bdd/reportage-tsd4-des-aveillans-poma-626.html,1918.0,0.06629834254143646,12,12,181,1664.8530386740333,0.0,3780.600000000001,181,1,12,12.0
TKD des Perches Blanches I & II,Formiguères,42.61741640923945,2.0596039295196533,42.61741640923945,2.0596039295196533,42.61741640923945,2.0596039295196533,https://www.remontees-mecaniques.net/bdd/reportage-tkd-des-perches-blanches-i-ii-poma-7561.html,1888.0,0.10497237569060773,19,12,181,515.6480662983428,0.0,1019.4000000000003,181,1,19,19.0
TKE de la Chapelle,Formiguères,42.62269355451203,2.069327051198569,42.62269355451203,2.069327051198569,42.62269355451203,2.069327051198569,https://www.remontees-mecaniques.net/bdd/reportage-tke-de-la-chapelle-gmm-8677.html,1781.5,0.10497237569060773,19,12,181,515.6480662983428,0.0,1019.4000000000003,181,1,19,19.0
TSCD6-10 de la  Calmazeille,Formiguères,42.623254678166866,2.0687770843505864,42.623254678166866,2.0687770843505864,42.623254678166866,2.0687770843505864,https://www.remontees-mecaniques.net/bdd/reportage-tscd6-10-de-la-calmazeille-mnd-ropeways-bartholet-8694.html,1923.5,0.10497237569060773,19,12,181,515.6480662983428,0.0,1019.4000000000003,181,1,19,19.0
TKD Écureuil,Guzet,42.7897635770791,1.29391372203827,42.7897635770791,1.29391372203827,42.7897635770791,1.29391372203827,https://www.remontees-mecaniques.net/bdd/reportage-tkd-ecureuil-poma-5181.html,,0.11602209944751381,21,12,181,1174.7005524861893,0.0,2450.1,181,1,21,21.0
TSF4 du  Col d'Escot,Guzet,42.7683915634046,1.30832523107529,42.7683915634046,1.30832523107529,42.7683915634046,1.30832523107529,https://www.remontees-mecaniques.net/bdd/reportage-tsf4-du-col-d-escot-poma-3450.html,,0.11602209944751381,21,12,181,1174.7005524861893,0.0,2450.1,181,1,21,21.0
TSF4 des Quatre Termes,La Mongie (Grand Tourmalet),42.88466423737925,0.17056703567504883,42.88466423737925,0.17056703567504883,42.88466423737925,0.17056703567504883,https://www.remontees-mecaniques.net/bdd/reportage-tsf4-des-quatre-termes-gmm-8980.html,,0.06629834254143646,12,11,181,2534.767955801105,0.0,5395.5,181,1,12,12.0
TSD6 du Pla del Mir,Les Angles,42.564088767021,2.06482887268066,42.564088767021,2.06482887268066,42.564088767021,2.06482887268066,https://www.remontees-mecaniques.net/bdd/reportage-tsd6-du-pla-del-mir-doppelmayr-909.html,1958.0,0.06629834254143646,12,11,181,1711.08453038674,0.0,3761.9,181,1,12,12.0
TSF4 du Mouscades,Piau-Engaly,42.786163374105,0.150528252124786,42.786163374105,0.150528252124786,42.786163374105,0.150528252124786,https://www.remontees-mecaniques.net/bdd/reportage-tsf4-du-mouscades-poma-2593.html,,0.10497237569060773,19,19,181,1016.0944751381213,0.0,2215.099999999999,181,1,19,19.0
TSD6 de Saboures,Saint-Lary-Soulan,42.82855482930235,0.22244807519784088,42.82855482930235,0.22244807519784088,42.82855482930235,0.22244807519784088,https://www.remontees-mecaniques.net/bdd/reportage-tsd6-de-saboures-poma-2442.html,,0.06629834254143646,12,11,181,4065.829281767956,0.0,8548.599999999999,181,1,12,12.0
TSF4 Aulon,Saint-Lary-Soulan,42.8385690529032,0.250845551490784,42.8385690529032,0.250845551490784,42.8385690529032,0.250845551490784,https://www.remontees-mecaniques.net/bdd/reportage-tsf4-aulon-poma-2436.html,,0.06629834254143646,12,11,181,4065.829281767956,0.0,8548.599999999999,181,1,12,12.0
TKD des Vergnes 2,Brameloup,44.58224546061625,3.013815879821778,44.58224546061625,3.013815879821778,44.58224546061625,3.013815879821778,https://www.remontees-mecaniques.net/bdd/reportage-tkd-des-vergnes-2-montaz-mautino-8947.html,1307.5,0.19889502762430938,36,20,181,322.4475138121547,0.0,619.5,181,1,36,36.0
TKD des Longes 3,Le Mont-Dore (Le Sancy),45.5508629927156,2.81182676553726,45.5508629927156,2.81182676553726,45.5508629927156,2.81182676553726,https://www.remontees-mecaniques.net/bdd/reportage-tkd-des-longes-3-montaz-mautino-3176.html,,0.10497237569060773,19,19,181,815.5580110497226,0.0,1665.2999999999997,181,1,19,19.0
TCD6 de la Catheline,Lélex - Crozet (Monts Jura),46.3043115860557,5.94375371932983,46.3043115860557,5.94375371932983,46.3043115860557,5.94375371932983,https://www.remontees-mecaniques.net/bdd/reportage-tcd6-de-la-catheline-poma-412.html,,0.11049723756906077,20,20,181,686.9038674033155,0.0,1216.7999999999997,181,1,20,20.0
TKD du Muiset,Lélex - Crozet (Monts Jura),46.305945914713,5.94064101578851,46.305945914713,5.94064101578851,46.305945914713,5.94064101578851,https://www.remontees-mecaniques.net/bdd/reportage-tkd-du-muiset-montagner-2777.html,,0.11049723756906077,20,20,181,686.9038674033155,0.0,1216.7999999999997,181,1,20,20.0
TKD du Crêt,Les Hautes Combes,46.2868856339989,5.84939628839493,46.2868856339989,5.84939628839493,46.2868856339989,5.84939628839493,https://www.remontees-mecaniques.net/bdd/reportage-tkd-du-cret-montaz-mautino-5100.html,1193.5,0.20441988950276244,37,21,181,277.141436464088,0.0,501.69999999999993,181,1,37,37.0
TKD du Rendu,Menthières (Monts Jura),46.1748195776972,5.848910808563232,46.1748195776972,5.848910808563232,46.1748195776972,5.848910808563232,https://www.remontees-mecaniques.net/bdd/reportage-tkd-du-rendu-montagner-3468.html,,0.23756906077348067,43,37,181,125.54475138121558,0.0,215.79999999999998,181,1,43,43.0
TKD du Chamois,Le Champ du Feu,48.4131871937371,7.26065397262573,48.4131871937371,7.26065397262573,48.4131871937371,7.26065397262573,https://www.remontees-mecaniques.net/bdd/reportage-tkd-du-chamois-poma-394.html,,0.11049723756906077,20,20,181,181.1558011049723,0.0,278.8,181,1,20,20.0
TKD du Lac Blanc,Le Lac Blanc,48.1327032222652,7.09098279476166,48.1327032222652,7.09098279476166,48.1327032222652,7.09098279476166,https://www.remontees-mecaniques.net/bdd/reportage-tkd-du-lac-blanc-montaz-mautino-1490.html,1145.0,0.10497237569060773,19,19,181,422.2044198895027,0.0,673.2000000000004,181,1,19,19.0
TKD des Follys I & II,Bellevaux - La Chèvrerie (Roc d'Enfer - Les Portes du Soleil),46.210568852985894,6.592150926589966,46.210568852985894,6.592150926589966,46.210568852985894,6.592150926589966,https://www.remontees-mecaniques.net/bdd/reportage-tkd-des-follys-i-ii-montaz-mautino-6049.html,1590.0,0.10497237569060773,19,18,181,639.2016574585635,0.0,1144.8999999999996,181,1,19,19.0
TPH60 du Brévent,Chamonix-Mont-Blanc - Brévent-Flégère (Vallée de Chamonix),45.9355404484228,6.85396134853363,45.9355404484228,6.85396134853363,45.9355404484228,6.85396134853363,https://www.remontees-mecaniques.net/bdd/reportage-tph60-du-brevent-montaz-mautino-pwh-89.html,,0.06077348066298342,11,11,181,4290.926519337017,0.0,7791.7999999999965,181,1,11,11.0
TSD6 des Rochassons,Châtel (Les Portes du Soleil),46.2182971742511,6.79332733154297,46.2182971742511,6.79332733154297,46.2182971742511,6.79332733154297,https://www.remontees-mecaniques.net/bdd/reportage-tsd6-des-rochassons-poma-4187.html,1778.0,0.06077348066298342,11,11,181,4526.320441988953,0.0,8116.599999999998,181,1,11,11.0
TKD du Louveteau & du Stade,La Clusaz (La Clusaz-Manigod - Les Aravis),45.8977646673208,6.44363433122635,45.8977646673208,6.44363433122635,45.8977646673208,6.44363433122635,https://www.remontees-mecaniques.net/bdd/reportage-tkd-du-louveteau-du-stade-poma-2871.html,,0.09944751381215469,18,11,181,5542.509392265194,0.0,9935.999999999996,181,1,18,18.0
TKD des Crêtes,Les Carroz d'Arâches (Le Grand Massif),46.02754889500428,6.665825843811035,46.02754889500428,6.665825843811035,46.02754889500428,6.665825843811035,https://www.remontees-mecaniques.net/bdd/reportage-tkd-des-cretes-montaz-mautino-6706.html,1785.0,0.09944751381215469,18,18,181,1898.033701657459,0.0,3460.200000000002,181,1,18,18.0
TKD du Tourchet,Les Houches (Les Houches - Saint-Gervais),45.889504088122195,6.804048120975494,45.889504088122195,6.804048120975494,45.889504088122195,6.804048120975494,https://www.remontees-mecaniques.net/bdd/reportage-tkd-du-tourchet-poma-6412.html,1039.0,0.09944751381215469,18,18,181,1345.7817679558011,0.0,2398.0,181,1,18,18.0
TCD8 du Prarion,Les Houches (Les Houches - Saint-Gervais),45.8946341924052,6.78179651498795,45.8946341924052,6.78179651498795,45.8946341924052,6.78179651498795,https://www.remontees-mecaniques.net/bdd/reportage-tcd8-du-prarion-poma-864.html,,0.09944751381215469,18,18,181,1345.7817679558011,0.0,2398.0,181,1,18,18.0
FUN V Rocharbois,Megève - Rochebrune-Mont d'Arbois (Arbois-Rochebrune - Évasion Mont Blanc),45.8539611896816,6.63206219673157,45.8539611896816,6.63206219673157,45.8539611896816,6.63206219673157,https://www.remontees-mecaniques.net/bdd/reportage-fun-v-rocharbois-poma-4761.html,1280.0,0.06077348066298342,11,11,181,5467.188397790057,0.0,9776.099999999997,181,1,11,11.0
TKD de Plan Bois,Montmin - Col de la Forclaz,45.805490114711034,6.250319480895996,45.805490114711034,6.250319480895996,45.805490114711034,6.250319480895996,https://www.remontees-mecaniques.net/bdd/reportage-tkd-de-plan-bois-montagner-5449.html,1152.5,0.11602209944751381,21,20,181,276.72928176795585,0.0,500.80000000000007,181,1,21,21.0
TSF4 de Bergin,Morillon (Le Grand Massif),46.05614,6.667432,46.05614,6.667432,46.05614,6.667432,https://www.remontees-mecaniques.net/bdd/reportage-tsf4-de-bergin-poma-118.html,1443.5,0.10497237569060773,19,18,181,1326.6381215469628,0.0,2416.7,181,1,19,19.0
TKD de l’Hôtel,Praz-de-Lys (Praz-de-Lys - Sommand),46.135376326540744,6.597137153148651,46.135376326540744,6.597137153148651,46.135376326540744,6.597137153148651,https://www.remontees-mecaniques.net/bdd/reportage-tkd-de-l-hotel-poma-1873.html,1330.0,0.09944751381215469,18,18,181,1543.8430939226537,0.0,2747.4,181,1,18,18.0
TKD des Communailles,Saint-Gervais - Le Bettex (Arbois-Rochebrune - Évasion Mont Blanc),45.8640089568881,6.68751150369644,45.8640089568881,6.68751150369644,45.8640089568881,6.68751150369644,https://www.remontees-mecaniques.net/bdd/reportage-tkd-des-communailles-poma-1885.html,1509.5,0.06077348066298342,11,11,181,4448.155801104968,0.0,7904.0,181,1,11,11.0
TKE des Lanches,Saint-Jean-d'Aulps (Roc d'Enfer - Les Portes du Soleil),46.211066289694834,6.628312468528748,46.211066289694834,6.628312468528748,46.211066289694834,6.628312468528748,https://www.remontees-mecaniques.net/bdd/reportage-tke-des-lanches-axet-idm-6100.html,1498.0,0.09944751381215469,18,11,181,1759.3674033149182,0.0,3179.9000000000015,181,1,18,18.0
TSF3 de Chargeau,Saint-Jean-d'Aulps (Roc d'Enfer - Les Portes du Soleil),46.2037527738821,6.62447690963745,46.2037527738821,6.62447690963745,46.2037527738821,6.62447690963745,https://www.remontees-mecaniques.net/bdd/reportage-tsf3-de-chargeau-poma-3184.html,1627.5,0.09944751381215469,18,11,181,1759.3674033149182,0.0,3179.9000000000015,181,1,18,18.0
TKE du Tronchet,Arêches-Beaufort,45.6718294022713,6.53944551944733,45.6718294022713,6.53944551944733,45.6718294022713,6.53944551944733,https://www.remontees-mecaniques.net/bdd/reportage-tke-du-tronchet-poma-2812.html,1275.5,0.09944751381215469,18,11,181,3226.280662983425,0.0,5930.900000000002,181,1,18,18.0
TKE de la  Charrière,Aussois (Haute Maurienne Vanoise),45.231773267835834,6.739465140562971,45.231773267835834,6.739465140562971,45.231773267835834,6.739465140562971,https://www.remontees-mecaniques.net/bdd/reportage-tke-de-la-charriere-poma-2007.html,,0.09944751381215469,18,11,181,1851.2607734806618,0.0,3602.6000000000013,181,1,18,18.0
TKD de Bellecôte,Courchevel (Les 3 Vallées),45.40289079511379,6.631214618682861,45.40289079511379,6.631214618682861,45.40289079511379,6.631214618682861,https://www.remontees-mecaniques.net/bdd/reportage-tkd-de-bellecote-poma-6991.html,1856.5,0.06077348066298342,11,11,181,7231.286740331488,0.0,13007.500000000005,181,1,11,11.0
TKF d'Héry,Héry-sur-Ugine - Les Rafforts,45.78842221715664,6.48170828819275,45.78842221715664,6.48170828819275,45.78842221715664,6.48170828819275,https://www.remontees-mecaniques.net/bdd/reportage-tkf-d-hery-duport-6983.html,,0.11602209944751381,21,20,181,276.72928176795585,0.0,500.80000000000007,181,1,21,21.0
TKE de la Fontaine aux Oiseaux,La Norma (Haute Maurienne Vanoise),45.20076555106319,6.6971540451049805,45.20076555106319,6.6971540451049805,45.20076555106319,6.6971540451049805,https://www.remontees-mecaniques.net/bdd/reportage-tke-de-la-fontaine-aux-oiseaux-doppelmayr-5732.html,1390.0,0.06077348066298342,11,11,181,2079.036464088396,0.0,4343.199999999998,181,1,11,11.0
TKE de la Grangette,La Plagne (Paradiski),45.53458528711954,6.636611223220825,45.53458528711954,6.636611223220825,45.53458528711954,6.636611223220825,https://www.remontees-mecaniques.net/bdd/reportage-tke-de-la-grangette-gmm-5744.html,1486.0,0.06077348066298342,11,11,181,9235.23038674033,0.0,16571.700000000004,181,1,11,11.0
TSF4 du Chalet de Bellecôte,La Plagne (Paradiski),45.49922776060496,6.742515563964844,45.49922776060496,6.742515563964844,45.49922776060496,6.742515563964844,https://www.remontees-mecaniques.net/bdd/reportage-tsf4-du-chalet-de-bellecote-poma-ingelo-8793.html,2426.5,0.06077348066298342,11,11,181,9235.23038674033,0.0,16571.700000000004,181,1,11,11.0
TSF4 de l'Ourson,Le Corbier (Les Sybelles),45.23863511362127,6.258209198713303,45.23863511362127,6.258209198713303,45.23863511362127,6.258209198713303,https://www.remontees-mecaniques.net/bdd/reportage-tsf4-de-l-ourson-leitner-7313.html,1666.5,0.09944751381215469,18,18,181,2107.645856353591,0.0,3837.6000000000004,181,1,18,18.0
TSF4 des Ébats,Le Revard (Savoie Grand Revard),45.6921443431023,5.99928885698318,45.6921443431023,5.99928885698318,45.6921443431023,5.99928885698318,https://www.remontees-mecaniques.net/bdd/reportage-tsf4-des-ebats-poma-5125.html,1403.0,0.19889502762430938,36,20,181,473.65966850828704,0.0,934.4,181,1,36,36.0
TSD4 de  Comborcière,Les Arcs (Paradiski),45.582621468065156,6.833174228668214,45.582621468065156,6.833174228668214,45.582621468065156,6.833174228668214,https://www.remontees-mecaniques.net/bdd/reportage-tsd4-de-comborciere-doppelmayr-ingelo-8282.html,,0.06077348066298342,11,11,181,7061.487292817676,0.0,12948.499999999995,181,1,11,11.0
TSD4 des Plagnettes,Les Arcs (Paradiski),45.5604113880831,6.82054102420807,45.5604113880831,6.82054102420807,45.5604113880831,6.82054102420807,https://www.remontees-mecaniques.net/bdd/reportage-tsd4-des-plagnettes-poma-3459.html,2393.5,0.06077348066298342,11,11,181,7061.487292817676,0.0,12948.499999999995,181,1,11,11.0
TSF4 des Fontagnoux,Les Karellis,45.2218062612362,6.39564692974091,45.2218062612362,6.39564692974091,45.2218062612362,6.39564692974091,https://www.remontees-mecaniques.net/bdd/reportage-tsf4-des-fontagnoux-gmm-2820.html,2077.5,0.09944751381215469,18,11,181,2675.2359116022108,0.0,4993.400000000002,181,1,18,18.0
TSD4 du Doron,Les Menuires (Les 3 Vallées),45.3193570694935,6.53518348932266,45.3193570694935,6.53518348932266,45.3193570694935,6.53518348932266,https://www.remontees-mecaniques.net/bdd/reportage-tsd4-du-doron-poma-170.html,1894.5,0.06077348066298342,11,11,181,4390.169060773477,0.0,8086.700000000001,181,1,11,11.0
TSD6 du Covetan,Les Saisies (Espace Diamant),45.772017000411886,6.528518199920654,45.772017000411886,6.528518199920654,45.772017000411886,6.528518199920654,https://www.remontees-mecaniques.net/bdd/reportage-tsd6-du-covetan-leitner-5371.html,,0.06077348066298342,11,11,181,6514.234806629835,0.0,11865.099999999993,181,1,11,11.0
TSF4 des Carrets,Les Saisies (Espace Diamant),45.7522532500809,6.54260247945786,45.7522532500809,6.54260247945786,45.7522532500809,6.54260247945786,https://www.remontees-mecaniques.net/bdd/reportage-tsf4-des-carrets-skirail-4861.html,1626.5,0.06077348066298342,11,11,181,6514.234806629835,0.0,11865.099999999993,181,1,11,11.0
TKD des Côtes,Méribel (Les 3 Vallées),45.395601742565916,6.5750857293551235,45.395601742565916,6.5750857293551235,45.395601742565916,6.5750857293551235,https://www.remontees-mecaniques.net/bdd/reportage-tkd-des-cotes-poma-4507.html,1690.0,0.06077348066298342,11,11,181,3550.4657458563534,0.0,6328.499999999997,181,1,11,11.0
TSD6 du Derby,Peisey-Vallandry (Paradiski),45.5572919983298,6.78017914295197,45.5572919983298,6.78017914295197,45.5572919983298,6.78017914295197,https://www.remontees-mecaniques.net/bdd/reportage-tsd6-du-derby-leitner-1769.html,2130.5,0.06077348066298342,11,11,181,2844.5640883977894,0.0,5059.3,181,1,11,11.0
TSD6 de l'Ancolie,Pralognan-la-Vanoise,45.3871862838379,6.73320293426514,45.3871862838379,6.73320293426514,45.3871862838379,6.73320293426514,https://www.remontees-mecaniques.net/bdd/reportage-tsd6-de-l-ancolie-leitner-826.html,1946.0,0.06077348066298342,11,11,181,3082.1900552486168,0.0,5511.5999999999985,181,1,11,11.0
TKD des Enversins,Saint-Jean-d'Arves (Les Sybelles),45.2034794556833,6.25998079776764,45.2034794556833,6.25998079776764,45.2034794556833,6.25998079776764,https://www.remontees-mecaniques.net/bdd/reportage-tkd-des-enversins-mecalift-462.html,,0.09944751381215469,18,18,181,1052.4839779005536,0.0,1868.0000000000005,181,1,18,18.0
TKD du Mollard,Saint-Sorlin-d'Arves (Les Sybelles),45.2200265582373,6.23131603002548,45.2200265582373,6.23131603002548,45.2200265582373,6.23131603002548,https://www.remontees-mecaniques.net/bdd/reportage-tkd-du-mollard-montaz-mautino-2371.html,1522.0,0.09944751381215469,18,18,181,3232.9226519337017,0.0,6152.399999999999,181,1,18,18.0
TSF4 des Almes,Tignes (Espace Tignes-Val d'Isère),45.469920155948415,6.9066935777664185,45.469920155948415,6.9066935777664185,45.469920155948415,6.9066935777664185,https://www.remontees-mecaniques.net/bdd/reportage-tsf4-des-almes-gmm-ingelo-6064.html,2183.5,0.06077348066298342,11,11,181,7473.4497237569085,0.0,14787.700000000006,181,1,11,11.0
TKD de la Féma,Val Cenis (Haute Maurienne Vanoise),45.277583591993,6.92282974720001,45.277583591993,6.92282974720001,45.277583591993,6.92282974720001,https://www.remontees-mecaniques.net/bdd/reportage-tkd-de-la-fema-poma-697.html,,0.06077348066298342,11,11,181,6264.916022099444,0.0,12745.899999999996,181,1,11,11.0
TKE des Terres Grasses,Val Cenis (Haute Maurienne Vanoise),45.2902673718231,6.91991418600082,45.2902673718231,6.91991418600082,45.2902673718231,6.91991418600082,https://www.remontees-mecaniques.net/bdd/reportage-tke-des-terres-grasses-doppelmayr-4905.html,,0.06077348066298342,11,11,181,6264.916022099444,0.0,12745.899999999996,181,1,11,11.0
TCD10 de Solaise,Val d'Isère (Espace Tignes-Val d'Isère),45.432694379736645,6.993768811225891,45.432694379736645,6.993768811225891,45.432694379736645,6.993768811225891,https://www.remontees-mecaniques.net/bdd/reportage-tcd10-de-solaise-doppelmayr-6210.html,,0.06077348066298342,11,11,181,8097.030386740336,0.0,16810.9,181,1,11,11.0
TSD6 du Glacier,Val d'Isère (Espace Tignes-Val d'Isère),45.417604397913,7.016251087188721,45.417604397913,7.016251087188721,45.417604397913,7.016251087188721,https://www.remontees-mecaniques.net/bdd/reportage-tsd6-du-glacier-garaventa-5462.html,2645.0,0.06077348066298342,11,11,181,8097.030386740336,0.0,16810.9,181,1,11,11.0
TSF3 Mont Blanc,Val d'Isère (Espace Tignes-Val d'Isère),45.4575080225413,6.94182515144348,45.4575080225413,6.94182515144348,45.4575080225413,6.94182515144348,https://www.remontees-mecaniques.net/bdd/reportage-tsf3-mont-blanc-yan-lift-engineering-2478.html,2388.5,0.06077348066298342,11,11,181,8097.030386740336,0.0,16810.9,181,1,11,11.0
TSD6 des Pionniers (ex TSCD6-4),Val Thorens (Les 3 Vallées),45.295294051624545,6.582205295562744,45.295294051624545,6.582205295562744,45.295294051624545,6.582205295562744,https://www.remontees-mecaniques.net/bdd/reportage-tsd6-des-pionniers-ex-tscd6-4-poma-5496.html,2419.0,0.06077348066298342,11,11,181,4467.408839779006,0.0,8440.499999999998,181,1,11,11.0
TCD8 de Celliers,Valmorel (Le Grand Domaine),45.47910992010417,6.421213746070862,45.47910992010417,6.421213746070862,45.47910992010417,6.421213746070862,https://www.remontees-mecaniques.net/bdd/reportage-tcd8-de-celliers-poma-5587.html,1407.5,0.06077348066298342,11,11,181,7019.244198895025,0.0,12780.499999999996,181,1,11,11.0
TSD4 Auris Express,Auris-en-Oisans (Alpe d'Huez Grand Domaine Ski),45.0568153488818,6.07662498950958,45.0568153488818,6.07662498950958,45.0568153488818,6.07662498950958,https://www.remontees-mecaniques.net/bdd/reportage-tsd4-auris-express-poma-2187.html,1929.5,0.10497237569060773,19,18,181,1778.7165745856344,0.0,3581.6000000000017,181,1,19,19.0
TPHP 5x6  de la Bastille,Grenoble,45.1929481775788,5.72602272033691,45.1929481775788,5.72602272033691,45.1929481775788,5.72602272033691,https://www.remontees-mecaniques.net/bdd/reportage-tphp-5x6-de-la-bastille-poma-64.html,,0.5524861878453039,100,52,181,43.51878453038666,0.0,79.4,181,1,100,100.0
TKD du Lac Blanc,L'Alpe d'Huez (Alpe d'Huez Grand Domaine Ski),45.0979085598945,6.07195794582367,45.0979085598945,6.07195794582367,45.0979085598945,6.07195794582367,https://www.remontees-mecaniques.net/bdd/reportage-tkd-du-lac-blanc-montaz-mautino-3567.html,1963.5,0.06077348066298342,11,11,181,5176.154143646405,0.0,9890.400000000003,181,1,11,11.0
TCD6 des Marmottes 2,L'Alpe d'Huez (Alpe d'Huez Grand Domaine Ski),45.1045879589288,6.0964572429657,45.1045879589288,6.0964572429657,45.1045879589288,6.0964572429657,https://www.remontees-mecaniques.net/bdd/reportage-tcd6-des-marmottes-2-poma-597.html,2539.0,0.06077348066298342,11,11,181,5176.154143646405,0.0,9890.400000000003,181,1,11,11.0
TKD du Parché,L'Alpe du Grand Serre,45.0029456592455,5.84822416305542,45.0029456592455,5.84822416305542,45.0029456592455,5.84822416305542,https://www.remontees-mecaniques.net/bdd/reportage-tkd-du-parche-montaz-mautino-2563.html,,0.09944751381215469,18,11,181,2032.4005524861866,0.0,4090.2999999999997,181,1,18,18.0
TKF du Petit Jassinet & TKD du Petit Jassinet Bis,Lans-en-Vercors,45.11581069395837,5.609552264096189,45.11581069395837,5.609552264096189,45.11581069395837,5.609552264096189,https://www.remontees-mecaniques.net/bdd/reportage-tkf-du-petit-jassinet-tkd-du-petit-jassinet-bis-montaz-mautino-9055.html,,0.19889502762430938,36,21,181,591.4917127071823,0.0,1021.0,181,1,36,36.0
TKD du Seuillet,Saint-Pierre-de-Chartreuse - Le Planolet,45.3667213064079,5.84082126617432,45.3667213064079,5.84082126617432,45.3667213064079,5.84082126617432,https://www.remontees-mecaniques.net/bdd/reportage-tkd-du-seuillet-montaz-mautino-3171.html,,0.20441988950276244,37,36,181,263.4182320441991,0.0,468.9000000000001,181,1,37,37.0
TPH160 du Dôme des Petites Rousses I-II,Vaujany (Alpe d'Huez Grand Domaine Ski),45.1573878866634,6.079041659832,45.1573878866634,6.079041659832,45.1573878866634,6.079041659832,https://www.remontees-mecaniques.net/bdd/reportage-tph160-du-dome-des-petites-rousses-i-ii-poma-607.html,,0.10497237569060773,19,19,181,1069.3552486187832,0.0,2021.1,181,1,19,19.0
TSD6 du Grand Canyon,Villard-de-Lans (Espace Villard-Corrençon),45.03904952856,5.57067185640335,45.03904952856,5.57067185640335,45.03904952856,5.57067185640335,https://www.remontees-mecaniques.net/bdd/reportage-tsd6-du-grand-canyon-poma-2151.html,1517.0,0.10497237569060773,19,11,181,865.0441988950276,0.0,1604.0,181,1,19,19.0
TKE de la Cascade,Ceillac (Le Cristillan - Queyras),44.64941399991952,6.792190074920655,44.64941399991952,6.792190074920655,44.64941399991952,6.792190074920655,https://www.remontees-mecaniques.net/bdd/reportage-tke-de-la-cascade-doppelmayr-1039.html,,0.09944751381215469,18,11,181,714.6392265193368,0.0,1448.0,181,1,18,18.0
TSD4 de l'Orée du Bois,Chantemerle (Serre Chevalier Vallée),44.924292,6.569574,44.924292,6.569574,44.924292,6.569574,https://www.remontees-mecaniques.net/bdd/reportage-tsd4-de-l-oree-du-bois-poma-7.html,2102.0,0.06077348066298342,11,11,181,2346.8254143646395,0.0,4622.800000000001,181,1,11,11.0
TKD du Clot de l'Étoile,Le Monêtier-les-Bains (Serre Chevalier Vallée),44.9604139069982,6.51233106851578,44.9604139069982,6.51233106851578,44.9604139069982,6.51233106851578,https://www.remontees-mecaniques.net/bdd/reportage-tkd-du-clot-de-l-etoile-poma-1076.html,1773.0,0.06077348066298342,11,11,181,1997.7591160220986,0.0,3990.999999999999,181,1,11,11.0
TSD6 de la Pousterle,Les Orres,44.48242937174691,6.561624705791474,44.48242937174691,6.561624705791474,44.48242937174691,6.561624705791474,https://www.remontees-mecaniques.net/bdd/reportage-tsd6-de-la-pousterle-poma-3259.html,,0.06077348066298342,11,11,181,2027.2464088397799,0.0,4301.200000000001,181,1,11,11.0
TSF4 des Crêtes,Les Orres,44.48422511139353,6.574223041534424,44.48422511139353,6.574223041534424,44.48422511139353,6.574223041534424,https://www.remontees-mecaniques.net/bdd/reportage-tsf4-des-cretes-poma-4736.html,2139.0,0.06077348066298342,11,11,181,2027.2464088397799,0.0,4301.200000000001,181,1,11,11.0
TSF4 de la Burge,Molines-en-Queyras (Beauregard - Queyras),44.71517065067203,6.861439347267151,44.71517065067203,6.861439347267151,44.71517065067203,6.861439347267151,https://www.remontees-mecaniques.net/bdd/reportage-tsf4-de-la-burge-poma-7674.html,1908.5,0.06077348066298342,11,11,181,924.7966850828732,0.0,1883.1000000000004,181,1,11,11.0
TKD de Pélinche,Risoul (La Forêt Blanche),44.6248161917973,6.62950873374939,44.6248161917973,6.62950873374939,44.6248161917973,6.62950873374939,https://www.remontees-mecaniques.net/bdd/reportage-tkd-de-pelinche-montagner-4841.html,,0.06077348066298342,11,11,181,2167.664088397791,0.0,4384.799999999999,181,1,11,11.0
TSD4 de Plate de la Nonne,Risoul (La Forêt Blanche),44.613115,6.632789,44.613115,6.632789,44.613115,6.632789,https://www.remontees-mecaniques.net/bdd/reportage-tsd4-de-plate-de-la-nonne-leitner-125.html,2273.0,0.06077348066298342,11,11,181,2167.664088397791,0.0,4384.799999999999,181,1,11,11.0
TSD8 du Pré du Bois,Risoul (La Forêt Blanche),44.620375,6.633515,44.620375,6.633515,44.620375,6.633515,https://www.remontees-mecaniques.net/bdd/reportage-tsd8-du-pre-du-bois-poma-110.html,,0.06077348066298342,11,11,181,2167.664088397791,0.0,4384.799999999999,181,1,11,11.0
TSF2 de la Moulière,L'Audibergue,43.7555505289963,6.76311492919922,43.7555505289963,6.76311492919922,43.7555505289963,6.76311492919922,https://www.remontees-mecaniques.net/bdd/reportage-tsf2-de-la-mouliere-poma-3750.html,,0.712707182320442,129,90,181,27.54972375690606,0.0,57.49999999999999,181,1,129,129.0
TSD6 du Brec,Le Sauze,44.3572612135233,6.68592363595963,44.3572612135233,6.68592363595963,44.3572612135233,6.68592363595963,https://www.remontees-mecaniques.net/bdd/reportage-tsd6-du-brec-doppelmayr-4962.html,1958.0,0.06077348066298342,11,11,181,1838.3944751381216,0.0,4060.0000000000005,181,1,11,11.0
TKD de Vachères,Lus la Jarjatte,44.67484061688901,5.758037567138673,44.67484061688901,5.758037567138673,44.67484061688901,5.758037567138673,https://www.remontees-mecaniques.net/bdd/reportage-tkd-de-vacheres-montaz-mautino-9210.html,,0.11049723756906077,20,18,181,426.18342541436465,0.0,787.9999999999998,181,1,20,20.0
TKD Gimette,Pra Loup (La Foux-Pra Loup - Espace Lumière),44.36308900963076,6.581403315067291,44.36308900963076,6.581403315067291,44.36308900963076,6.581403315067291,https://www.remontees-mecaniques.net/bdd/reportage-tkd-gimette-poma-3672.html,1980.0,0.06077348066298342,11,11,181,1434.7226519337023,0.0,3180.2000000000007,181,1,11,11.0
TKF Pra Crouzet,Sainte-Anne-la-Condamine,44.46773325253042,6.718582212924957,44.46773325253042,6.718582212924957,44.46773325253042,6.718582212924957,https://www.remontees-mecaniques.net/bdd/reportage-tkf-pra-crouzet-poma-7225.html,1832.0,0.06077348066298342,11,11,181,898.3977900552479,0.0,1940.8999999999999,181,1,11,11.0
TKD de la Crous 1 & 2,Val d'Allos - La Foux (La Foux-Pra Loup - Espace Lumière),44.3221306698001,6.581408679485321,44.3221306698001,6.581408679485321,44.3221306698001,6.581408679485321,https://www.remontees-mecaniques.net/bdd/reportage-tkd-de-la-crous-1-2-montaz-mautino-poma-3020.html,,0.10497237569060773,19,11,181,555.1204419889506,0.0,1268.8999999999999,181,1,19,19.0
TSF4 de la Croix du Sapet,Valberg,44.09089092867224,6.935197412967682,44.09089092867224,6.935197412967682,44.09089092867224,6.935197412967682,https://www.remontees-mecaniques.net/bdd/reportage-tsf4-de-la-croix-du-sapet-poma-7132.html,1733.5,0.06077348066298342,11,11,181,810.5933701657453,0.0,1789.3,181,1,11,11.0
TKE de la Combe,Camurac,42.77712552882198,1.9239914417266846,42.77712552882198,1.9239914417266846,42.77712552882198,1.9239914417266846,https://www.remontees-mecaniques.net/bdd/reportage-tke-de-la-combe-poma-7521.html,,0.19889502762430938,36,21,181,352.11933701657483,0.0,640.3999999999999,181,1,36,36.0
TSF4 de Pyrénées 2000 - Nord,Font-Romeu - Pyrénées 2000,42.53531089606653,2.0549744367599487,42.53531089606653,2.0549744367599487,42.53531089606653,2.0549744367599487,https://www.remontees-mecaniques.net/bdd/reportage-tsf4-de-pyrenees-2000-nord-poma-622.html,1884.5,0.06629834254143646,12,12,181,1664.8530386740333,0.0,3780.600000000001,181,1,12,12.0
TKF Baby,Goulier Neige,42.73937320054652,1.513688564300537,42.73937320054652,1.513688564300537,42.73937320054652,1.513688564300537,https://www.remontees-mecaniques.net/bdd/reportage-tkf-baby-poma-3800.html,,0.19889502762430938,36,32,181,444.7657458563531,0.0,880.1999999999996,181,1,36,36.0
TKE Pène Blanque,La Mongie (Grand Tourmalet),42.9097710008608,0.18221989274024963,42.9097710008608,0.18221989274024963,42.9097710008608,0.18221989274024963,https://www.remontees-mecaniques.net/bdd/reportage-tke-pene-blanque-doppelmayr-6268.html,,0.06629834254143646,12,11,181,2534.767955801105,0.0,5395.5,181,1,12,12.0
TKD Roc d'Aude & TKD Llaret,Les Angles,42.5790138877473,2.05350995063782,42.5790138877473,2.05350995063782,42.5790138877473,2.05350995063782,https://www.remontees-mecaniques.net/bdd/reportage-tkd-roc-d-aude-tkd-llaret-poma-911.html,2185.0,0.06629834254143646,12,11,181,1711.08453038674,0.0,3761.9,181,1,12,12.0
TKD Galinat,Les Monts d'Olmes,42.837803966993754,1.743628978729248,42.837803966993754,1.743628978729248,42.837803966993754,1.743628978729248,https://www.remontees-mecaniques.net/bdd/reportage-tkd-galinat-montaz-mautino-3585.html,,0.19889502762430938,36,21,181,408.23149171270677,0.0,669.2000000000002,181,1,36,36.0
TSF4 du Carrousel,Peyragudes,42.789742721890455,0.44599890679819515,42.789742721890455,0.44599890679819515,42.789742721890455,0.44599890679819515,https://www.remontees-mecaniques.net/bdd/reportage-tsf4-du-carrousel-poma-2572.html,,0.06629834254143646,12,11,181,2113.4707182320444,0.0,4444.300000000001,181,1,12,12.0
TKD des Sources,Val Louron,42.789891519203884,0.3845590353012085,42.789891519203884,0.3845590353012085,42.789891519203884,0.3845590353012085,https://www.remontees-mecaniques.net/bdd/reportage-tkd-des-sources-poma-5575.html,,0.10497237569060773,19,12,181,1108.774585635359,0.0,2325.199999999998,181,1,19,19.0
TKE des Campanules,Chalmazel,45.6771651074092,3.82415413856506,45.6771651074092,3.82415413856506,45.6771651074092,3.82415413856506,https://www.remontees-mecaniques.net/bdd/reportage-tke-des-campanules-doppelmayr-1524.html,1160.0,0.11049723756906077,20,19,181,559.7569060773477,0.0,979.9999999999999,181,1,20,20.0
TSD4B des Jasseries,Chalmazel,45.6767228273394,3.82695704698563,45.6767228273394,3.82695704698563,45.6767228273394,3.82695704698563,https://www.remontees-mecaniques.net/bdd/reportage-tsd4b-des-jasseries-leitner-1456.html,,0.11049723756906077,20,19,181,559.7569060773477,0.0,979.9999999999999,181,1,20,20.0
TKD du Pas de l'Âne,Le Mont-Dore (Le Sancy),45.5309684230405,2.81850278377533,45.5309684230405,2.81850278377533,45.5309684230405,2.81850278377533,https://www.remontees-mecaniques.net/bdd/reportage-tkd-du-pas-de-l-ane-montaz-mautino-2434.html,1740.5,0.10497237569060773,19,19,181,815.5580110497226,0.0,1665.2999999999997,181,1,19,19.0
TSF4 du Tremplin,Le Mont-Dore (Le Sancy),45.5457218885256,2.81561270356178,45.5457218885256,2.81561270356178,45.5457218885256,2.81561270356178,https://www.remontees-mecaniques.net/bdd/reportage-tsf4-du-tremplin-doppelmayr-2103.html,1353.0,0.10497237569060773,19,19,181,815.5580110497226,0.0,1665.2999999999997,181,1,19,19.0
TKD des Alouettes II,Les Hautes Combes,46.3680130777804,5.95538645982742,46.3680130777804,5.95538645982742,46.3680130777804,5.95538645982742,https://www.remontees-mecaniques.net/bdd/reportage-tkd-des-alouettes-ii-montaz-mautino-4017.html,,0.20441988950276244,37,21,181,277.141436464088,0.0,501.69999999999993,181,1,37,37.0
TKF Alouettes IV,Les Hautes Combes,46.3677521160694,5.95492243766785,46.3677521160694,5.95492243766785,46.3677521160694,5.95492243766785,https://www.remontees-mecaniques.net/bdd/reportage-tkf-alouettes-iv-montaz-mautino-5097.html,1210.5,0.20441988950276244,37,21,181,277.141436464088,0.0,501.69999999999993,181,1,37,37.0
TSD6 des Jouvenceaux,Les Rousses - Les Tuffes (Dôle-Tuffes - Jura sur Léman),46.4560694134279,6.0549795627594,46.4560694134279,6.0549795627594,46.4560694134279,6.0549795627594,https://www.remontees-mecaniques.net/bdd/reportage-tsd6-des-jouvenceaux-poma-7903.html,1292.5,0.11049723756906077,20,20,181,993.0779005524872,0.0,1793.7,181,1,20,20.0
TKD de Super Longevilles I-II,Métabief,46.74339524568559,6.3413965702056885,46.74339524568559,6.3413965702056885,46.74339524568559,6.3413965702056885,https://www.remontees-mecaniques.net/bdd/reportage-tkd-de-super-longevilles-i-ii-montagner-7953.html,1315.0,0.11049723756906077,20,19,181,686.7143646408847,0.0,1200.0999999999997,181,1,20,20.0
TKD du Grand Haut 1 & 2,Gérardmer,48.058353856158,6.89537465572357,48.058353856158,6.89537465572357,48.058353856158,6.89537465572357,https://www.remontees-mecaniques.net/bdd/reportage-tkd-du-grand-haut-1-2-poma-2288.html,872.0,0.10497237569060773,19,19,181,398.1005524861875,0.0,634.9000000000001,181,1,19,19.0
TKD du Kastelberg 1 & 2,La Bresse - Hohneck,48.02994312249647,6.986713260412216,48.02994312249647,6.986713260412216,48.02994312249647,6.986713260412216,https://www.remontees-mecaniques.net/bdd/reportage-tkd-du-kastelberg-1-2-montaz-mautino-6079.html,,0.10497237569060773,19,18,181,656.2386740331492,0.0,1051.9999999999995,181,1,19,19.0
TKD du Grand Langenberg,Le Ballon d'Alsace,47.81247814796109,6.854273825883865,47.81247814796109,6.854273825883865,47.81247814796109,6.854273825883865,https://www.remontees-mecaniques.net/bdd/reportage-tkd-du-grand-langenberg-poma-5655.html,946.5,0.11049723756906077,20,20,181,496.006629834255,0.0,814.2999999999998,181,1,20,20.0
TKD de Frentzbergel,Le Frenz,47.92502786865414,6.945392698980869,47.92502786865414,6.945392698980869,47.92502786865414,6.945392698980869,https://www.remontees-mecaniques.net/bdd/reportage-tkd-de-frentzbergel-poma-7508.html,,0.287292817679558,52,48,181,70.52541436464095,0.0,114.59999999999998,181,1,52,52.0
TKD de la Graine-Johé,Les Bagenelles,48.1968606195682,7.1122419834137,48.1968606195682,7.1122419834137,48.1968606195682,7.1122419834137,https://www.remontees-mecaniques.net/bdd/reportage-tkd-de-la-graine-johe-poma-361.html,,0.3425414364640884,62,52,181,46.73259668508297,0.0,72.10000000000002,181,1,62,62.0
TKF École I & II,Avoriaz (Morzine-Avoriaz - Les Portes du Soleil),46.19462993299646,6.770244240760803,46.19462993299646,6.770244240760803,46.19462993299646,6.770244240760803,https://www.remontees-mecaniques.net/bdd/reportage-tkf-ecole-i-ii-poma-5136.html,1833.0,0.06077348066298342,11,10,181,6126.023756906075,0.0,10831.700000000004,181,1,11,11.0
TSD4 des Lindarets,Avoriaz (Morzine-Avoriaz - Les Portes du Soleil),46.20726486797566,6.776676177978516,46.20726486797566,6.776676177978516,46.20726486797566,6.776676177978516,https://www.remontees-mecaniques.net/bdd/reportage-tsd4-des-lindarets-poma-5469.html,1684.5,0.06077348066298342,11,10,181,6126.023756906075,0.0,10831.700000000004,181,1,11,11.0
TSF3 des Souffles,Bellevaux - Hirmentaz (Hirmentaz - Les Habères),46.2457680785093,6.51225864887238,46.2457680785093,6.51225864887238,46.2457680785093,6.51225864887238,https://www.remontees-mecaniques.net/bdd/reportage-tsf3-des-souffles-montaz-mautino-2452.html,1185.5,0.09944751381215469,18,11,181,2123.7187845303843,0.0,4115.8,181,1,18,18.0
TSF4 du Petit Combet,Bernex,46.34672024192075,6.702357530593873,46.34672024192075,6.702357530593873,46.34672024192075,6.702357530593873,https://www.remontees-mecaniques.net/bdd/reportage-tsf4-du-petit-combet-gmm-7526.html,1449.5,0.11049723756906077,20,19,181,304.78453038674036,0.0,490.5,181,1,20,20.0
TKE du Grand Marmotton,Chamonix-Mont-Blanc - Grands Montets (Vallée de Chamonix),45.967572968554634,6.94210410118103,45.967572968554634,6.94210410118103,45.967572968554634,6.94210410118103,https://www.remontees-mecaniques.net/bdd/reportage-tke-du-grand-marmotton-leitner-7264.html,,0.09944751381215469,18,18,181,2119.0270718232064,0.0,3877.9999999999995,181,1,18,18.0
TSD6 de la Chaux des Rosées,Châtel (Les Portes du Soleil),46.217317,6.793576,46.217317,6.793576,46.217317,6.793576,https://www.remontees-mecaniques.net/bdd/reportage-tsd6-de-la-chaux-des-rosees-leitner-134.html,1846.5,0.06077348066298342,11,11,181,4526.320441988953,0.0,8116.599999999998,181,1,11,11.0
TSD8 des Grands Vans,Flaine (Le Grand Massif),46.0067189712245,6.69644594192505,46.0067189712245,6.69644594192505,46.0067189712245,6.69644594192505,https://www.remontees-mecaniques.net/bdd/reportage-tsd8-des-grands-vans-doppelmayr-42.html,1937.5,0.06077348066298342,11,11,181,5728.5414364640865,0.0,10381.499999999996,181,1,11,11.0
TSF4 du Diamant Noir,Flaine (Le Grand Massif),45.993244167434185,6.714674234390259,45.993244167434185,6.714674234390259,45.993244167434185,6.714674234390259,https://www.remontees-mecaniques.net/bdd/reportage-tsf4-du-diamant-noir-skirail-ingelo-6198.html,2274.5,0.06077348066298342,11,11,181,5728.5414364640865,0.0,10381.499999999996,181,1,11,11.0
TKD de la Côte & de Chatillon,Le Grand-Bornand (Les Aravis),45.959163543661106,6.4572009444236755,45.959163543661106,6.4572009444236755,45.959163543661106,6.4572009444236755,https://www.remontees-mecaniques.net/bdd/reportage-tkd-de-la-cote-de-chatillon-poma-2860.html,,0.09944751381215469,18,18,181,3713.187845303866,0.0,6741.100000000001,181,1,18,18.0
TKE des Combes,Le Grand-Bornand (Les Aravis),45.9495887741408,6.45100772380829,45.9495887741408,6.45100772380829,45.9495887741408,6.45100772380829,https://www.remontees-mecaniques.net/bdd/reportage-tke-des-combes-poma-4593.html,,0.09944751381215469,18,18,181,3713.187845303866,0.0,6741.100000000001,181,1,18,18.0
TKE Bambi,Le Semnoz,45.80531161500137,6.099781871961682,45.80531161500137,6.099781871961682,45.80531161500137,6.099781871961682,https://www.remontees-mecaniques.net/bdd/reportage-tke-bambi-poma-6575.html,1494.5,0.10497237569060773,19,19,181,750.4270718232053,0.0,1332.1000000000004,181,1,19,19.0
TKD Kédeuse,Les Carroz d'Arâches (Le Grand Massif),46.0255934548401,6.65679216384888,46.0255934548401,6.65679216384888,46.0255934548401,6.65679216384888,https://www.remontees-mecaniques.net/bdd/reportage-tkd-kedeuse-montaz-mautino-5105.html,,0.09944751381215469,18,18,181,1898.033701657459,0.0,3460.200000000002,181,1,18,18.0
TSD6 de la Tête des Saix,Les Carroz d'Arâches (Le Grand Massif),46.021045392202666,6.673534512519836,46.021045392202666,6.673534512519836,46.021045392202666,6.673534512519836,https://www.remontees-mecaniques.net/bdd/reportage-tsd6-de-la-tete-des-saix-poma-6141.html,1780.0,0.09944751381215469,18,18,181,1898.033701657459,0.0,3460.200000000002,181,1,18,18.0
TKD de Roselette,Les Contamines-Montjoie (Les Contamines - Hauteluce - Évasion Mont Blanc),45.7820365412254,6.69602751731873,45.7820365412254,6.69602751731873,45.7820365412254,6.69602751731873,https://www.remontees-mecaniques.net/bdd/reportage-tkd-de-roselette-poma-689.html,1780.0,0.06077348066298342,11,11,181,5286.2790055248615,0.0,9461.0,181,1,11,11.0
TCD6 des Chavannes,Les Gets (Morzine-Les Gets - Les Portes du Soleil),46.1569492251341,6.6687548160553,46.1569492251341,6.6687548160553,46.1569492251341,6.6687548160553,https://www.remontees-mecaniques.net/bdd/reportage-tcd6-des-chavannes-poma-3921.html,,0.09944751381215469,18,11,181,4687.4983425414375,0.0,8348.4,181,1,18,18.0
TSF4 des Folliets,Les Gets (Morzine-Les Gets - Les Portes du Soleil),46.1593849131789,6.68409705162048,46.1593849131789,6.68409705162048,46.1593849131789,6.68409705162048,https://www.remontees-mecaniques.net/bdd/reportage-tsf4-des-folliets-poma-5010.html,,0.09944751381215469,18,11,181,4687.4983425414375,0.0,8348.4,181,1,18,18.0
TKD des Débutants,Megève - Rochebrune-Mont d'Arbois (Arbois-Rochebrune - Évasion Mont Blanc),45.8542414085811,6.633017063140869,45.8542414085811,6.633017063140869,45.8542414085811,6.633017063140869,https://www.remontees-mecaniques.net/bdd/reportage-tkd-des-debutants-poma-4116.html,1330.0,0.06077348066298342,11,11,181,5467.188397790057,0.0,9776.099999999997,181,1,11,11.0
TCD10 Le Valléen,Saint-Gervais - Le Bettex (Arbois-Rochebrune - Évasion Mont Blanc),45.905901513293635,6.69995052965403,45.905901513293635,6.69995052965403,45.905901513293635,6.69995052965403,https://www.remontees-mecaniques.net/bdd/reportage-tcd10-le-valleen-poma-8868.html,700.5,0.06077348066298342,11,11,181,4448.155801104968,0.0,7904.0,181,1,11,11.0
TKD du Freddy,Saint-Gervais - Le Bettex (Arbois-Rochebrune - Évasion Mont Blanc),45.849107574334,6.6631007194519,45.849107574334,6.6631007194519,45.849107574334,6.6631007194519,https://www.remontees-mecaniques.net/bdd/reportage-tkd-du-freddy-poma-813.html,1733.5,0.06077348066298342,11,11,181,4448.155801104968,0.0,7904.0,181,1,11,11.0
TSF2 du Mont Joux 3,Saint-Gervais - Le Bettex (Arbois-Rochebrune - Évasion Mont Blanc),45.84785206677302,6.660533845424652,45.84785206677302,6.660533845424652,45.84785206677302,6.660533845424652,https://www.remontees-mecaniques.net/bdd/reportage-tsf2-du-mont-joux-3-weber-1622.html,1791.5,0.06077348066298342,11,11,181,4448.155801104968,0.0,7904.0,181,1,11,11.0
TKD du Plateau,Saint-Nicolas-de-Véroce (Arbois-Rochebrune - Évasion Mont Blanc),45.85313920609785,6.714030504226685,45.85313920609785,6.714030504226685,45.85313920609785,6.714030504226685,https://www.remontees-mecaniques.net/bdd/reportage-tkd-du-plateau-montaz-mautino-4773.html,1483.5,0.09944751381215469,18,18,181,2162.8872928176793,0.0,3836.399999999999,181,1,18,18.0
TKD des Fontaines,Sixt-Fer-à-Cheval (Le Grand Massif),46.04499208429422,6.766625940799713,46.04499208429422,6.766625940799713,46.04499208429422,6.766625940799713,https://www.remontees-mecaniques.net/bdd/reportage-tkd-des-fontaines-montagner-4227.html,813.5,0.11049723756906077,20,20,181,475.516022099448,0.0,895.5999999999998,181,1,20,20.0
TKD du Mottet 1 & 2,Thollon-les-Mémises,46.37850511167931,6.726188957691193,46.37850511167931,6.726188957691193,46.37850511167931,6.726188957691193,https://www.remontees-mecaniques.net/bdd/reportage-tkd-du-mottet-1-2-poma-montaz-mautino-8342.html,,0.10497237569060773,19,19,181,609.5690607734807,0.0,981.0,181,1,19,19.0
TKD de la Poya 1,Vallorcine (Balme - Vallée de Chamonix),46.01812489920517,6.917685270309449,46.01812489920517,6.917685270309449,46.01812489920517,6.917685270309449,https://www.remontees-mecaniques.net/bdd/reportage-tkd-de-la-poya-1-montaz-mautino-7898.html,1402.5,0.09944751381215469,18,18,181,1220.0165745856348,0.0,2218.5,181,1,18,18.0
TKF du Baby,Bessans (Haute Maurienne Vanoise),45.32345710122923,6.991352140903473,45.32345710122923,6.991352140903473,45.32345710122923,6.991352140903473,https://www.remontees-mecaniques.net/bdd/reportage-tkf-du-baby-poma-6812.html,,0.10497237569060773,19,18,181,367.5348066298342,0.0,999.1999999999998,181,1,19,19.0
TCD6 du Jardin Alpin,Courchevel (Les 3 Vallées),45.4147369206727,6.63361519575119,45.4147369206727,6.63361519575119,45.4147369206727,6.63361519575119,https://www.remontees-mecaniques.net/bdd/reportage-tcd6-du-jardin-alpin-poma-3469.html,1877.5,0.06077348066298342,11,11,181,7231.286740331488,0.0,13007.500000000005,181,1,11,11.0
TSD6 du Signal,Courchevel (Les 3 Vallées),45.4001864194484,6.65373980998993,45.4001864194484,6.65373980998993,45.4001864194484,6.65373980998993,https://www.remontees-mecaniques.net/bdd/reportage-tsd6-du-signal-poma-171.html,2070.5,0.06077348066298342,11,11,181,7231.286740331488,0.0,13007.500000000005,181,1,11,11.0
TSF4 du Lachat,Crest-Voland (Espace Diamant),45.7954205565523,6.50845527648926,45.7954205565523,6.50845527648926,45.7954205565523,6.50845527648926,https://www.remontees-mecaniques.net/bdd/reportage-tsf4-du-lachat-gmm-2759.html,,0.09944751381215469,18,18,181,1986.0414364640865,0.0,3563.1000000000013,181,1,18,18.0
TCD16 de la Ruelle,Hauteluce (Les Contamines - Hauteluce - Évasion Mont Blanc),45.7727840565267,6.6409832239151,45.7727840565267,6.6409832239151,45.7727840565267,6.6409832239151,https://www.remontees-mecaniques.net/bdd/reportage-tcd16-de-la-ruelle-poma-736.html,1235.0,0.09944751381215469,18,18,181,1362.733701657459,0.0,2430.4000000000005,181,1,18,18.0
TKE des Charmots,La Giettaz (Portes du Mont Blanc - Évasion Mont Blanc),45.8629685863678,6.54534369707108,45.8629685863678,6.54534369707108,45.8629685863678,6.54534369707108,https://www.remontees-mecaniques.net/bdd/reportage-tke-des-charmots-poma-1628.html,1831.5,0.09944751381215469,18,18,181,1431.367955801105,0.0,2579.0000000000014,181,1,18,18.0
TSF3 de l'Arlette,La Norma (Haute Maurienne Vanoise),45.197949454681584,6.7183756828308105,45.197949454681584,6.7183756828308105,45.197949454681584,6.7183756828308105,https://www.remontees-mecaniques.net/bdd/reportage-tsf3-de-l-arlette-poma-6023.html,1798.0,0.06077348066298342,11,11,181,2079.036464088396,0.0,4343.199999999998,181,1,11,11.0
TKD du Col de Forcle,La Plagne (Paradiski),45.50664014494115,6.702851057052613,45.50664014494115,6.702851057052613,45.50664014494115,6.702851057052613,https://www.remontees-mecaniques.net/bdd/reportage-tkd-du-col-de-forcle-montaz-mautino-6729.html,2047.5,0.06077348066298342,11,11,181,9235.23038674033,0.0,16571.700000000004,181,1,11,11.0
TPH24 Télémétro,La Plagne (Paradiski),45.5064672064406,6.67663514614105,45.5064672064406,6.67663514614105,45.5064672064406,6.67663514614105,https://www.remontees-mecaniques.net/bdd/reportage-tph24-telemetro-cables-monorails-mancini-dcsa-creissels-bartholet-5017.html,1924.0,0.06077348066298342,11,11,181,9235.23038674033,0.0,16571.700000000004,181,1,11,11.0
TKE  des Clarines,La Rosière (Espace San Bernardo),45.63014767691308,6.847347021102906,45.63014767691308,6.847347021102906,45.63014767691308,6.847347021102906,https://www.remontees-mecaniques.net/bdd/reportage-tke-des-clarines-poma-7455.html,,0.06077348066298342,11,11,181,4957.753038674036,0.0,9088.399999999996,181,1,11,11.0
TKE des Deux Croix,La Toussuire (Les Sybelles),45.24693418902973,6.221494639103185,45.24693418902973,6.221494639103185,45.24693418902973,6.221494639103185,https://www.remontees-mecaniques.net/bdd/reportage-tke-des-deux-croix-leitner-7370.html,2305.5,0.09944751381215469,18,11,181,4309.754696132599,0.0,7880.800000000002,181,1,18,18.0
TSF3 de la Liaison,La Toussuire (Les Sybelles),45.2445841833505,6.25781357288361,45.2445841833505,6.25781357288361,45.2445841833505,6.25781357288361,https://www.remontees-mecaniques.net/bdd/reportage-tsf3-de-la-liaison-montaz-mautino-209.html,1756.0,0.09944751381215469,18,11,181,4309.754696132599,0.0,7880.800000000002,181,1,18,18.0
TKD du Quarty,Le Granier (Les Entremonts en Chartreuse),45.46290169435757,5.900026559611434,45.46290169435757,5.900026559611434,45.46290169435757,5.900026559611434,https://www.remontees-mecaniques.net/bdd/reportage-tkd-du-quarty-montagner-7154.html,1088.0,0.20441988950276244,37,37,181,238.7911602209948,0.0,444.79999999999995,181,1,37,37.0
TKD des  Nantets,Le Désert d'Entremont (Les Entremonts en Chartreuse),45.460100536858306,5.857783555984497,45.460100536858306,5.857783555984497,45.460100536858306,5.857783555984497,https://www.remontees-mecaniques.net/bdd/reportage-tkd-des-nantets-montaz-mautino-7206.html,1225.0,0.281767955801105,51,42,181,119.3955801104974,0.0,222.39999999999998,181,1,51,51.0
TCV2x16 du Cabriolet,Les Arcs (Paradiski),45.570568393282606,6.830725371837616,45.570568393282606,6.830725371837616,45.570568393282606,6.830725371837616,https://www.remontees-mecaniques.net/bdd/reportage-tcv2x16-du-cabriolet-poma-8489.html,,0.06077348066298342,11,11,181,7061.487292817676,0.0,12948.499999999995,181,1,11,11.0
TSD4 du Bettex,Les Menuires (Les 3 Vallées),45.33958654434857,6.5256911516189575,45.33958654434857,6.5256911516189575,45.33958654434857,6.5256911516189575,https://www.remontees-mecaniques.net/bdd/reportage-tsd4-du-bettex-poma-ingelo-6307.html,1755.0,0.06077348066298342,11,11,181,4390.169060773477,0.0,8086.700000000001,181,1,11,11.0
TSD6B du Roc 2,Les Menuires (Les 3 Vallées),45.3341452092098,6.55534565448761,45.3341452092098,6.55534565448761,45.3341452092098,6.55534565448761,https://www.remontees-mecaniques.net/bdd/reportage-tsd6b-du-roc-2-leitner-1914.html,2474.5,0.06077348066298342,11,11,181,4390.169060773477,0.0,8086.700000000001,181,1,11,11.0
TSF4 du Chozal,Les Saisies (Espace Diamant),45.75018515531,6.5810814499855,45.75018515531,6.5810814499855,45.75018515531,6.5810814499855,https://www.remontees-mecaniques.net/bdd/reportage-tsf4-du-chozal-skirail-2479.html,,0.06077348066298342,11,11,181,6514.234806629835,0.0,11865.099999999993,181,1,11,11.0
TKD de la Grande Casse,Moûtiers - Lycée Ambroise Croizat,45.481718366400145,6.527466773986816,45.481718366400145,6.527466773986816,45.481718366400145,6.527466773986816,https://www.remontees-mecaniques.net/bdd/reportage-tkd-de-la-grande-casse-poma-3731.html,,0.19889502762430938,36,32,181,193.7011049723757,0.0,373.2000000000003,181,1,36,36.0
TSF6 de la Salla,Montchavin - La Plagne (Paradiski),45.5246904979255,6.7229837179184,45.5246904979255,6.7229837179184,45.5246904979255,6.7229837179184,https://www.remontees-mecaniques.net/bdd/reportage-tsf6-de-la-salla-poma-344.html,2272.5,0.06077348066298342,11,11,181,3327.0646408839802,0.0,6077.799999999999,181,1,11,11.0
TSF2 du Planay,Notre-Dame-de-Bellecombe (Espace Diamant),45.803265057945,6.55012339353561,45.803265057945,6.55012339353561,45.803265057945,6.55012339353561,https://www.remontees-mecaniques.net/bdd/reportage-tsf2-du-planay-montaz-mautino-2680.html,,0.09944751381215469,18,18,181,2937.2419889502758,0.0,5266.0,181,1,18,18.0
TKD du Vorès,Notre-Dame-de-Bellecombe (Espace Diamant),45.7860374940605,6.5717875957489,45.7860374940605,6.5717875957489,45.7860374940605,6.5717875957489,https://www.remontees-mecaniques.net/bdd/reportage-tkd-du-vores-montaz-mautino-2687.html,,0.09944751381215469,18,18,181,2937.2419889502758,0.0,5266.0,181,1,18,18.0
TSD6 des Choseaux,Saint-Sorlin-d'Arves (Les Sybelles),45.2198791917974,6.22714519500732,45.2198791917974,6.22714519500732,45.2198791917974,6.22714519500732,https://www.remontees-mecaniques.net/bdd/reportage-tsd6-des-choseaux-leitner-57.html,,0.09944751381215469,18,18,181,3232.9226519337017,0.0,6152.399999999999,181,1,18,18.0
TSF4 du Petit Perron,Saint-Sorlin-d'Arves (Les Sybelles),45.2308418342286,6.19439005851746,45.2308418342286,6.19439005851746,45.2308418342286,6.19439005851746,https://www.remontees-mecaniques.net/bdd/reportage-tsf4-du-petit-perron-leitner-2088.html,1930.0,0.09944751381215469,18,18,181,3232.9226519337017,0.0,6152.399999999999,181,1,18,18.0
TPH115 de la Grande Motte,Tignes (Espace Tignes-Val d'Isère),45.4233351504824,6.89056009054184,45.4233351504824,6.89056009054184,45.4233351504824,6.89056009054184,https://www.remontees-mecaniques.net/bdd/reportage-tph115-de-la-grande-motte-von-roll-25.html,3245.0,0.06077348066298342,11,11,181,7473.4497237569085,0.0,14787.700000000006,181,1,11,11.0
TKE du Saint-Pierre,Val Cenis (Haute Maurienne Vanoise),45.2853610234928,6.9158399105072,45.2853610234928,6.9158399105072,45.2853610234928,6.9158399105072,https://www.remontees-mecaniques.net/bdd/reportage-tke-du-saint-pierre-doppelmayr-3781.html,,0.06077348066298342,11,11,181,6264.916022099444,0.0,12745.899999999996,181,1,11,11.0
TKF Lanche I - II,Val d'Isère (Espace Tignes-Val d'Isère),45.4589867862411,6.96481168270111,45.4589867862411,6.96481168270111,45.4589867862411,6.96481168270111,https://www.remontees-mecaniques.net/bdd/reportage-tkf-lanche-i-ii-montaval-1819.html,,0.06077348066298342,11,11,181,8097.030386740336,0.0,16810.9,181,1,11,11.0
TKD du Signal 1 & 2,Val d'Isère (Espace Tignes-Val d'Isère),45.43404392334373,7.028935253620148,45.43404392334373,7.028935253620148,45.43404392334373,7.028935253620148,https://www.remontees-mecaniques.net/bdd/reportage-tkd-du-signal-1-2-montaval-transcable-5418.html,,0.06077348066298342,11,11,181,8097.030386740336,0.0,16810.9,181,1,11,11.0
TSF4 du Village,Val d'Isère (Espace Tignes-Val d'Isère),45.4475432296861,6.97822540998459,45.4475432296861,6.97822540998459,45.4475432296861,6.97822540998459,https://www.remontees-mecaniques.net/bdd/reportage-tsf4-du-village-montaval-4217.html,1862.0,0.06077348066298342,11,11,181,8097.030386740336,0.0,16810.9,181,1,11,11.0
TKD de la Séa,Valloire (Galibier Thabor),45.15861538631181,6.452764570713043,45.15861538631181,6.452764570713043,45.15861538631181,6.452764570713043,https://www.remontees-mecaniques.net/bdd/reportage-tkd-de-la-sea-poma-gmm-9150.html,,0.06077348066298342,11,11,181,3330.625966850829,0.0,6269.500000000004,181,1,11,11.0
TSF2 des Lanchettes,Valmorel (Le Grand Domaine),45.4641884903217,6.43935352563858,45.4641884903217,6.43935352563858,45.4641884903217,6.43935352563858,https://www.remontees-mecaniques.net/bdd/reportage-tsf2-des-lanchettes-montaz-mautino-1091.html,1588.5,0.06077348066298342,11,11,181,7019.244198895025,0.0,12780.499999999996,181,1,11,11.0
TSF4 de la Quoi,Autrans,45.2270316914093,5.58104395866394,45.2270316914093,5.58104395866394,45.2270316914093,5.58104395866394,https://www.remontees-mecaniques.net/bdd/reportage-tsf4-de-la-quoi-gmm-3524.html,,0.281767955801105,51,48,181,83.50497237569076,0.0,140.2,181,1,51,51.0
TKD du Schuss des Dames,Chamrousse,45.11729332022308,5.877285897731781,45.11729332022308,5.877285897731781,45.11729332022308,5.877285897731781,https://www.remontees-mecaniques.net/bdd/reportage-tkd-du-schuss-des-dames-montaz-mautino-8492.html,,0.09944751381215469,18,18,181,2890.91491712707,0.0,5750.699999999999,181,1,18,18.0
TKD des Côtes du Col,Col d'Ornon,45.01718668395535,5.970903038978577,45.01718668395535,5.970903038978577,45.01718668395535,5.970903038978577,https://www.remontees-mecaniques.net/bdd/reportage-tkd-des-cotes-du-col-montaz-mautino-4814.html,1337.0,0.11602209944751381,21,20,181,356.71491712707194,0.0,675.3000000000002,181,1,21,21.0
TKD des Alleyrons,Gresse-en-Vercors,44.88678823871165,5.551764965057373,44.88678823871165,5.551764965057373,44.88678823871165,5.551764965057373,https://www.remontees-mecaniques.net/bdd/reportage-tkd-des-alleyrons-poma-8992.html,,0.10497237569060773,19,11,181,666.7872928176798,0.0,1334.2999999999997,181,1,19,19.0
TKE École II,L'Alpe d'Huez (Alpe d'Huez Grand Domaine Ski),45.10014647280671,6.070407629013062,45.10014647280671,6.070407629013062,45.10014647280671,6.070407629013062,https://www.remontees-mecaniques.net/bdd/reportage-tke-ecole-ii-idm-axet-7494.html,1809.0,0.06077348066298342,11,11,181,5176.154143646405,0.0,9890.400000000003,181,1,11,11.0
TKE École I,L'Alpe d'Huez (Alpe d'Huez Grand Domaine Ski),45.10023735066558,6.070353984832764,45.10023735066558,6.070353984832764,45.10023735066558,6.070353984832764,https://www.remontees-mecaniques.net/bdd/reportage-tke-ecole-i-idm-axet-7490.html,1870.0,0.06077348066298342,11,11,181,5176.154143646405,0.0,9890.400000000003,181,1,11,11.0
TSF4 des Portes Sud,L'Alpe du Grand Serre,45.0037497741275,5.84899663925171,45.0037497741275,5.84899663925171,45.0037497741275,5.84899663925171,https://www.remontees-mecaniques.net/bdd/reportage-tsf4-des-portes-sud-poma-317.html,,0.09944751381215469,18,11,181,2032.4005524861866,0.0,4090.2999999999997,181,1,18,18.0
TKD de la Combe des Virets,Lans-en-Vercors,45.11470780399695,5.624542683362961,45.11470780399695,5.624542683362961,45.11470780399695,5.624542683362961,https://www.remontees-mecaniques.net/bdd/reportage-tkd-de-la-combe-des-virets-montaz-mautino-8963.html,,0.19889502762430938,36,21,181,591.4917127071823,0.0,1021.0,181,1,36,36.0
TKD des Trois Buissons,Lans-en-Vercors,45.107889706131196,5.6218027844874605,45.107889706131196,5.6218027844874605,45.107889706131196,5.6218027844874605,https://www.remontees-mecaniques.net/bdd/reportage-tkd-des-trois-buissons-montaz-mautino-9051.html,,0.19889502762430938,36,21,181,591.4917127071823,0.0,1021.0,181,1,36,36.0
TKF de la Sapinière,Lans-en-Vercors,45.11422135044231,5.610290765762329,45.11422135044231,5.610290765762329,45.11422135044231,5.610290765762329,https://www.remontees-mecaniques.net/bdd/reportage-tkf-de-la-sapiniere-montaz-mautino-9220.html,,0.19889502762430938,36,21,181,591.4917127071823,0.0,1021.0,181,1,36,36.0
TKE2 de Puy-Salié 1 & 2,Les Deux Alpes,44.9968423628311,6.20517790317535,44.9968423628311,6.20517790317535,44.9968423628311,6.20517790317535,https://www.remontees-mecaniques.net/bdd/reportage-tke2-de-puy-salie-1-2-transtele-4423.html,3285.0,0.06077348066298342,11,11,181,6892.693922651938,0.0,13556.1,181,1,11,11.0
TSF4 du Sautet,Les Deux Alpes,45.0001691003402,6.16750359535217,45.0001691003402,6.16750359535217,45.0001691003402,6.16750359535217,https://www.remontees-mecaniques.net/bdd/reportage-tsf4-du-sautet-poma-4671.html,2561.0,0.06077348066298342,11,11,181,6892.693922651938,0.0,13556.1,181,1,11,11.0
TKD du Tempanel,Abriès (Haut-Guil - Queyras),44.79004371488903,6.930549144744874,44.79004371488903,6.930549144744874,44.79004371488903,6.930549144744874,https://www.remontees-mecaniques.net/bdd/reportage-tkd-du-tempanel-montaz-mautino-7451.html,1573.0,0.06077348066298342,11,11,181,665.3149171270719,0.0,1602.1000000000001,181,1,11,11.0
TKD de la Colette,Abriès (Haut-Guil - Queyras),44.794789058527265,6.960522830486298,44.794789058527265,6.960522830486298,44.794789058527265,6.960522830486298,https://www.remontees-mecaniques.net/bdd/reportage-tkd-de-la-colette-montaz-mautino-7478.html,2191.0,0.06077348066298342,11,11,181,665.3149171270719,0.0,1602.1000000000001,181,1,11,11.0
TKE du Serre de l'Homme,Ancelle,44.61627857515712,6.198853254318238,44.61627857515712,6.198853254318238,44.61627857515712,6.198853254318238,https://www.remontees-mecaniques.net/bdd/reportage-tke-du-serre-de-l-homme-poma-9070.html,,0.10497237569060773,19,11,181,651.3513812154695,0.0,1296.4000000000005,181,1,19,19.0
TKD du Pied du Mur,Le Dévoluy,44.660098810826895,5.907264947891235,44.660098810826895,5.907264947891235,44.660098810826895,5.907264947891235,https://www.remontees-mecaniques.net/bdd/reportage-tkd-du-pied-du-mur-poma-7338.html,1866.5,0.06077348066298342,11,11,181,2744.439779005526,0.0,5644.000000000001,181,1,11,11.0
TSD6 du Sommarel,Le Dévoluy,44.661308360003,5.91222703456879,44.661308360003,5.91222703456879,44.661308360003,5.91222703456879,https://www.remontees-mecaniques.net/bdd/reportage-tsd6-du-sommarel-leitner-4883.html,2119.0,0.06077348066298342,11,11,181,2744.439779005526,0.0,5644.000000000001,181,1,11,11.0
TSF2 du Chalvet,Montgenèvre (Vialattea),44.9413651376614,6.72198861837387,44.9413651376614,6.72198861837387,44.9413651376614,6.72198861837387,https://www.remontees-mecaniques.net/bdd/reportage-tsf2-du-chalvet-montaz-mautino-3021.html,2313.0,0.06077348066298342,11,11,181,3311.890055248619,0.0,7186.3,181,1,11,11.0
TKD du Col des Vachers,Saint-Firmin,44.7993170430833,6.02985799312592,44.7993170430833,6.02985799312592,44.7993170430833,6.02985799312592,https://www.remontees-mecaniques.net/bdd/reportage-tkd-du-col-des-vachers-poma-4142.html,1454.0,-1.0,0,0,0,0.0,0.0,0.0,0,0,0,0.0
TKD du Levant,Font-Romeu - Pyrénées 2000,42.533826590929266,2.0415177941322327,42.533826590929266,2.0415177941322327,42.533826590929266,2.0415177941322327,https://www.remontees-mecaniques.net/bdd/reportage-tkd-du-levant-poma-837.html,,0.06629834254143646,12,12,181,1664.8530386740333,0.0,3780.600000000001,181,1,12,12.0
TSF4 du Col Rouge,Font-Romeu - Pyrénées 2000,42.5397971964566,2.03647255897522,42.5397971964566,2.03647255897522,42.5397971964566,2.03647255897522,https://www.remontees-mecaniques.net/bdd/reportage-tsf4-du-col-rouge-poma-627.html,2005.5,0.06629834254143646,12,12,181,1664.8530386740333,0.0,3780.600000000001,181,1,12,12.0
TSF4 Picou,Guzet,42.7784544169429,1.29976093769073,42.7784544169429,1.29976093769073,42.7784544169429,1.29976093769073,https://www.remontees-mecaniques.net/bdd/reportage-tsf4-picou-poma-3433.html,,0.11602209944751381,21,12,181,1174.7005524861893,0.0,2450.1,181,1,21,21.0
TKD Bamby,Les Angles,42.5751387563349,2.07116156816482,42.5751387563349,2.07116156816482,42.5751387563349,2.07116156816482,https://www.remontees-mecaniques.net/bdd/reportage-tkd-bamby-poma-3645.html,,0.06629834254143646,12,11,181,1711.08453038674,0.0,3761.9,181,1,12,12.0
TSF4 Lac Barbioules,Peyragudes,42.78739364744234,0.47698795795440674,42.78739364744234,0.47698795795440674,42.78739364744234,0.47698795795440674,https://www.remontees-mecaniques.net/bdd/reportage-tsf4-lac-barbioules-altim-4586.html,,0.06629834254143646,12,11,181,2113.4707182320444,0.0,4444.300000000001,181,1,12,12.0
TKD d'Ardounes & TKD du Tuco,Val Louron,42.78127943989072,0.3778991103172302,42.78127943989072,0.3778991103172302,42.78127943989072,0.3778991103172302,https://www.remontees-mecaniques.net/bdd/reportage-tkd-d-ardounes-tkd-du-tuco-poma-2372.html,,0.10497237569060773,19,12,181,1108.774585635359,0.0,2325.199999999998,181,1,19,19.0
TKF Télé Baby (ex Jonquilles),Brameloup,44.58382590079826,3.018546826351667,44.58382590079826,3.018546826351667,44.58382590079826,3.018546826351667,https://www.remontees-mecaniques.net/bdd/reportage-tkf-tele-baby-ex-jonquilles-montaz-mautino-8955.html,1204.0,0.19889502762430938,36,20,181,322.4475138121547,0.0,619.5,181,1,36,36.0
TSD6 des Loges,Lélex - Crozet (Monts Jura),46.3002146186418,5.94949632883072,46.3002146186418,5.94949632883072,46.3002146186418,5.94949632883072,https://www.remontees-mecaniques.net/bdd/reportage-tsd6-des-loges-poma-415.html,,0.11049723756906077,20,20,181,686.9038674033155,0.0,1216.7999999999997,181,1,20,20.0
TSD4 de la Schlucht,La Schlucht,48.062677708304,7.02123999595642,48.062677708304,7.02123999595642,48.062677708304,7.02123999595642,https://www.remontees-mecaniques.net/bdd/reportage-tsd4-de-la-schlucht-poma-883.html,1192.5,0.281767955801105,51,43,181,82.02983425414365,0.0,131.49999999999994,181,1,51,51.0
TKD de la Mannheimer,Le Ballon d'Alsace,47.81046699972677,6.846591979265213,47.81046699972677,6.846591979265213,47.81046699972677,6.846591979265213,https://www.remontees-mecaniques.net/bdd/reportage-tkd-de-la-mannheimer-montaz-mautino-5613.html,1120.0,0.11049723756906077,20,20,181,496.006629834255,0.0,814.2999999999998,181,1,20,20.0
TKF du Solmont,Le Frenz,47.9236436622513,6.94934334140271,47.9236436622513,6.94934334140271,47.9236436622513,6.94934334140271,https://www.remontees-mecaniques.net/bdd/reportage-tkf-du-solmont-poma-8233.html,,0.287292817679558,52,48,181,70.52541436464095,0.0,114.59999999999998,181,1,52,52.0
TKD Tremplin 1,Le Markstein,47.931049,7.035471,47.931049,7.035471,47.931049,7.035471,https://www.remontees-mecaniques.net/bdd/reportage-tkd-tremplin-1-poma-2660.html,1094.5,0.11049723756906077,20,19,181,472.32596685082825,0.0,773.4000000000001,181,1,20,20.0
TSD4 du Choucas,Avoriaz (Morzine-Avoriaz - Les Portes du Soleil),46.1792881159415,6.78920745849609,46.1792881159415,6.78920745849609,46.1792881159415,6.78920745849609,https://www.remontees-mecaniques.net/bdd/reportage-tsd4-du-choucas-poma-2962.html,1987.0,0.06077348066298342,11,10,181,6126.023756906075,0.0,10831.700000000004,181,1,11,11.0
TKD des Feulattes,Bellevaux - Hirmentaz (Hirmentaz - Les Habères),46.23503071818469,6.495146155357361,46.23503071818469,6.495146155357361,46.23503071818469,6.495146155357361,https://www.remontees-mecaniques.net/bdd/reportage-tkd-des-feulattes-montaz-mautino-6381.html,,0.09944751381215469,18,11,181,2123.7187845303843,0.0,4115.8,181,1,18,18.0
TKE de la Lèche,Bernex,46.34655730886918,6.698527336120606,46.34655730886918,6.698527336120606,46.34655730886918,6.698527336120606,https://www.remontees-mecaniques.net/bdd/reportage-tke-de-la-leche-gmm-7511.html,1338.5,0.11049723756906077,20,19,181,304.78453038674036,0.0,490.5,181,1,20,20.0
TSF4 du Torchon,Bellevaux - La Chèvrerie (Roc d'Enfer - Les Portes du Soleil),46.2095164253986,6.5764331817627,46.2095164253986,6.5764331817627,46.2095164253986,6.5764331817627,https://www.remontees-mecaniques.net/bdd/reportage-tsf4-du-torchon-montaz-mautino-3192.html,1311.0,0.10497237569060773,19,18,181,639.2016574585635,0.0,1144.8999999999996,181,1,19,19.0
TPH77 de l'Aiguille du Midi I-II,Chamonix-Mont-Blanc - Aiguille du Midi (Vallée de Chamonix),45.9181616329523,6.87020480632782,45.9181616329523,6.87020480632782,45.9181616329523,6.87020480632782,https://www.remontees-mecaniques.net/bdd/reportage-tph77-de-l-aiguille-du-midi-i-ii-dcsa-creissels-reel-1000.html,,0.09944751381215469,18,18,181,649.183977900553,0.0,1175.8000000000002,181,1,18,18.0
TKD de Mowgli,Combloux (Portes du Mont Blanc - Évasion Mont Blanc),45.8942272363718,6.62336111068726,45.8942272363718,6.62336111068726,45.8942272363718,6.62336111068726,https://www.remontees-mecaniques.net/bdd/reportage-tkd-de-mowgli-poma-1976.html,1181.5,0.09944751381215469,18,18,181,1324.823756906077,0.0,2363.8999999999996,181,1,18,18.0
TKD du Névé,La Clusaz (La Clusaz-Manigod - Les Aravis),45.8990955790395,6.4042916893959,45.8990955790395,6.4042916893959,45.8990955790395,6.4042916893959,https://www.remontees-mecaniques.net/bdd/reportage-tkd-du-neve-montagner-3602.html,,0.09944751381215469,18,11,181,5542.509392265194,0.0,9935.999999999996,181,1,18,18.0
TKD du Stade,Le Grand-Bornand (Les Aravis),45.9706639093138,6.45649552345276,45.9706639093138,6.45649552345276,45.9706639093138,6.45649552345276,https://www.remontees-mecaniques.net/bdd/reportage-tkd-du-stade-montaz-mautino-4225.html,,0.09944751381215469,18,18,181,3713.187845303866,0.0,6741.100000000001,181,1,18,18.0
TKD de la Mulaterie,Le Grand-Bornand (Les Aravis),45.9745916533088,6.4626270532608,45.9745916533088,6.4626270532608,45.9745916533088,6.4626270532608,https://www.remontees-mecaniques.net/bdd/reportage-tkd-de-la-mulaterie-poma-2404.html,,0.09944751381215469,18,18,181,3713.187845303866,0.0,6741.100000000001,181,1,18,18.0
TKD du Prarian 1 & 2,Le Grand-Bornand (Les Aravis),45.9728990479066,6.49514883756638,45.9728990479066,6.49514883756638,45.9728990479066,6.49514883756638,https://www.remontees-mecaniques.net/bdd/reportage-tkd-du-prarian-1-2-montagner-3571.html,,0.09944751381215469,18,18,181,3713.187845303866,0.0,6741.100000000001,181,1,18,18.0
TKE du Bois des Raiches,Le Grand-Bornand (Les Aravis),45.9623284145371,6.45411640405655,45.9623284145371,6.45411640405655,45.9623284145371,6.45411640405655,https://www.remontees-mecaniques.net/bdd/reportage-tke-du-bois-des-raiches-doppelmayr-2734.html,,0.09944751381215469,18,18,181,3713.187845303866,0.0,6741.100000000001,181,1,18,18.0
TKD de la Pointe,Les Brasses,46.16678792542001,6.446077823638916,46.16678792542001,6.446077823638916,46.16678792542001,6.446077823638916,https://www.remontees-mecaniques.net/bdd/reportage-tkd-de-la-pointe-montagner-310.html,1452.5,0.10497237569060773,19,18,181,1367.766298342542,0.0,2458.8000000000006,181,1,19,19.0
TSD4 de Montjoie,Les Contamines-Montjoie (Les Contamines - Hauteluce - Évasion Mont Blanc),45.8023320034936,6.71129465103149,45.8023320034936,6.71129465103149,45.8023320034936,6.71129465103149,https://www.remontees-mecaniques.net/bdd/reportage-tsd4-de-montjoie-poma-686.html,,0.06077348066298342,11,11,181,5286.2790055248615,0.0,9461.0,181,1,11,11.0
TSF4 de l'Aiguille Croche,Les Contamines-Montjoie (Les Contamines - Hauteluce - Évasion Mont Blanc),45.8004041400897,6.6667565703392,45.8004041400897,6.6667565703392,45.8004041400897,6.6667565703392,https://www.remontees-mecaniques.net/bdd/reportage-tsf4-de-l-aiguille-croche-poma-2956.html,2268.0,0.06077348066298342,11,11,181,5286.2790055248615,0.0,9461.0,181,1,11,11.0
TKD de la  Pointe du Chéry,Les Gets (Morzine-Les Gets - Les Portes du Soleil),46.16883124143991,6.647211313247681,46.16883124143991,6.647211313247681,46.16883124143991,6.647211313247681,https://www.remontees-mecaniques.net/bdd/reportage-tkd-de-la-pointe-du-chery-montaz-mautino-7114.html,1748.0,0.09944751381215469,18,11,181,4687.4983425414375,0.0,8348.4,181,1,18,18.0
TKD de Super Chéry,Les Gets (Morzine-Les Gets - Les Portes du Soleil),46.1656101978875,6.65815472602844,46.1656101978875,6.65815472602844,46.1656101978875,6.65815472602844,https://www.remontees-mecaniques.net/bdd/reportage-tkd-de-super-chery-montaz-mautino-2981.html,,0.09944751381215469,18,11,181,4687.4983425414375,0.0,8348.4,181,1,18,18.0
TKD du Vieux Chêne,Les Gets (Morzine-Les Gets - Les Portes du Soleil),46.15658006256216,6.6678421734832245,46.15658006256216,6.6678421734832245,46.15658006256216,6.6678421734832245,https://www.remontees-mecaniques.net/bdd/reportage-tkd-du-vieux-chene-montaz-mautino-7869.html,,0.09944751381215469,18,11,181,4687.4983425414375,0.0,8348.4,181,1,18,18.0
TPH33 de Rochebrune,Megève - Rochebrune-Mont d'Arbois (Arbois-Rochebrune - Évasion Mont Blanc),45.8498604916142,6.61497116088867,45.8498604916142,6.61497116088867,45.8498604916142,6.61497116088867,https://www.remontees-mecaniques.net/bdd/reportage-tph33-de-rochebrune-heckel-poma-1886.html,,0.06077348066298342,11,11,181,5467.188397790057,0.0,9776.099999999997,181,1,11,11.0
TSD6 de Coulouvrier,Morillon (Le Grand Massif),46.053696722898806,6.683914661407471,46.053696722898806,6.683914661407471,46.053696722898806,6.683914661407471,https://www.remontees-mecaniques.net/bdd/reportage-tsd6-de-coulouvrier-doppelmayr-ingelo-6461.html,1635.5,0.10497237569060773,19,18,181,1326.6381215469628,0.0,2416.7,181,1,19,19.0
TKD des Esserailloux,Saint-Jean-d'Aulps (Roc d'Enfer - Les Portes du Soleil),46.2184493540962,6.64058089256287,46.2184493540962,6.64058089256287,46.2184493540962,6.64058089256287,https://www.remontees-mecaniques.net/bdd/reportage-tkd-des-esserailloux-poma-3816.html,1387.0,0.09944751381215469,18,11,181,1759.3674033149182,0.0,3179.9000000000015,181,1,18,18.0
TKE du Plateau,Samoëns (Le Grand Massif),46.05631938717489,6.6963788866996765,46.05631938717489,6.6963788866996765,46.05631938717489,6.6963788866996765,https://www.remontees-mecaniques.net/bdd/reportage-tke-du-plateau-doppelmayr-6683.html,1578.0,0.09944751381215469,18,18,181,2234.605524861879,0.0,4047.3999999999987,181,1,18,18.0
TKD des Cascades,Sixt-Fer-à-Cheval (Le Grand Massif),46.04463835953988,6.765107810497284,46.04463835953988,6.765107810497284,46.04463835953988,6.765107810497284,https://www.remontees-mecaniques.net/bdd/reportage-tkd-des-cascades-montagner-5649.html,808.5,0.11049723756906077,20,20,181,475.516022099448,0.0,895.5999999999998,181,1,20,20.0
TCD10 des Mémises,Thollon-les-Mémises,46.39037249470707,6.7172276973724365,46.39037249470707,6.7172276973724365,46.39037249470707,6.7172276973724365,https://www.remontees-mecaniques.net/bdd/reportage-tcd10-des-memises-poma-6259.html,,0.10497237569060773,19,19,181,609.5690607734807,0.0,981.0,181,1,19,19.0
TKD du Châtel,Albiez,45.2175004934732,6.3343933224678,45.2175004934732,6.3343933224678,45.2175004934732,6.3343933224678,https://www.remontees-mecaniques.net/bdd/reportage-tkd-du-chatel-montaz-mautino-2489.html,1593.0,0.09944751381215469,18,18,181,1841.8469613259665,0.0,3268.9999999999995,181,1,18,18.0
TKD des Étoiles,Courchevel (Les 3 Vallées),45.411165079267796,6.634111404418946,45.411165079267796,6.634111404418946,45.411165079267796,6.634111404418946,https://www.remontees-mecaniques.net/bdd/reportage-tkd-des-etoiles-poma-7006.html,1849.0,0.06077348066298342,11,11,181,7231.286740331488,0.0,13007.500000000005,181,1,11,11.0
TKD de la Tour du Pin,Crest-Voland (Espace Diamant),45.78434848728298,6.51264488697052,45.78434848728298,6.51264488697052,45.78434848728298,6.51264488697052,https://www.remontees-mecaniques.net/bdd/reportage-tkd-de-la-tour-du-pin-montaz-mautino-9004.html,,0.09944751381215469,18,18,181,1986.0414364640865,0.0,3563.1000000000013,181,1,18,18.0
TKF de l'Écureuil,Flumet (Espace Diamant),45.82357895786282,6.543286442756653,45.82357895786282,6.543286442756653,45.82357895786282,6.543286442756653,https://www.remontees-mecaniques.net/bdd/reportage-tkf-de-l-ecureuil-poma-7082.html,1078.0,0.10497237569060773,19,18,181,994.8011049723768,0.0,1793.4000000000003,181,1,19,19.0
TKD du Gust,La Féclaz (Savoie Grand Revard),45.641106841571954,5.983011698782548,45.641106841571954,5.983011698782548,45.641106841571954,5.983011698782548,https://www.remontees-mecaniques.net/bdd/reportage-tkd-du-gust-montaz-mautino-6538.html,1365.0,0.19889502762430938,36,20,181,473.65966850828704,0.0,934.4,181,1,36,36.0
TKD du Tyrolien,La Plagne (Paradiski),45.50766648641317,6.710216403007507,45.50766648641317,6.710216403007507,45.50766648641317,6.710216403007507,https://www.remontees-mecaniques.net/bdd/reportage-tkd-du-tyrolien-poma-montagner-8982.html,,0.06077348066298342,11,11,181,9235.23038674033,0.0,16571.700000000004,181,1,11,11.0
TSD6 Eucherts,La Rosière (Espace San Bernardo),45.6259761100824,6.86439514160156,45.6259761100824,6.86439514160156,45.6259761100824,6.86439514160156,https://www.remontees-mecaniques.net/bdd/reportage-tsd6-eucherts-poma-527.html,,0.06077348066298342,11,11,181,4957.753038674036,0.0,9088.399999999996,181,1,11,11.0
TKE des Chamois 2,La Toussuire (Les Sybelles),45.247438541646304,6.221015166083817,45.247438541646304,6.221015166083817,45.247438541646304,6.221015166083817,https://www.remontees-mecaniques.net/bdd/reportage-tke-des-chamois-2-leitner-7406.html,2264.5,0.09944751381215469,18,11,181,4309.754696132599,0.0,7880.800000000002,181,1,18,18.0
TSD6B du Pré-Saint-Esprit,Les Arcs (Paradiski),45.55790199953219,6.822314501005168,45.55790199953219,6.822314501005168,45.55790199953219,6.822314501005168,https://www.remontees-mecaniques.net/bdd/reportage-tsd6b-du-pre-saint-esprit-doppelmayr-ingelo-8374.html,,0.06077348066298342,11,11,181,7061.487292817676,0.0,12948.499999999995,181,1,11,11.0
TB5x4 de la Croisette,Les Menuires (Les 3 Vallées),45.31934386744019,6.534901857376099,45.31934386744019,6.534901857376099,45.31934386744019,6.534901857376099,https://www.remontees-mecaniques.net/bdd/reportage-tb5x4-de-la-croisette-gimar-5954.html,1755.5,0.06077348066298342,11,11,181,4390.169060773477,0.0,8086.700000000001,181,1,11,11.0
TKD de la Masse,Les Menuires (Les 3 Vallées),45.3100903574844,6.51829898357391,45.3100903574844,6.51829898357391,45.3100903574844,6.51829898357391,https://www.remontees-mecaniques.net/bdd/reportage-tkd-de-la-masse-montaz-mautino-3594.html,,0.06077348066298342,11,11,181,4390.169060773477,0.0,8086.700000000001,181,1,11,11.0
TKD des Trolliers,Les Saisies (Espace Diamant),45.7621640685798,6.55912756919861,45.7621640685798,6.55912756919861,45.7621640685798,6.55912756919861,https://www.remontees-mecaniques.net/bdd/reportage-tkd-des-trolliers-montaz-mautino-3178.html,,0.06077348066298342,11,11,181,6514.234806629835,0.0,11865.099999999993,181,1,11,11.0
TSD6 de Bellasta,Les Saisies (Espace Diamant),45.781703583167186,6.610647439956665,45.781703583167186,6.610647439956665,45.781703583167186,6.610647439956665,https://www.remontees-mecaniques.net/bdd/reportage-tsd6-de-bellasta-doppelmayr-5330.html,,0.06077348066298342,11,11,181,6514.234806629835,0.0,11865.099999999993,181,1,11,11.0
TCD6 Tougnète 1,Méribel (Les 3 Vallées),45.3908670081981,6.5678608417511,45.3908670081981,6.5678608417511,45.3908670081981,6.5678608417511,https://www.remontees-mecaniques.net/bdd/reportage-tcd6-tougnete-1-poma-3378.html,1672.0,0.06077348066298342,11,11,181,3550.4657458563534,0.0,6328.499999999997,181,1,11,11.0
TKE de l'Altiport,Méribel (Les 3 Vallées),45.4049058098094,6.57828658819199,45.4049058098094,6.57828658819199,45.4049058098094,6.57828658819199,https://www.remontees-mecaniques.net/bdd/reportage-tke-de-l-altiport-autres-constructeurs-3512.html,1802.0,0.06077348066298342,11,11,181,3550.4657458563534,0.0,6328.499999999997,181,1,11,11.0
TKD du Terret,Notre-Dame-de-Bellecombe (Espace Diamant),45.810233489457445,6.520739793777467,45.810233489457445,6.520739793777467,45.810233489457445,6.520739793777467,https://www.remontees-mecaniques.net/bdd/reportage-tkd-du-terret-montaz-mautino-7178.html,1193.0,0.09944751381215469,18,18,181,2937.2419889502758,0.0,5266.0,181,1,18,18.0
TSD6 de Rosaël,Orelle (Les 3 Vallées),45.2466992580251,6.57023191452026,45.2466992580251,6.57023191452026,45.2466992580251,6.57023191452026,https://www.remontees-mecaniques.net/bdd/reportage-tsd6-de-rosael-doppelmayr-3584.html,2671.5,0.09944751381215469,18,18,181,1165.6243093922662,0.0,2248.0999999999995,181,1,18,18.0
TKD des Campanules,Pralognan-la-Vanoise,45.3877363356689,6.7327281832695,45.3877363356689,6.7327281832695,45.3877363356689,6.7327281832695,https://www.remontees-mecaniques.net/bdd/reportage-tkd-des-campanules-poma-3154.html,2024.5,0.06077348066298342,11,11,181,3082.1900552486168,0.0,5511.5999999999985,181,1,11,11.0
TSF4 de la Gentiane,Pralognan-la-Vanoise,45.38131716130732,6.735600829124451,45.38131716130732,6.735600829124451,45.38131716130732,6.735600829124451,https://www.remontees-mecaniques.net/bdd/reportage-tsf4-de-la-gentiane-gmm-8651.html,1824.0,0.06077348066298342,11,11,181,3082.1900552486168,0.0,5511.5999999999985,181,1,11,11.0
TSD6 de la Lune Bleue,Saint-François-Longchamp (Le Grand Domaine),45.41740106223562,6.364248991012573,45.41740106223562,6.364248991012573,45.41740106223562,6.364248991012573,https://www.remontees-mecaniques.net/bdd/reportage-tsd6-de-la-lune-bleue-poma-5574.html,1803.0,0.06077348066298342,11,11,181,3326.0419889502737,0.0,5978.700000000002,181,1,11,11.0
TSD4 du Grand Plan,Sainte-Foy-Tarentaise,45.577051466722,6.89393162727356,45.577051466722,6.89393162727356,45.577051466722,6.89393162727356,https://www.remontees-mecaniques.net/bdd/reportage-tsd4-du-grand-plan-doppelmayr-5034.html,1644.0,0.09944751381215469,18,18,181,858.0966850828736,0.0,1562.2000000000007,181,1,18,18.0
TKD du Grand Coin,Val Cenis (Haute Maurienne Vanoise),45.271352951228,6.84870153665543,45.271352951228,6.84870153665543,45.271352951228,6.84870153665543,https://www.remontees-mecaniques.net/bdd/reportage-tkd-du-grand-coin-montagner-1996.html,,0.06077348066298342,11,11,181,6264.916022099444,0.0,12745.899999999996,181,1,11,11.0
TKE des Sablons,Val Cenis (Haute Maurienne Vanoise),45.28455992747429,6.884521096944809,45.28455992747429,6.884521096944809,45.28455992747429,6.884521096944809,https://www.remontees-mecaniques.net/bdd/reportage-tke-des-sablons-doppelmayr-4904.html,,0.06077348066298342,11,11,181,6264.916022099444,0.0,12745.899999999996,181,1,11,11.0
TSD6 de la Colomba,Val Cenis (Haute Maurienne Vanoise),45.2888408004518,6.90790057182312,45.2888408004518,6.90790057182312,45.2888408004518,6.90790057182312,https://www.remontees-mecaniques.net/bdd/reportage-tsd6-de-la-colomba-doppelmayr-3668.html,,0.06077348066298342,11,11,181,6264.916022099444,0.0,12745.899999999996,181,1,11,11.0
TKE du Club,Val Thorens (Les 3 Vallées),45.29434309232011,6.586373448371887,45.29434309232011,6.586373448371887,45.29434309232011,6.586373448371887,https://www.remontees-mecaniques.net/bdd/reportage-tke-du-club-doppelmayr-6160.html,2367.0,0.06077348066298342,11,11,181,4467.408839779006,0.0,8440.499999999998,181,1,11,11.0
TSF4 de Thimel,Valloire (Galibier Thabor),45.150455516379,6.43688589334488,45.150455516379,6.43688589334488,45.150455516379,6.43688589334488,https://www.remontees-mecaniques.net/bdd/reportage-tsf4-de-thimel-poma-2397.html,1975.5,0.06077348066298342,11,11,181,3330.625966850829,0.0,6269.500000000004,181,1,11,11.0
TSD6 des Jeux,Valmeinier (Galibier Thabor),45.1743114323733,6.49423688650131,45.1743114323733,6.49423688650131,45.1743114323733,6.49423688650131,https://www.remontees-mecaniques.net/bdd/reportage-tsd6-des-jeux-leitner-4141.html,2095.0,0.06077348066298342,11,11,181,3402.902762430942,0.0,6310.300000000001,181,1,11,11.0
TSD4 des Inversins,Valmeinier (Galibier Thabor),45.1682302005326,6.49106651544571,45.1682302005326,6.49106651544571,45.1682302005326,6.49106651544571,https://www.remontees-mecaniques.net/bdd/reportage-tsd4-des-inversins-poma-158.html,1984.0,0.06077348066298342,11,11,181,3402.902762430942,0.0,6310.300000000001,181,1,11,11.0
Télécorde des Pélèves,Valmorel (Le Grand Domaine),45.42967520019967,6.4290189743042,45.42967520019967,6.4290189743042,45.42967520019967,6.4290189743042,https://www.remontees-mecaniques.net/bdd/reportage-telecorde-des-peleves-gmm-7046.html,2376.5,0.06077348066298342,11,11,181,7019.244198895025,0.0,12780.499999999996,181,1,11,11.0
TSD4 des Gaboureaux,Chamrousse,45.124432219328106,5.878680646419525,45.124432219328106,5.878680646419525,45.124432219328106,5.878680646419525,https://www.remontees-mecaniques.net/bdd/reportage-tsd4-des-gaboureaux-poma-8474.html,1803.5,0.09944751381215469,18,18,181,2890.91491712707,0.0,5750.699999999999,181,1,18,18.0
TSD6 de  Bérangère,Chamrousse,45.11047532988547,5.8768969774246225,45.11047532988547,5.8768969774246225,45.11047532988547,5.8768969774246225,https://www.remontees-mecaniques.net/bdd/reportage-tsd6-de-berangere-leitner-8582.html,1941.5,0.09944751381215469,18,18,181,2890.91491712707,0.0,5750.699999999999,181,1,18,18.0
TSCD8-10 des Jeux,L'Alpe d'Huez (Alpe d'Huez Grand Domaine Ski),45.0983137384472,6.070289611816406,45.0983137384472,6.070289611816406,45.0983137384472,6.070289611816406,https://www.remontees-mecaniques.net/bdd/reportage-tscd8-10-des-jeux-poma-5726.html,1865.0,0.06077348066298342,11,11,181,5176.154143646405,0.0,9890.400000000003,181,1,11,11.0
TKD des Pâtres,L'Alpe du Grand Serre,45.0022723940005,5.84865599870682,45.0022723940005,5.84865599870682,45.0022723940005,5.84865599870682,https://www.remontees-mecaniques.net/bdd/reportage-tkd-des-patres-montaz-mautino-2471.html,,0.09944751381215469,18,11,181,2032.4005524861866,0.0,4090.2999999999997,181,1,18,18.0
TSCD6-8 du Grand Cerf,Les Sept Laux,45.2643456660089,6.01583003997803,45.2643456660089,6.01583003997803,45.2643456660089,6.01583003997803,https://www.remontees-mecaniques.net/bdd/reportage-tscd6-8-du-grand-cerf-doppelmayr-165.html,1845.5,0.09944751381215469,18,11,181,4259.870165745856,0.0,8228.0,181,1,18,18.0
TKD des Écureuils,Saint-Pierre-de-Chartreuse - Le Planolet,45.3680328546136,5.83743900060654,45.3680328546136,5.83743900060654,45.3680328546136,5.83743900060654,https://www.remontees-mecaniques.net/bdd/reportage-tkd-des-ecureuils-montaz-mautino-3175.html,,0.20441988950276244,37,36,181,263.4182320441991,0.0,468.9000000000001,181,1,37,37.0
TKD du Creux de la Neige,Saint-Pierre-de-Chartreuse - Le Planolet,45.35109156816571,5.845083296298981,45.35109156816571,5.845083296298981,45.35109156816571,5.845083296298981,https://www.remontees-mecaniques.net/bdd/reportage-tkd-du-creux-de-la-neige-montaz-mautino-8700.html,,0.20441988950276244,37,36,181,263.4182320441991,0.0,468.9000000000001,181,1,37,37.0
TKD des Timelles,Saint-Pierre-de-Chartreuse - Le Planolet,45.34707176785462,5.836667865514755,45.34707176785462,5.836667865514755,45.34707176785462,5.836667865514755,https://www.remontees-mecaniques.net/bdd/reportage-tkd-des-timelles-montaz-mautino-5746.html,1342.5,0.20441988950276244,37,36,181,263.4182320441991,0.0,468.9000000000001,181,1,37,37.0
TKD des Jaux 2,Villard-de-Lans (Espace Villard-Corrençon),45.0331642724641,5.57383418083191,45.0331642724641,5.57383418083191,45.0331642724641,5.57383418083191,https://www.remontees-mecaniques.net/bdd/reportage-tkd-des-jaux-2-poma-2175.html,1674.0,0.10497237569060773,19,11,181,865.0441988950276,0.0,1604.0,181,1,19,19.0
ASC14 Ascenseur Incliné Villard Reculas,Villard-Reculas (Alpe d'Huez Grand Domaine Ski),45.09692778869133,6.0357025265693665,45.09692778869133,6.0357025265693665,45.09692778869133,6.0357025265693665,https://www.remontees-mecaniques.net/bdd/reportage-asc14-ascenseur-incline-villard-reculas-poma-9052.html,1525.0,0.10497237569060773,19,19,181,953.6712707182327,0.0,1861.5999999999997,181,1,19,19.0
TKD du Ruibon,Abriès (Haut-Guil - Queyras),44.799503560258195,6.955563426017761,44.799503560258195,6.955563426017761,44.799503560258195,6.955563426017761,https://www.remontees-mecaniques.net/bdd/reportage-tkd-du-ruibon-montaz-mautino-7484.html,2139.5,0.06077348066298342,11,11,181,665.3149171270719,0.0,1602.1000000000001,181,1,11,11.0
TKD du Petit Prince 1 & 2,Villard-Reculas (Alpe d'Huez Grand Domaine Ski),45.0949926719375,6.04732990232151,45.0949926719375,6.04732990232151,45.0949926719375,6.04732990232151,https://www.remontees-mecaniques.net/bdd/reportage-tkd-du-petit-prince-1-2-poma-3214.html,,0.10497237569060773,19,19,181,953.6712707182327,0.0,1861.5999999999997,181,1,19,19.0
TKD du Serre,Arvieux (Queyras),44.78242903097542,6.735584735870362,44.78242903097542,6.735584735870362,44.78242903097542,6.735584735870362,https://www.remontees-mecaniques.net/bdd/reportage-tkd-du-serre-montaz-mautino-7392.html,1727.5,0.10497237569060773,19,18,181,517.6928176795582,0.0,1036.0,181,1,19,19.0
TKD de Champcella,Chantemerle (Serre Chevalier Vallée),44.9280167929905,6.57338351011276,44.9280167929905,6.57338351011276,44.9280167929905,6.57338351011276,https://www.remontees-mecaniques.net/bdd/reportage-tkd-de-champcella-poma-2298.html,1006.5,0.06077348066298342,11,11,181,2346.8254143646395,0.0,4622.800000000001,181,1,11,11.0
TKD du Plateau d'Emparis,Le Chazelet,45.0563833495976,6.28032803535461,45.0563833495976,6.28032803535461,45.0563833495976,6.28032803535461,https://www.remontees-mecaniques.net/bdd/reportage-tkd-du-plateau-d-emparis-montaz-mautino-3193.html,,0.09944751381215469,18,18,181,1153.7966850828739,0.0,2201.5999999999995,181,1,18,18.0
TKD du Cros,Le Dévoluy,44.67699205763003,5.925096273422242,44.67699205763003,5.925096273422242,44.67699205763003,5.925096273422242,https://www.remontees-mecaniques.net/bdd/reportage-tkd-du-cros-poma-7351.html,1490.0,0.06077348066298342,11,11,181,2744.439779005526,0.0,5644.000000000001,181,1,11,11.0
TKE de l'Obélisque,Montgenèvre (Vialattea),44.9346381876145,6.72944247722626,44.9346381876145,6.72944247722626,44.9346381876145,6.72944247722626,https://www.remontees-mecaniques.net/bdd/reportage-tke-de-l-obelisque-axet-idm-4616.html,1872.0,0.06077348066298342,11,11,181,3311.890055248619,0.0,7186.3,181,1,11,11.0
TKD Meollion I & II,Orcières Merlette,44.70761472133168,6.316784620285034,44.70761472133168,6.316784620285034,44.70761472133168,6.316784620285034,https://www.remontees-mecaniques.net/bdd/reportage-tkd-meollion-i-ii-poma-2351.html,,0.06077348066298342,11,11,181,2970.6828729281756,0.0,5940.4000000000015,181,1,11,11.0
TSD6 de la Crête des Bans,Puy-Saint-Vincent,44.820139,6.491048,44.820139,6.491048,44.820139,6.491048,https://www.remontees-mecaniques.net/bdd/reportage-tsd6-de-la-crete-des-bans-doppelmayr-7420.html,,0.06077348066298342,11,11,181,1856.925414364639,0.0,3684.1,181,1,11,11.0
TSD6 de l'Homme de Pierre,Risoul (La Forêt Blanche),44.62145475850191,6.632746696996037,44.62145475850191,6.632746696996037,44.62145475850191,6.632746696996037,https://www.remontees-mecaniques.net/bdd/reportage-tsd6-de-l-homme-de-pierre-leitner-9097.html,2124.5,0.06077348066298342,11,11,181,2167.664088397791,0.0,4384.799999999999,181,1,11,11.0
TSF3 de Valbelle-Razis,Risoul (La Forêt Blanche),44.5906505521554,6.63387268781662,44.5906505521554,6.63387268781662,44.5906505521554,6.63387268781662,https://www.remontees-mecaniques.net/bdd/reportage-tsf3-de-valbelle-razis-poma-2725.html,,0.06077348066298342,11,11,181,2167.664088397791,0.0,4384.799999999999,181,1,11,11.0
TKF de la Vernie,Saint-Léger-les-Mélèzes (Champsaur 3Gliss),44.645270795133804,6.205985784399673,44.645270795133804,6.205985784399673,44.645270795133804,6.205985784399673,https://www.remontees-mecaniques.net/bdd/reportage-tkf-de-la-vernie-poma-8174.html,,0.10497237569060773,19,11,181,692.4845303867406,0.0,1449.5999999999997,181,1,19,19.0
TCP2X12 de la Pinatelle,Auron,44.2565132185162,6.9221618771553,44.2565132185162,6.9221618771553,44.2565132185162,6.9221618771553,https://www.remontees-mecaniques.net/bdd/reportage-tcp2x12-de-la-pinatelle-poma-2984.html,1462.5,0.06077348066298342,11,11,181,1322.8812154696138,0.0,3207.099999999999,181,1,11,11.0
TSF4 des Huskies,Gréolières-les-Neiges,43.82977087223906,6.970219016075134,43.82977087223906,6.970219016075134,43.82977087223906,6.970219016075134,https://www.remontees-mecaniques.net/bdd/reportage-tsf4-des-huskies-gmm-5304.html,,0.5027624309392266,91,90,181,38.96795580110499,0.0,80.29999999999998,181,1,91,91.0
TSF4 des Marmottes,Isola 2000,44.1822154986233,7.15087652206421,44.1822154986233,7.15087652206421,44.1822154986233,7.15087652206421,https://www.remontees-mecaniques.net/bdd/reportage-tsf4-des-marmottes-poma-3756.html,,0.06077348066298342,11,11,181,2376.4994475138114,0.0,6126.700000000001,181,1,11,11.0
TKD Col de Fours,Le Sauze,44.34438009244809,6.695823669433594,44.34438009244809,6.695823669433594,44.34438009244809,6.695823669433594,https://www.remontees-mecaniques.net/bdd/reportage-tkd-col-de-fours-poma-4255.html,,0.06077348066298342,11,11,181,1838.3944751381216,0.0,4060.0000000000005,181,1,11,11.0
TKD de la Savonnette I & II,Le Sauze,44.37242109710599,6.680674552917481,44.37242109710599,6.680674552917481,44.37242109710599,6.680674552917481,https://www.remontees-mecaniques.net/bdd/reportage-tkd-de-la-savonnette-i-ii-poma-7443.html,,0.06077348066298342,11,11,181,1838.3944751381216,0.0,4060.0000000000005,181,1,11,11.0
TKD de Sestrière,Pra Loup (La Foux-Pra Loup - Espace Lumière),44.3645597701446,6.58712446689606,44.3645597701446,6.58712446689606,44.3645597701446,6.58712446689606,https://www.remontees-mecaniques.net/bdd/reportage-tkd-de-sestriere-poma-2388.html,,0.06077348066298342,11,11,181,1434.7226519337023,0.0,3180.2000000000007,181,1,11,11.0
TSF4 de l'Observatoire,Val d'Allos - La Foux (La Foux-Pra Loup - Espace Lumière),44.2854814087824,6.55095487833023,44.2854814087824,6.55095487833023,44.2854814087824,6.55095487833023,https://www.remontees-mecaniques.net/bdd/reportage-tsf4-de-l-observatoire-poma-3899.html,,0.10497237569060773,19,11,181,555.1204419889506,0.0,1268.8999999999999,181,1,19,19.0
TKD de la Combe Sainte-Marie,Valberg,44.08030985544815,6.935878694057465,44.08030985544815,6.935878694057465,44.08030985544815,6.935878694057465,https://www.remontees-mecaniques.net/bdd/reportage-tkd-de-la-combe-sainte-marie-altim-7124.html,1818.0,0.06077348066298342,11,11,181,810.5933701657453,0.0,1789.3,181,1,11,11.0
TKD d'Andorra,Ascou Pailhères,42.72762728145771,1.9581413269042969,42.72762728145771,1.9581413269042969,42.72762728145771,1.9581413269042969,https://www.remontees-mecaniques.net/bdd/reportage-tkd-d-andorra-transcable-3034.html,1550.0,0.17679558011049723,32,21,181,328.65193370165724,0.0,632.0,181,1,32,32.0
TCD6 de Bonascre,Ax 3 Domaines,42.699315246009625,1.8122988939285278,42.699315246009625,1.8122988939285278,42.699315246009625,1.8122988939285278,https://www.remontees-mecaniques.net/bdd/reportage-tcd6-de-bonascre-poma-1056.html,1702.0,0.06077348066298342,11,11,181,2285.327624309392,0.0,4450.100000000001,181,1,11,11.0
TKE du Gypaète,Ax 3 Domaines,42.70007613083592,1.8138867616653442,42.70007613083592,1.8138867616653442,42.70007613083592,1.8138867616653442,https://www.remontees-mecaniques.net/bdd/reportage-tke-du-gypaete-axet-idm-6275.html,1387.0,0.06077348066298342,11,11,181,2285.327624309392,0.0,4450.100000000001,181,1,11,11.0
TKD de l'Étoile 1 & 2,Barèges (Grand Tourmalet),42.89437606846415,0.07850021123886108,42.89437606846415,0.07850021123886108,42.89437606846415,0.07850021123886108,https://www.remontees-mecaniques.net/bdd/reportage-tkd-de-l-etoile-1-2-poma-4696.html,,0.11049723756906077,20,12,181,1276.030939226519,0.0,2648.0,181,1,20,20.0
TSF4 du Tournaboup,Barèges (Grand Tourmalet),42.90322486675314,0.10297402739524841,42.90322486675314,0.10297402739524841,42.90322486675314,0.10297402739524841,https://www.remontees-mecaniques.net/bdd/reportage-tsf4-du-tournaboup-poma-1824.html,,0.11049723756906077,20,12,181,1276.030939226519,0.0,2648.0,181,1,20,20.0
TKD du Cortail,La Mongie (Grand Tourmalet),42.909338804556704,0.17754077911376956,42.909338804556704,0.17754077911376956,42.909338804556704,0.17754077911376956,https://www.remontees-mecaniques.net/bdd/reportage-tkd-du-cortail-poma-7987.html,,0.06629834254143646,12,11,181,2534.767955801105,0.0,5395.5,181,1,12,12.0
TKD Pierres Blanches,Le Mourtis,42.91131706010095,0.7659906148910522,42.91131706010095,0.7659906148910522,42.91131706010095,0.7659906148910522,https://www.remontees-mecaniques.net/bdd/reportage-tkd-pierres-blanches-montaz-mautino-2710.html,,0.19889502762430938,36,21,181,694.8994475138111,0.0,1373.4000000000003,181,1,36,36.0
TKD Batinore,Le Mourtis,42.8978668141465,0.768761336803436,42.8978668141465,0.768761336803436,42.8978668141465,0.768761336803436,https://www.remontees-mecaniques.net/bdd/reportage-tkd-batinore-poma-5001.html,,0.19889502762430938,36,21,181,694.8994475138111,0.0,1373.4000000000003,181,1,36,36.0
TKD Pradeilles 1 & 2,Les Monts d'Olmes,42.84247694034893,1.7445731163024902,42.84247694034893,1.7445731163024902,42.84247694034893,1.7445731163024902,https://www.remontees-mecaniques.net/bdd/reportage-tkd-pradeilles-1-2-montaz-mautino-3598.html,,0.19889502762430938,36,21,181,408.23149171270677,0.0,669.2000000000002,181,1,36,36.0
TSF3 de Hount-Estrete,Luchon - Superbagnères,42.7714277207996,0.555160939693451,42.7714277207996,0.555160939693451,42.7714277207996,0.555160939693451,https://www.remontees-mecaniques.net/bdd/reportage-tsf3-de-hount-estrete-skirail-449.html,,0.06629834254143646,12,11,181,1490.0850828729276,0.0,2979.0999999999985,181,1,12,12.0
TSD6 de Serre Doumenge,Peyragudes,42.775068156886405,0.4704514145851135,42.775068156886405,0.4704514145851135,42.775068156886405,0.4704514145851135,https://www.remontees-mecaniques.net/bdd/reportage-tsd6-de-serre-doumenge-poma-2345.html,,0.06629834254143646,12,11,181,2113.4707182320444,0.0,4444.300000000001,181,1,12,12.0
TKD Gentianes,Saint-Lary-Soulan,42.8279730487174,0.219415426254272,42.8279730487174,0.219415426254272,42.8279730487174,0.219415426254272,https://www.remontees-mecaniques.net/bdd/reportage-tkd-gentianes-poma-4654.html,,0.06629834254143646,12,11,181,4065.829281767956,0.0,8548.599999999999,181,1,12,12.0
TSF4 de la Dore,Le Mont-Dore (Le Sancy),45.5405934645197,2.81695783138275,45.5405934645197,2.81695783138275,45.5405934645197,2.81695783138275,https://www.remontees-mecaniques.net/bdd/reportage-tsf4-de-la-dore-gmm-3100.html,,0.10497237569060773,19,19,181,815.5580110497226,0.0,1665.2999999999997,181,1,19,19.0
TKD de la Bergerie,Super-Besse (Le Sancy),45.51669316176876,2.841736078262329,45.51669316176876,2.841736078262329,45.51669316176876,2.841736078262329,https://www.remontees-mecaniques.net/bdd/reportage-tkd-de-la-bergerie-poma-3103.html,,0.11049723756906077,20,19,181,673.334254143646,0.0,1377.0000000000002,181,1,20,20.0
FUN D de la Perdrix,Super-Besse (Le Sancy),45.5120874357483,2.85280287265778,45.5120874357483,2.85280287265778,45.5120874357483,2.85280287265778,https://www.remontees-mecaniques.net/bdd/reportage-fun-d-de-la-perdrix-poma-2412.html,,0.11049723756906077,20,19,181,673.334254143646,0.0,1377.0000000000002,181,1,20,20.0
TKD de Monthoisey,Lélex - Crozet (Monts Jura),46.2934078189635,5.96056312322617,46.2934078189635,5.96056312322617,46.2934078189635,5.96056312322617,https://www.remontees-mecaniques.net/bdd/reportage-tkd-de-monthoisey-montagner-2798.html,,0.11049723756906077,20,20,181,686.9038674033155,0.0,1216.7999999999997,181,1,20,20.0
TKF Baby de la Meuse,Les Fourgs,46.82967088088714,6.404301881266293,46.82967088088714,6.404301881266293,46.82967088088714,6.404301881266293,https://www.remontees-mecaniques.net/bdd/reportage-tkf-baby-de-la-meuse-poma-9016.html,1104.5,0.11049723756906077,20,20,181,439.69613259668506,0.0,730.0,181,1,20,20.0
TKD Baby Balancier,Les Rousses - Les Tuffes (Dôle-Tuffes - Jura sur Léman),46.447177679613,6.07835501432419,46.447177679613,6.07835501432419,46.447177679613,6.07835501432419,https://www.remontees-mecaniques.net/bdd/reportage-tkd-baby-balancier-montagner-4723.html,1214.5,0.11049723756906077,20,20,181,993.0779005524872,0.0,1793.7,181,1,20,20.0
TKF de la Petite Meurthe,Le Grand Valtin,48.092699831692066,6.996971368789673,48.092699831692066,6.996971368789673,48.092699831692066,6.996971368789673,https://www.remontees-mecaniques.net/bdd/reportage-tkf-de-la-petite-meurthe-poma-5486.html,895.5,0.287292817679558,52,48,181,70.36740331491721,0.0,112.19999999999996,181,1,52,52.0
TKD de la Combe,Le Grand-Ballon,47.89365783374063,7.111354172229767,47.89365783374063,7.111354172229767,47.89365783374063,7.111354172229767,https://www.remontees-mecaniques.net/bdd/reportage-tkd-de-la-combe-montaz-mautino-gmm-8314.html,,0.11049723756906077,20,20,181,211.57624309392284,0.0,343.8,181,1,20,20.0
TKD Steinlebachrunz,Le Markstein,47.932015,7.027923,47.932015,7.027923,47.932015,7.027923,https://www.remontees-mecaniques.net/bdd/reportage-tkd-steinlebachrunz-poma-2662.html,1167.0,0.11049723756906077,20,19,181,472.32596685082825,0.0,773.4000000000001,181,1,20,20.0
TKF Ecole,Noeux-les-Mines - Loisinord,50.47201664277348,2.679601907730103,50.47201664277348,2.679601907730103,50.47201664277348,2.679601907730103,https://www.remontees-mecaniques.net/bdd/reportage-tkf-ecole-gmm-7316.html,68.0,1.0,181,68,181,29.748066298342604,0.0,47.80000000000001,181,1,181,181.0
TKE 2000,Chamonix-Mont-Blanc - Brévent-Flégère (Vallée de Chamonix),45.9388663362378,6.851665377616882,45.9388663362378,6.851665377616882,45.9388663362378,6.851665377616882,https://www.remontees-mecaniques.net/bdd/reportage-tke-2000-leitner-6114.html,2054.5,0.06077348066298342,11,11,181,4290.926519337017,0.0,7791.7999999999965,181,1,11,11.0
TSF4 des Sources,Chamonix-Mont-Blanc - Brévent-Flégère (Vallée de Chamonix),45.9446670428318,6.86191141605377,45.9446670428318,6.86191141605377,45.9446670428318,6.86191141605377,https://www.remontees-mecaniques.net/bdd/reportage-tsf4-des-sources-poma-4845.html,1884.0,0.06077348066298342,11,11,181,4290.926519337017,0.0,7791.7999999999965,181,1,11,11.0
TKD du Queyset,Châtel (Les Portes du Soleil),46.228833704085865,6.798214316368103,46.228833704085865,6.798214316368103,46.228833704085865,6.798214316368103,https://www.remontees-mecaniques.net/bdd/reportage-tkd-du-queyset-poma-5635.html,1671.0,0.06077348066298342,11,11,181,4526.320441988953,0.0,8116.599999999998,181,1,11,11.0
TKD du Dandry,Cordon (Portes du Mont Blanc - Évasion Mont Blanc),45.91257649492655,6.59503698348999,45.91257649492655,6.59503698348999,45.91257649492655,6.59503698348999,https://www.remontees-mecaniques.net/bdd/reportage-tkd-du-dandry-montaz-mautino-4344.html,1177.0,0.11049723756906077,20,19,181,838.2867403314918,0.0,1543.1000000000001,181,1,20,20.0
TKD des Fieux,Cordon (Portes du Mont Blanc - Évasion Mont Blanc),45.9166949588489,6.58486068248749,45.9166949588489,6.58486068248749,45.9166949588489,6.58486068248749,https://www.remontees-mecaniques.net/bdd/reportage-tkd-des-fieux-montaz-mautino-4350.html,1273.0,0.11049723756906077,20,19,181,838.2867403314918,0.0,1543.1000000000001,181,1,20,20.0
TKE du Ballacha,Flaine (Le Grand Massif),46.005224830924014,6.69878751039505,46.005224830924014,6.69878751039505,46.005224830924014,6.69878751039505,https://www.remontees-mecaniques.net/bdd/reportage-tke-du-ballacha-gmm-5715.html,1739.0,0.06077348066298342,11,11,181,5728.5414364640865,0.0,10381.499999999996,181,1,11,11.0
TCD4 de la Joyère,Le Grand-Bornand (Les Aravis),45.9447491063525,6.43547773361206,45.9447491063525,6.43547773361206,45.9447491063525,6.43547773361206,https://www.remontees-mecaniques.net/bdd/reportage-tcd4-de-la-joyere-poma-3217.html,,0.09944751381215469,18,18,181,3713.187845303866,0.0,6741.100000000001,181,1,18,18.0
TSD6 du Maroly,Le Grand-Bornand (Les Aravis),45.9733483017403,6.4780604839325,45.9733483017403,6.4780604839325,45.9733483017403,6.4780604839325,https://www.remontees-mecaniques.net/bdd/reportage-tsd6-du-maroly-poma-4338.html,,0.09944751381215469,18,18,181,3713.187845303866,0.0,6741.100000000001,181,1,18,18.0
"TKF Baby, du Rosay & du Venay",Le Grand-Bornand (Les Aravis),45.9706023904624,6.45295232534409,45.9706023904624,6.45295232534409,45.9706023904624,6.45295232534409,https://www.remontees-mecaniques.net/bdd/reportage-tkf-baby-du-rosay-du-venay-poma-4064.html,,0.09944751381215469,18,18,181,3713.187845303866,0.0,6741.100000000001,181,1,18,18.0
TCD6 de Montjoie,Les Contamines-Montjoie (Les Contamines - Hauteluce - Évasion Mont Blanc),45.811559019409,6.72314465045929,45.811559019409,6.72314465045929,45.811559019409,6.72314465045929,https://www.remontees-mecaniques.net/bdd/reportage-tcd6-de-montjoie-poma-782.html,1167.0,0.06077348066298342,11,11,181,5286.2790055248615,0.0,9461.0,181,1,11,11.0
TKD du  Stade,Les Gets (Morzine-Les Gets - Les Portes du Soleil),46.1585228665791,6.67088449001312,46.1585228665791,6.67088449001312,46.1585228665791,6.67088449001312,https://www.remontees-mecaniques.net/bdd/reportage-tkd-du-stade-montaz-mautino-4999.html,1180.5,0.09944751381215469,18,11,181,4687.4983425414375,0.0,8348.4,181,1,18,18.0
TSF4 des Grands Champs,Megève - Rochebrune-Mont d'Arbois (Arbois-Rochebrune - Évasion Mont Blanc),45.8485732397585,6.6162371635437,45.8485732397585,6.6162371635437,45.8485732397585,6.6162371635437,https://www.remontees-mecaniques.net/bdd/reportage-tsf4-des-grands-champs-leitner-783.html,1252.5,0.06077348066298342,11,11,181,5467.188397790057,0.0,9776.099999999997,181,1,11,11.0
TKF des Combes,Mont-Saxonnex,46.05004451591333,6.4907044172287,46.05004451591333,6.4907044172287,46.05004451591333,6.4907044172287,https://www.remontees-mecaniques.net/bdd/reportage-tkf-des-combes-montaz-mautino-6659.html,1054.0,0.11049723756906077,20,19,181,642.4408839779004,0.0,1149.7,181,1,20,20.0
TKD des  Poireaux 1 & 2,Morzine - Le Pléney (Morzine-Les Gets - Les Portes du Soleil),46.1569455092805,6.71260088682175,46.1569455092805,6.71260088682175,46.1569455092805,6.71260088682175,https://www.remontees-mecaniques.net/bdd/reportage-tkd-des-poireaux-1-2-poma-4917.html,,0.09944751381215469,18,18,181,2190.2314917127087,0.0,3893.8999999999996,181,1,18,18.0
TSF4 de Ban Rouge,Praz-sur-Arly (Espace Diamant),45.8137856143727,6.58967792987823,45.8137856143727,6.58967792987823,45.8137856143727,6.58967792987823,https://www.remontees-mecaniques.net/bdd/reportage-tsf4-de-ban-rouge-poma-1618.html,1976.0,0.09944751381215469,18,18,181,1747.4265193370172,0.0,3136.1999999999994,181,1,18,18.0
TKD des Trois Coins,Praz-sur-Arly (Espace Diamant),45.793958122128444,6.594940423965454,45.793958122128444,6.594940423965454,45.793958122128444,6.594940423965454,https://www.remontees-mecaniques.net/bdd/reportage-tkd-des-trois-coins-montaz-mautino-7090.html,1952.0,0.09944751381215469,18,18,181,1747.4265193370172,0.0,3136.1999999999994,181,1,18,18.0
TKD du Mont Blanc,Saint-Gervais - Col de Voza (Les Houches - Saint-Gervais),45.8736384642591,6.77499443292618,45.8736384642591,6.77499443292618,45.8736384642591,6.77499443292618,https://www.remontees-mecaniques.net/bdd/reportage-tkd-du-mont-blanc-gmm-4946.html,,0.09944751381215469,18,11,181,2103.6685082872937,0.0,3745.7000000000003,181,1,18,18.0
TSF4 École,Saint-Gervais - Col de Voza (Les Houches - Saint-Gervais),45.88641422244798,6.750763356685638,45.88641422244798,6.750763356685638,45.88641422244798,6.750763356685638,https://www.remontees-mecaniques.net/bdd/reportage-tsf4-ecole-poma-6167.html,1833.0,0.09944751381215469,18,11,181,2103.6685082872937,0.0,3745.7000000000003,181,1,18,18.0
TKF de la Bray,Saint-Jean-d'Aulps (Roc d'Enfer - Les Portes du Soleil),46.21421228691554,6.632119864225388,46.21421228691554,6.632119864225388,46.21421228691554,6.632119864225388,https://www.remontees-mecaniques.net/bdd/reportage-tkf-de-la-bray-poma-6093.html,1574.0,0.09944751381215469,18,11,181,1759.3674033149182,0.0,3179.9000000000015,181,1,18,18.0
TCD10 de Vercland,Samoëns (Le Grand Massif),46.07207975396528,6.700587272644044,46.07207975396528,6.700587272644044,46.07207975396528,6.700587272644044,https://www.remontees-mecaniques.net/bdd/reportage-tcd10-de-vercland-doppelmayr-ingelo-9120.html,,0.09944751381215469,18,18,181,2234.605524861879,0.0,4047.3999999999987,181,1,18,18.0
TKD du Tétras,Thollon-les-Mémises,46.37815352840592,6.722667217254639,46.37815352840592,6.722667217254639,46.37815352840592,6.722667217254639,https://www.remontees-mecaniques.net/bdd/reportage-tkd-du-tetras-montaz-mautino-8325.html,,0.10497237569060773,19,19,181,609.5690607734807,0.0,981.0,181,1,19,19.0
FUNI 54  Thonon-Rives,Thonon-les-Bains,46.3756886810505,6.47905290126801,46.3756886810505,6.47905290126801,46.3756886810505,6.47905290126801,https://www.remontees-mecaniques.net/bdd/reportage-funi-54-thonon-rives-skirail-440.html,,1.0,181,181,181,10.81049723756907,0.0,14.499999999999998,181,1,181,181.0
TSF4 des Echaux,Albiez,45.2076861299463,6.33780777454376,45.2076861299463,6.33780777454376,45.2076861299463,6.33780777454376,https://www.remontees-mecaniques.net/bdd/reportage-tsf4-des-echaux-gmm-994.html,1623.0,0.09944751381215469,18,18,181,1841.8469613259665,0.0,3268.9999999999995,181,1,18,18.0
TKE Forclaz,Arêches-Beaufort,45.6465927045048,6.56039893627167,45.6465927045048,6.56039893627167,45.6465927045048,6.56039893627167,https://www.remontees-mecaniques.net/bdd/reportage-tke-forclaz-doppelmayr-2957.html,2205.0,0.09944751381215469,18,11,181,3226.280662983425,0.0,5930.900000000002,181,1,18,18.0
TKD du Plan Sec,Aussois (Haute Maurienne Vanoise),45.2531610786593,6.7300271987915,45.2531610786593,6.7300271987915,45.2531610786593,6.7300271987915,https://www.remontees-mecaniques.net/bdd/reportage-tkd-du-plan-sec-poma-1362.html,,0.09944751381215469,18,11,181,1851.2607734806618,0.0,3602.6000000000013,181,1,18,18.0
TSD6 des Tovets,Courchevel (Les 3 Vallées),45.4234895188201,6.64012491703034,45.4234895188201,6.64012491703034,45.4234895188201,6.64012491703034,https://www.remontees-mecaniques.net/bdd/reportage-tsd6-des-tovets-poma-6.html,1610.5,0.06077348066298342,11,11,181,7231.286740331488,0.0,13007.500000000005,181,1,11,11.0
TSF3 du Roc Merlet,Courchevel (Les 3 Vallées),45.372306481729574,6.6513097286224365,45.372306481729574,6.6513097286224365,45.372306481729574,6.6513097286224365,https://www.remontees-mecaniques.net/bdd/reportage-tsf3-du-roc-merlet-poma-3673.html,2470.5,0.06077348066298342,11,11,181,7231.286740331488,0.0,13007.500000000005,181,1,11,11.0
TKD du Goléron,Flumet (Espace Diamant),45.8235696121069,6.54319524765015,45.8235696121069,6.54319524765015,45.8235696121069,6.54319524765015,https://www.remontees-mecaniques.net/bdd/reportage-tkd-du-goleron-montaz-mautino-4871.html,,0.10497237569060773,19,18,181,994.8011049723768,0.0,1793.4000000000003,181,1,19,19.0
TSF4 de la Grande Rare,La Giettaz (Portes du Mont Blanc - Évasion Mont Blanc),45.87858330375052,6.52612030506134,45.87858330375052,6.52612030506134,45.87858330375052,6.52612030506134,https://www.remontees-mecaniques.net/bdd/reportage-tsf4-de-la-grande-rare-altim-5405.html,1325.5,0.09944751381215469,18,18,181,1431.367955801105,0.0,2579.0000000000014,181,1,18,18.0
TSD6 de la Lovatière,La Plagne (Paradiski),45.4888,6.6753,45.4888,6.6753,45.4888,6.6753,https://www.remontees-mecaniques.net/bdd/reportage-tsd6-de-la-lovatiere-poma-ingelo-8594.html,,0.06077348066298342,11,11,181,9235.23038674033,0.0,16571.700000000004,181,1,11,11.0
TKD de Bellecombe 2,La Rosière (Espace San Bernardo),45.6719849639233,6.89395576715469,45.6719849639233,6.89395576715469,45.6719849639233,6.89395576715469,https://www.remontees-mecaniques.net/bdd/reportage-tkd-de-bellecombe-2-montagner-5152.html,,0.06077348066298342,11,11,181,4957.753038674036,0.0,9088.399999999996,181,1,11,11.0
TSD6 du Chardonnet,La Rosière (Espace San Bernardo),45.66152201097505,6.879329681396485,45.66152201097505,6.879329681396485,45.66152201097505,6.879329681396485,https://www.remontees-mecaniques.net/bdd/reportage-tsd6-du-chardonnet-poma-9200.html,2310.0,0.06077348066298342,11,11,181,4957.753038674036,0.0,9088.399999999996,181,1,11,11.0
TKE du Plan de la Combe,La Toussuire (Les Sybelles),45.246686039053,6.22418403625488,45.246686039053,6.22418403625488,45.246686039053,6.22418403625488,https://www.remontees-mecaniques.net/bdd/reportage-tke-du-plan-de-la-combe-leitner-2774.html,2253.0,0.09944751381215469,18,11,181,4309.754696132599,0.0,7880.800000000002,181,1,18,18.0
TCD8 des Villards,Les Arcs (Paradiski),45.570729869012645,6.78605854511261,45.570729869012645,6.78605854511261,45.570729869012645,6.78605854511261,https://www.remontees-mecaniques.net/bdd/reportage-tcd8-des-villards-leitner-ingelo-5779.html,,0.06077348066298342,11,11,181,7061.487292817676,0.0,12948.499999999995,181,1,11,11.0
TSD6 de Vinouve,Les Karellis,45.2272489349753,6.404669880867,45.2272489349753,6.404669880867,45.2272489349753,6.404669880867,https://www.remontees-mecaniques.net/bdd/reportage-tsd6-de-vinouve-doppelmayr-2873.html,1865.0,0.09944751381215469,18,11,181,2675.2359116022108,0.0,4993.400000000002,181,1,18,18.0
TPHP 3x12  Télépreyerand,Les Menuires (Les 3 Vallées),45.327049571424,6.53508692979813,45.327049571424,6.53508692979813,45.327049571424,6.53508692979813,https://www.remontees-mecaniques.net/bdd/reportage-tphp-3x12-telepreyerand-poma-2815.html,,0.06077348066298342,11,11,181,4390.169060773477,0.0,8086.700000000001,181,1,11,11.0
TSD6 du Bijolin,Montchavin - La Plagne (Paradiski),45.5411814724075,6.72489076852798,45.5411814724075,6.72489076852798,45.5411814724075,6.72489076852798,https://www.remontees-mecaniques.net/bdd/reportage-tsd6-du-bijolin-poma-2490.html,2058.0,0.06077348066298342,11,11,181,3327.0646408839802,0.0,6077.799999999999,181,1,11,11.0
TSF4 des Bauches,Montchavin - La Plagne (Paradiski),45.5223508943731,6.73814356327057,45.5223508943731,6.73814356327057,45.5223508943731,6.73814356327057,https://www.remontees-mecaniques.net/bdd/reportage-tsf4-des-bauches-poma-ingelo-5085.html,1936.0,0.06077348066298342,11,11,181,3327.0646408839802,0.0,6077.799999999999,181,1,11,11.0
TSF4 du Soleil Rouge,Saint-François-Longchamp (Le Grand Domaine),45.41176008803479,6.377080678939819,45.41176008803479,6.377080678939819,45.41176008803479,6.377080678939819,https://www.remontees-mecaniques.net/bdd/reportage-tsf4-du-soleil-rouge-poma-5009.html,2044.5,0.06077348066298342,11,11,181,3326.0419889502737,0.0,5978.700000000002,181,1,11,11.0
TKF Bobby,Saint-Sorlin-d'Arves (Les Sybelles),45.218834390571,6.2287974357605,45.218834390571,6.2287974357605,45.218834390571,6.2287974357605,https://www.remontees-mecaniques.net/bdd/reportage-tkf-bobby-leitner-2376.html,1516.5,0.09944751381215469,18,18,181,3232.9226519337017,0.0,6152.399999999999,181,1,18,18.0
TKE de la Grande Paréi,Tignes (Espace Tignes-Val d'Isère),45.50630138513064,6.920528411210399,45.50630138513064,6.920528411210399,45.50630138513064,6.920528411210399,https://www.remontees-mecaniques.net/bdd/reportage-tke-de-la-grande-parei-gmm-8509.html,1568.0,0.06077348066298342,11,11,181,7473.4497237569085,0.0,14787.700000000006,181,1,11,11.0
TSF4 des Sources,Val Cenis (Haute Maurienne Vanoise),45.2751657844497,6.86570674180984,45.2751657844497,6.86570674180984,45.2751657844497,6.86570674180984,https://www.remontees-mecaniques.net/bdd/reportage-tsf4-des-sources-ccm-finotello-2313.html,,0.06077348066298342,11,11,181,6264.916022099444,0.0,12745.899999999996,181,1,11,11.0
TSD4 Manchet Express,Val d'Isère (Espace Tignes-Val d'Isère),45.4228456871086,6.97285294532776,45.4228456871086,6.97285294532776,45.4228456871086,6.97285294532776,https://www.remontees-mecaniques.net/bdd/reportage-tsd4-manchet-express-poma-778.html,1940.0,0.06077348066298342,11,11,181,8097.030386740336,0.0,16810.9,181,1,11,11.0
TSF4 du Grand Pré,Val d'Isère (Espace Tignes-Val d'Isère),45.422894633636915,6.945639252662659,45.422894633636915,6.945639252662659,45.422894633636915,6.945639252662659,https://www.remontees-mecaniques.net/bdd/reportage-tsf4-du-grand-pre-montaval-6297.html,2382.0,0.06077348066298342,11,11,181,8097.030386740336,0.0,16810.9,181,1,11,11.0
TKD du Plateau I-II,Val Thorens (Les 3 Vallées),45.2802711822013,6.57275855541229,45.2802711822013,6.57275855541229,45.2802711822013,6.57275855541229,https://www.remontees-mecaniques.net/bdd/reportage-tkd-du-plateau-i-ii-poma-gmm-3540.html,,0.06077348066298342,11,11,181,4467.408839779006,0.0,8440.499999999998,181,1,11,11.0
TSD6 de la Moutière,Val Thorens (Les 3 Vallées),45.2949940483277,6.5622952580452,45.2949940483277,6.5622952580452,45.2949940483277,6.5622952580452,https://www.remontees-mecaniques.net/bdd/reportage-tsd6-de-la-moutiere-poma-2144.html,2077.0,0.06077348066298342,11,11,181,4467.408839779006,0.0,8440.499999999998,181,1,11,11.0
TCD8 du Crêt de la Brive,Valloire (Galibier Thabor),45.1648281337226,6.43084019422531,45.1648281337226,6.43084019422531,45.1648281337226,6.43084019422531,https://www.remontees-mecaniques.net/bdd/reportage-tcd8-du-cret-de-la-brive-poma-71.html,1577.5,0.06077348066298342,11,11,181,3330.625966850829,0.0,6269.500000000004,181,1,11,11.0
TSD6 de la Sandonière,Valmeinier (Galibier Thabor),45.16921090031765,6.515684738806412,45.16921090031765,6.515684738806412,45.16921090031765,6.515684738806412,https://www.remontees-mecaniques.net/bdd/reportage-tsd6-de-la-sandoniere-leitner-7188.html,2509.5,0.06077348066298342,11,11,181,3402.902762430942,0.0,6310.300000000001,181,1,11,11.0
TKD de la Valette,Valmorel (Le Grand Domaine),45.4455278545639,6.40448480844498,45.4455278545639,6.40448480844498,45.4455278545639,6.40448480844498,https://www.remontees-mecaniques.net/bdd/reportage-tkd-de-la-valette-montaz-mautino-825.html,1914.5,0.06077348066298342,11,11,181,7019.244198895025,0.0,12780.499999999996,181,1,11,11.0
TKE de Malatrai,Valmorel (Le Grand Domaine),45.4422458944857,6.43977463245392,45.4422458944857,6.43977463245392,45.4422458944857,6.43977463245392,https://www.remontees-mecaniques.net/bdd/reportage-tke-de-malatrai-doppelmayr-4961.html,1844.5,0.06077348066298342,11,11,181,7019.244198895025,0.0,12780.499999999996,181,1,11,11.0
TSD6 de la Biollène,Valmorel (Le Grand Domaine),45.456586127328045,6.419084072113037,45.456586127328045,6.419084072113037,45.456586127328045,6.419084072113037,https://www.remontees-mecaniques.net/bdd/reportage-tsd6-de-la-biollene-poma-8259.html,1872.5,0.06077348066298342,11,11,181,7019.244198895025,0.0,12780.499999999996,181,1,11,11.0
TSCD6-10 des Sures,Auris-en-Oisans (Alpe d'Huez Grand Domaine Ski),45.056515981303946,6.075857877731324,45.056515981303946,6.075857877731324,45.056515981303946,6.075857877731324,https://www.remontees-mecaniques.net/bdd/reportage-tscd6-10-des-sures-poma-8281.html,1735.5,0.10497237569060773,19,18,181,1778.7165745856344,0.0,3581.6000000000017,181,1,19,19.0
TSD6 de Fontfroide,Auris-en-Oisans (Alpe d'Huez Grand Domaine Ski),45.0791214016144,6.0852375626564,45.0791214016144,6.0852375626564,45.0791214016144,6.0852375626564,https://www.remontees-mecaniques.net/bdd/reportage-tsd6-de-fontfroide-poma-4531.html,1923.5,0.10497237569060773,19,18,181,1778.7165745856344,0.0,3581.6000000000017,181,1,19,19.0
TKE de l'Aiguille,Chamrousse,45.12592158538493,5.879984200000763,45.12592158538493,5.879984200000763,45.12592158538493,5.879984200000763,https://www.remontees-mecaniques.net/bdd/reportage-tke-de-l-aiguille-poma-5998.html,1727.0,0.09944751381215469,18,18,181,2890.91491712707,0.0,5750.699999999999,181,1,18,18.0
TSF4 des Lacs Robert,Chamrousse,45.1304310805489,5.91586410999298,45.1304310805489,5.91586410999298,45.1304310805489,5.91586410999298,https://www.remontees-mecaniques.net/bdd/reportage-tsf4-des-lacs-robert-poma-3189.html,,0.09944751381215469,18,18,181,2890.91491712707,0.0,5750.699999999999,181,1,18,18.0
TSCD6B-6 des Marmottes 1,L'Alpe d'Huez (Alpe d'Huez Grand Domaine Ski),45.09011872729907,6.077370642306051,45.09011872729907,6.077370642306051,45.09011872729907,6.077370642306051,https://www.remontees-mecaniques.net/bdd/reportage-tscd6b-6-des-marmottes-1-poma-7935.html,,0.06077348066298342,11,11,181,5176.154143646405,0.0,9890.400000000003,181,1,11,11.0
TSF4 du Grand Paul,Le Collet d'Allevard,45.3956926510849,6.11768424510956,45.3956926510849,6.11768424510956,45.3956926510849,6.11768424510956,https://www.remontees-mecaniques.net/bdd/reportage-tsf4-du-grand-paul-poma-3534.html,1692.0,0.10497237569060773,19,19,181,1341.3447513812162,0.0,2554.6999999999994,181,1,19,19.0
TKD des Lutins,Les Deux Alpes,45.010749269117525,6.126725971698761,45.010749269117525,6.126725971698761,45.010749269117525,6.126725971698761,https://www.remontees-mecaniques.net/bdd/reportage-tkd-des-lutins-montaz-mautino-9115.html,,0.06077348066298342,11,11,181,6892.693922651938,0.0,13556.1,181,1,11,11.0
TSD6 de Bellecombe,Les Deux Alpes,45.002456324991,6.15844845767697,45.002456324991,6.15844845767697,45.002456324991,6.15844845767697,https://www.remontees-mecaniques.net/bdd/reportage-tsd6-de-bellecombe-doppelmayr-766.html,2338.0,0.06077348066298342,11,11,181,6892.693922651938,0.0,13556.1,181,1,11,11.0
FUNI 40  de Saint-Hilaire-du-Touvet,Saint-Hilaire-du-Touvet,45.2999278471329,5.89819371700287,45.2999278471329,5.89819371700287,45.2999278471329,5.89819371700287,https://www.remontees-mecaniques.net/bdd/reportage-funi-40-de-saint-hilaire-du-touvet-von-roll-302.html,,0.34806629834254144,63,52,181,56.893922651933686,0.0,106.6,181,1,63,63.0
TCD8 de l'Enversin,Vaujany (Alpe d'Huez Grand Domaine Ski),45.15254099066564,6.076221317052841,45.15254099066564,6.076221317052841,45.15254099066564,6.076221317052841,https://www.remontees-mecaniques.net/bdd/reportage-tcd8-de-l-enversin-bartholet-6418.html,,0.10497237569060773,19,19,181,1069.3552486187832,0.0,2021.1,181,1,19,19.0
TKD du Refuge 3,Villard-de-Lans (Espace Villard-Corrençon),45.0380468980756,5.570076406002045,45.0380468980756,5.570076406002045,45.0380468980756,5.570076406002045,https://www.remontees-mecaniques.net/bdd/reportage-tkd-du-refuge-3-poma-5460.html,,0.10497237569060773,19,11,181,865.0441988950276,0.0,1604.0,181,1,19,19.0
TKD de la Pignée,Aiguilles (Queyras),44.7773113990781,6.863217651844025,44.7773113990781,6.863217651844025,44.7773113990781,6.863217651844025,https://www.remontees-mecaniques.net/bdd/reportage-tkd-de-la-pignee-poma-7522.html,1460.0,0.19889502762430938,36,20,181,130.9580110497237,0.0,253.70000000000005,181,1,36,36.0
TKD de Praloupet,Ceillac (Le Cristillan - Queyras),44.63603613164891,6.797031462192535,44.63603613164891,6.797031462192535,44.63603613164891,6.797031462192535,https://www.remontees-mecaniques.net/bdd/reportage-tkd-de-praloupet-montaz-mautino-1041.html,,0.09944751381215469,18,11,181,714.6392265193368,0.0,1448.0,181,1,18,18.0
TKD du Serre-Lacroix,Le Dévoluy,44.6649406714629,5.89602649211884,44.6649406714629,5.89602649211884,44.6649406714629,5.89602649211884,https://www.remontees-mecaniques.net/bdd/reportage-tkd-du-serre-lacroix-montagner-2409.html,1983.5,0.06077348066298342,11,11,181,2744.439779005526,0.0,5644.000000000001,181,1,11,11.0
TSF4 de Champ Lacas,Les Orres,44.49937888886126,6.55832827091217,44.49937888886126,6.55832827091217,44.49937888886126,6.55832827091217,https://www.remontees-mecaniques.net/bdd/reportage-tsf4-de-champ-lacas-poma-3016.html,1713.5,0.06077348066298342,11,11,181,2027.2464088397799,0.0,4301.200000000001,181,1,11,11.0
TKD des Amoureux,Molines-en-Queyras (Beauregard - Queyras),44.720057462023,6.84980392456055,44.720057462023,6.84980392456055,44.720057462023,6.84980392456055,https://www.remontees-mecaniques.net/bdd/reportage-tkd-des-amoureux-montaz-mautino-3075.html,1907.5,0.06077348066298342,11,11,181,924.7966850828732,0.0,1883.1000000000004,181,1,11,11.0
TSF4 des Lauzes,Puy-Saint-Vincent,44.810088373361,6.47322446107864,44.810088373361,6.47322446107864,44.810088373361,6.47322446107864,https://www.remontees-mecaniques.net/bdd/reportage-tsf4-des-lauzes-gmm-1798.html,2171.5,0.06077348066298342,11,11,181,1856.925414364639,0.0,3684.1,181,1,11,11.0
TKD Combals,Risoul (La Forêt Blanche),44.622838447796,6.60772919654846,44.622838447796,6.60772919654846,44.622838447796,6.60772919654846,https://www.remontees-mecaniques.net/bdd/reportage-tkd-combals-poma-2422.html,,0.06077348066298342,11,11,181,2167.664088397791,0.0,4384.799999999999,181,1,11,11.0
TKD du Clot,Villeneuve (Serre Chevalier Vallée),44.9220232695365,6.52819901704788,44.9220232695365,6.52819901704788,44.9220232695365,6.52819901704788,https://www.remontees-mecaniques.net/bdd/reportage-tkd-du-clot-poma-1532.html,2326.0,0.06077348066298342,11,11,181,3559.918232044199,0.0,7048.199999999999,181,1,11,11.0
TSD6 de Clot Gauthier,Villeneuve (Serre Chevalier Vallée),44.919864,6.540683,44.919864,6.540683,44.919864,6.540683,https://www.remontees-mecaniques.net/bdd/reportage-tsd6-de-clot-gauthier-poma-117.html,2294.0,0.06077348066298342,11,11,181,3559.918232044199,0.0,7048.199999999999,181,1,11,11.0
TSD6 de Haute Plane,Auron,44.226338841060894,6.9029428437467,44.226338841060894,6.9029428437467,44.226338841060894,6.9029428437467,https://www.remontees-mecaniques.net/bdd/reportage-tsd6-de-haute-plane-poma-6429.html,2154.0,0.06077348066298342,11,11,181,1322.8812154696138,0.0,3207.099999999999,181,1,11,11.0
TKD du Front de Neige I & II,Isola 2000,44.185383933311925,7.15649989899248,44.185383933311925,7.15649989899248,44.185383933311925,7.15649989899248,https://www.remontees-mecaniques.net/bdd/reportage-tkd-du-front-de-neige-i-ii-poma-7444.html,,0.06077348066298342,11,11,181,2376.4994475138114,0.0,6126.700000000001,181,1,11,11.0
TKD Grand Quartier,Le Sauze,44.344385847005555,6.6951048374176025,44.344385847005555,6.6951048374176025,44.344385847005555,6.6951048374176025,https://www.remontees-mecaniques.net/bdd/reportage-tkd-grand-quartier-poma-4256.html,,0.06077348066298342,11,11,181,1838.3944751381216,0.0,4060.0000000000005,181,1,11,11.0
TKD de la Rente,Le Sauze,44.3543039462309,6.698645353317261,44.3543039462309,6.698645353317261,44.3543039462309,6.698645353317261,https://www.remontees-mecaniques.net/bdd/reportage-tkd-de-la-rente-poma-4942.html,1831.0,0.06077348066298342,11,11,181,1838.3944751381216,0.0,4060.0000000000005,181,1,11,11.0
TKD de la Combe,Montclar,44.39847864074897,6.369034051895142,44.39847864074897,6.369034051895142,44.39847864074897,6.369034051895142,https://www.remontees-mecaniques.net/bdd/reportage-tkd-de-la-combe-poma-7356.html,1845.5,0.06077348066298342,11,11,181,857.4176795580115,0.0,1795.0000000000007,181,1,11,11.0
TSF3 de la Brêche,Montclar,44.396910992368,6.377654671669006,44.396910992368,6.377654671669006,44.396910992368,6.377654671669006,https://www.remontees-mecaniques.net/bdd/reportage-tsf3-de-la-breche-poma-5609.html,1925.0,0.06077348066298342,11,11,181,857.4176795580115,0.0,1795.0000000000007,181,1,11,11.0
TSF3 des Lacs,Montclar,44.399492415444094,6.409291326999664,44.399492415444094,6.409291326999664,44.399492415444094,6.409291326999664,https://www.remontees-mecaniques.net/bdd/reportage-tsf3-des-lacs-poma-5641.html,2134.0,0.06077348066298342,11,11,181,857.4176795580115,0.0,1795.0000000000007,181,1,11,11.0
TKD du Stade,Pra Loup (La Foux-Pra Loup - Espace Lumière),44.36892006082609,6.600264608860016,44.36892006082609,6.600264608860016,44.36892006082609,6.600264608860016,https://www.remontees-mecaniques.net/bdd/reportage-tkd-du-stade-poma-6690.html,1712.0,0.06077348066298342,11,11,181,1434.7226519337023,0.0,3180.2000000000007,181,1,11,11.0
TKD du Lac II,Pra Loup (La Foux-Pra Loup - Espace Lumière),44.35802004400213,6.576429326087237,44.35802004400213,6.576429326087237,44.35802004400213,6.576429326087237,https://www.remontees-mecaniques.net/bdd/reportage-tkd-du-lac-ii-poma-7416.html,,0.06077348066298342,11,11,181,1434.7226519337023,0.0,3180.2000000000007,181,1,11,11.0
TKD Campana (ex Caoubère),Barèges (Grand Tourmalet),42.9063713021888,0.1226024329662323,42.9063713021888,0.1226024329662323,42.9063713021888,0.1226024329662323,https://www.remontees-mecaniques.net/bdd/reportage-tkd-campana-ex-caoubere-poma-3301.html,,0.11049723756906077,20,12,181,1276.030939226519,0.0,2648.0,181,1,20,20.0
TKD de Liaison,Cambre d'Aze,42.47100877194263,2.1001535654067993,42.47100877194263,2.1001535654067993,42.47100877194263,2.1001535654067993,https://www.remontees-mecaniques.net/bdd/reportage-tkd-de-liaison-poma-851.html,,0.06629834254143646,12,12,181,645.9911602209953,0.0,1538.1000000000001,181,1,12,12.0
TSD6 du Belvédère,Font-Romeu - Pyrénées 2000,42.52147841388542,2.0598292350769043,42.52147841388542,2.0598292350769043,42.52147841388542,2.0598292350769043,https://www.remontees-mecaniques.net/bdd/reportage-tsd6-du-belvedere-poma-693.html,1889.0,0.06629834254143646,12,12,181,1664.8530386740333,0.0,3780.600000000001,181,1,12,12.0
TKD du Nan 2,Goulier Neige,42.73863052717011,1.514739990234375,42.73863052717011,1.514739990234375,42.73863052717011,1.514739990234375,https://www.remontees-mecaniques.net/bdd/reportage-tkd-du-nan-2-poma-3814.html,,0.19889502762430938,36,32,181,444.7657458563531,0.0,880.1999999999996,181,1,36,36.0
TKD des Gimbres,Le Mourtis,42.90385357727454,0.7770681381225587,42.90385357727454,0.7770681381225587,42.90385357727454,0.7770681381225587,https://www.remontees-mecaniques.net/bdd/reportage-tkd-des-gimbres-montaz-mautino-6818.html,,0.19889502762430938,36,21,181,694.8994475138111,0.0,1373.4000000000003,181,1,36,36.0
TKE Sources,Le Mourtis,42.91066878076999,0.7745790481567383,42.91066878076999,0.7745790481567383,42.91066878076999,0.7745790481567383,https://www.remontees-mecaniques.net/bdd/reportage-tke-sources-lst-4973.html,,0.19889502762430938,36,21,181,694.8994475138111,0.0,1373.4000000000003,181,1,36,36.0
TKD Pène Nère,Peyragudes,42.770100650856854,0.4630458354949951,42.770100650856854,0.4630458354949951,42.770100650856854,0.4630458354949951,https://www.remontees-mecaniques.net/bdd/reportage-tkd-pene-nere-poma-1792.html,2079.0,0.06629834254143646,12,11,181,2113.4707182320444,0.0,4444.300000000001,181,1,12,12.0
TSF4 Lita,Saint-Lary-Soulan,42.8232556984557,0.256129503250122,42.8232556984557,0.256129503250122,42.8232556984557,0.256129503250122,https://www.remontees-mecaniques.net/bdd/reportage-tsf4-lita-poma-3509.html,,0.06629834254143646,12,11,181,4065.829281767956,0.0,8548.599999999999,181,1,12,12.0
TKD des Cimes,Val Louron,42.7766845285358,0.384521484375,42.7766845285358,0.384521484375,42.7766845285358,0.384521484375,https://www.remontees-mecaniques.net/bdd/reportage-tkd-des-cimes-poma-2750.html,,0.10497237569060773,19,12,181,1108.774585635359,0.0,2325.199999999998,181,1,19,19.0
FUNI 38  du Capucin,Le Mont-Dore (Le Sancy),45.5712950304119,2.80927866697311,45.5712950304119,2.80927866697311,45.5712950304119,2.80927866697311,https://www.remontees-mecaniques.net/bdd/reportage-funi-38-du-capucin-autres-constructeurs-4760.html,,0.10497237569060773,19,19,181,815.5580110497226,0.0,1665.2999999999997,181,1,19,19.0
TKD de la Dore 1,Le Mont-Dore (Le Sancy),45.5385795378711,2.81775444746017,45.5385795378711,2.81775444746017,45.5385795378711,2.81775444746017,https://www.remontees-mecaniques.net/bdd/reportage-tkd-de-la-dore-1-montaz-mautino-2280.html,1447.5,0.10497237569060773,19,19,181,815.5580110497226,0.0,1665.2999999999997,181,1,19,19.0
TKD de la Source,Lélex - Crozet (Monts Jura),46.2908891071471,5.98489880545458,46.2908891071471,5.98489880545458,46.2908891071471,5.98489880545458,https://www.remontees-mecaniques.net/bdd/reportage-tkd-de-la-source-montagner-2823.html,,0.11049723756906077,20,20,181,686.9038674033155,0.0,1216.7999999999997,181,1,20,20.0
TKD de la Serra,Les Rousses - La Serra (Jura sur Léman),46.411935884539,5.99679172039032,46.411935884539,5.99679172039032,46.411935884539,5.99679172039032,https://www.remontees-mecaniques.net/bdd/reportage-tkd-de-la-serra-bourgeat-4294.html,1321.5,0.20441988950276244,37,21,181,220.6839779005523,0.0,398.6000000000001,181,1,37,37.0
TKE du Tremplin des Tuffes,Les Rousses - Les Tuffes (Dôle-Tuffes - Jura sur Léman),46.450670483737,6.06874734163284,46.450670483737,6.06874734163284,46.450670483737,6.06874734163284,https://www.remontees-mecaniques.net/bdd/reportage-tke-du-tremplin-des-tuffes-montagner-4804.html,1227.5,0.11049723756906077,20,20,181,993.0779005524872,0.0,1793.7,181,1,20,20.0
TSF4 du Balancier,Les Rousses - Les Tuffes (Dôle-Tuffes - Jura sur Léman),46.4474872361137,6.07822224497795,46.4474872361137,6.07822224497795,46.4474872361137,6.07822224497795,https://www.remontees-mecaniques.net/bdd/reportage-tsf4-du-balancier-gmm-3637.html,1312.5,0.11049723756906077,20,20,181,993.0779005524872,0.0,1793.7,181,1,20,20.0
TKD de la Berche,Métabief,46.76762513220056,6.356736123561859,46.76762513220056,6.356736123561859,46.76762513220056,6.356736123561859,https://www.remontees-mecaniques.net/bdd/reportage-tkd-de-la-berche-montagner-8494.html,1072.5,0.11049723756906077,20,19,181,686.7143646408847,0.0,1200.0999999999997,181,1,20,20.0
TKD des Bruyères,Le Ballon d'Alsace,47.801308220375965,6.849149465560913,47.801308220375965,6.849149465560913,47.801308220375965,6.849149465560913,https://www.remontees-mecaniques.net/bdd/reportage-tkd-des-bruyeres-gmm-5678.html,1095.0,0.11049723756906077,20,20,181,496.006629834255,0.0,814.2999999999998,181,1,20,20.0
TKD du Rocher,Le Champ du Feu,48.4116045038788,7.25928336381912,48.4116045038788,7.25928336381912,48.4116045038788,7.25928336381912,https://www.remontees-mecaniques.net/bdd/reportage-tkd-du-rocher-poma-397.html,,0.11049723756906077,20,20,181,181.1558011049723,0.0,278.8,181,1,20,20.0
TCD8 Le Nuage de Beauval,ZooParc de Beauval,47.250288172196484,1.3486898802620353,47.250288172196484,1.3486898802620353,47.250288172196484,1.3486898802620353,https://www.remontees-mecaniques.net/bdd/reportage-tcd8-le-nuage-de-beauval-poma-6939.html,115.0,1.0,181,181,181,5.1801104972375835,0.0,7.2,181,1,181,181.0
TSD6 du Proclou,Avoriaz (Morzine-Avoriaz - Les Portes du Soleil),46.19531874734932,6.752015948295593,46.19531874734932,6.752015948295593,46.19531874734932,6.752015948295593,https://www.remontees-mecaniques.net/bdd/reportage-tsd6-du-proclou-poma-5410.html,1754.5,0.06077348066298342,11,10,181,6126.023756906075,0.0,10831.700000000004,181,1,11,11.0
TSF3 des Evettes,Chamonix-Mont-Blanc - Brévent-Flégère (Vallée de Chamonix),45.955449894598644,6.882899701595306,45.955449894598644,6.882899701595306,45.955449894598644,6.882899701595306,https://www.remontees-mecaniques.net/bdd/reportage-tsf3-des-evettes-montaz-mautino-6035.html,1909.0,0.06077348066298342,11,11,181,4290.926519337017,0.0,7791.7999999999965,181,1,11,11.0
TSD6 de la Herse,Chamonix-Mont-Blanc - Grands Montets (Vallée de Chamonix),45.968005486929,6.94456100463867,45.968005486929,6.94456100463867,45.968005486929,6.94456100463867,https://www.remontees-mecaniques.net/bdd/reportage-tsd6-de-la-herse-poma-275.html,2272.0,0.09944751381215469,18,18,181,2119.0270718232064,0.0,3877.9999999999995,181,1,18,18.0
TKD des Garettes,Combloux (Portes du Mont Blanc - Évasion Mont Blanc),45.8916622246675,6.62324845790863,45.8916622246675,6.62324845790863,45.8916622246675,6.62324845790863,https://www.remontees-mecaniques.net/bdd/reportage-tkd-des-garettes-poma-2808.html,,0.09944751381215469,18,18,181,1324.823756906077,0.0,2363.8999999999996,181,1,18,18.0
TKD des Prés 1 & 2,La Chapelle-d'Abondance - Crêt-Béni (Les Portes du Soleil),46.2846817367502,6.77798241376877,46.2846817367502,6.77798241376877,46.2846817367502,6.77798241376877,https://www.remontees-mecaniques.net/bdd/reportage-tkd-des-pres-1-2-montagner-4693.html,1300.0,0.10497237569060773,19,19,181,811.160220994476,0.0,1442.2000000000003,181,1,19,19.0
TKE de la Ceutire,La Clusaz (La Clusaz-Manigod - Les Aravis),45.88932859582378,6.403645277023315,45.88932859582378,6.403645277023315,45.88932859582378,6.403645277023315,https://www.remontees-mecaniques.net/bdd/reportage-tke-de-la-ceutire-gmm-8648.html,1568.0,0.09944751381215469,18,11,181,5542.509392265194,0.0,9935.999999999996,181,1,18,18.0
TKE du Champ Bleu,La Clusaz (La Clusaz-Manigod - Les Aravis),45.90164324981644,6.423139572798393,45.90164324981644,6.423139572798393,45.90164324981644,6.423139572798393,https://www.remontees-mecaniques.net/bdd/reportage-tke-du-champ-bleu-gmm-8211.html,,0.09944751381215469,18,11,181,5542.509392265194,0.0,9935.999999999996,181,1,18,18.0
TSD6 du Crêt du Loup,La Clusaz (La Clusaz-Manigod - Les Aravis),45.8974454677618,6.44314616918564,45.8974454677618,6.44314616918564,45.8974454677618,6.44314616918564,https://www.remontees-mecaniques.net/bdd/reportage-tsd6-du-cret-du-loup-doppelmayr-4856.html,,0.09944751381215469,18,11,181,5542.509392265194,0.0,9935.999999999996,181,1,18,18.0
TSF4 de l'Aiguille,La Clusaz (La Clusaz-Manigod - Les Aravis),45.8897318538955,6.45596981048584,45.8897318538955,6.45596981048584,45.8897318538955,6.45596981048584,https://www.remontees-mecaniques.net/bdd/reportage-tsf4-de-l-aiguille-poma-304.html,,0.09944751381215469,18,11,181,5542.509392265194,0.0,9935.999999999996,181,1,18,18.0
TKD des Arces,Le Grand-Bornand (Les Aravis),45.9473247201136,6.45278334617615,45.9473247201136,6.45278334617615,45.9473247201136,6.45278334617615,https://www.remontees-mecaniques.net/bdd/reportage-tkd-des-arces-poma-2591.html,,0.09944751381215469,18,18,181,3713.187845303866,0.0,6741.100000000001,181,1,18,18.0
TKF de Fréchet,Le Reposoir,46.00945191395913,6.535424888134003,46.00945191395913,6.535424888134003,46.00945191395913,6.535424888134003,https://www.remontees-mecaniques.net/bdd/reportage-tkf-de-frechet-duport-5786.html,1018.5,0.11049723756906077,20,20,181,652.3558011049727,0.0,1221.1000000000001,181,1,20,20.0
TSD6 Grains d'Or Express,Les Gets (Morzine-Les Gets - Les Portes du Soleil),46.1363521117632,6.68314754962921,46.1363521117632,6.68314754962921,46.1363521117632,6.68314754962921,https://www.remontees-mecaniques.net/bdd/reportage-tsd6-grains-d-or-express-poma-807.html,1512.5,0.09944751381215469,18,11,181,4687.4983425414375,0.0,8348.4,181,1,18,18.0
TCD12 de la Caboche,Megève - Rochebrune-Mont d'Arbois (Arbois-Rochebrune - Évasion Mont Blanc),45.832469,6.614344,45.832469,6.614344,45.832469,6.614344,https://www.remontees-mecaniques.net/bdd/reportage-tcd12-de-la-caboche-poma-200.html,1524.0,0.06077348066298342,11,11,181,5467.188397790057,0.0,9776.099999999997,181,1,11,11.0
TSF4 de la Côte 2000,Megève - Rochebrune-Mont d'Arbois (Arbois-Rochebrune - Évasion Mont Blanc),45.8119422767738,6.64524793624878,45.8119422767738,6.64524793624878,45.8119422767738,6.64524793624878,https://www.remontees-mecaniques.net/bdd/reportage-tsf4-de-la-cote-2000-poma-765.html,1839.0,0.06077348066298342,11,11,181,5467.188397790057,0.0,9776.099999999997,181,1,11,11.0
TSD6 du Sairon,Morillon (Le Grand Massif),46.065408,6.671989,46.065408,6.671989,46.065408,6.671989,https://www.remontees-mecaniques.net/bdd/reportage-tsd6-du-sairon-poma-9005.html,,0.10497237569060773,19,18,181,1326.6381215469628,0.0,2416.7,181,1,19,19.0
TSF4 de la Crusaz,Morzine - Le Pléney (Morzine-Les Gets - Les Portes du Soleil),46.175176182610414,6.692862510681152,46.175176182610414,6.692862510681152,46.175176182610414,6.692862510681152,https://www.remontees-mecaniques.net/bdd/reportage-tsf4-de-la-crusaz-poma-9153.html,,0.09944751381215469,18,18,181,2190.2314917127087,0.0,3893.8999999999996,181,1,18,18.0
TSD4 des Mélèzes,Saint-Gervais - Col de Voza (Les Houches - Saint-Gervais),45.8909640131969,6.7367756366729745,45.8909640131969,6.7367756366729745,45.8909640131969,6.7367756366729745,https://www.remontees-mecaniques.net/bdd/reportage-tsd4-des-melezes-poma-8878.html,,0.09944751381215469,18,11,181,2103.6685082872937,0.0,3745.7000000000003,181,1,18,18.0
TKD de l'Évasion,Saint-Gervais - Le Bettex (Arbois-Rochebrune - Évasion Mont Blanc),45.844320799824374,6.679754555225372,45.844320799824374,6.679754555225372,45.844320799824374,6.679754555225372,https://www.remontees-mecaniques.net/bdd/reportage-tkd-de-l-evasion-poma-867.html,1930.0,0.06077348066298342,11,11,181,4448.155801104968,0.0,7904.0,181,1,11,11.0
TKE du Col,Saint-Gervais - Le Bettex (Arbois-Rochebrune - Évasion Mont Blanc),45.85209503724736,6.6709864106815076,45.85209503724736,6.6709864106815076,45.85209503724736,6.6709864106815076,https://www.remontees-mecaniques.net/bdd/reportage-tke-du-col-gmm-7840.html,1803.5,0.06077348066298342,11,11,181,4448.155801104968,0.0,7904.0,181,1,11,11.0
TCD6 de la Grande Terche,Saint-Jean-d'Aulps (Roc d'Enfer - Les Portes du Soleil),46.2262062557644,6.64146602153778,46.2262062557644,6.64146602153778,46.2262062557644,6.64146602153778,https://www.remontees-mecaniques.net/bdd/reportage-tcd6-de-la-grande-terche-poma-1368.html,945.0,0.09944751381215469,18,11,181,1759.3674033149182,0.0,3179.9000000000015,181,1,18,18.0
TKD de la Platière,Sommand (Praz-de-Lys - Sommand),46.15600446127796,6.550240069627762,46.15600446127796,6.550240069627762,46.15600446127796,6.550240069627762,https://www.remontees-mecaniques.net/bdd/reportage-tkd-de-la-platiere-montagner-1870.html,1420.0,0.09944751381215469,18,18,181,1735.853038674035,0.0,3081.4000000000005,181,1,18,18.0
TCD10 du Bois,Arêches-Beaufort,45.67089117439174,6.541731834149687,45.67089117439174,6.541731834149687,45.67089117439174,6.541731834149687,https://www.remontees-mecaniques.net/bdd/reportage-tcd10-du-bois-poma-8487.html,1464.0,0.09944751381215469,18,11,181,3226.280662983425,0.0,5930.900000000002,181,1,18,18.0
TKE des Pauses,Arêches-Beaufort,45.671895000611,6.53940260410309,45.671895000611,6.53940260410309,45.671895000611,6.53940260410309,https://www.remontees-mecaniques.net/bdd/reportage-tke-des-pauses-poma-2814.html,1227.0,0.09944751381215469,18,11,181,3226.280662983425,0.0,5930.900000000002,181,1,18,18.0
TSF4 des Combettes,Arêches-Beaufort,45.6610739834825,6.53776913881302,45.6610739834825,6.53776913881302,45.6610739834825,6.53776913881302,https://www.remontees-mecaniques.net/bdd/reportage-tsf4-des-combettes-poma-2844.html,1921.5,0.09944751381215469,18,11,181,3226.280662983425,0.0,5930.900000000002,181,1,18,18.0
TKE de la Mulinière,Aussois (Haute Maurienne Vanoise),45.2316963906673,6.73938274383545,45.2316963906673,6.73938274383545,45.2316963906673,6.73938274383545,https://www.remontees-mecaniques.net/bdd/reportage-tke-de-la-muliniere-poma-7323.html,,0.09944751381215469,18,11,181,1851.2607734806618,0.0,3602.6000000000013,181,1,18,18.0
TSF4 Les Bonnets Rouges,Arêches-Beaufort,45.668270108526,6.56880229711533,45.668270108526,6.56880229711533,45.668270108526,6.56880229711533,https://www.remontees-mecaniques.net/bdd/reportage-tsf4-les-bonnets-rouges-poma-2958.html,1851.0,0.09944751381215469,18,11,181,3226.280662983425,0.0,5930.900000000002,181,1,18,18.0
TKE du Pré du Vas,Bonneval-sur-Arc (Haute Maurienne Vanoise),45.373020605741836,7.051734030246735,45.373020605741836,7.051734030246735,45.373020605741836,7.051734030246735,https://www.remontees-mecaniques.net/bdd/reportage-tke-du-pre-du-vas-poma-6520.html,,0.06077348066298342,11,11,181,1778.7591160221004,0.0,4542.500000000002,181,1,11,11.0
TKD du Grand Bois,Crest-Voland (Espace Diamant),45.787935928963,6.52379751205444,45.787935928963,6.52379751205444,45.787935928963,6.52379751205444,https://www.remontees-mecaniques.net/bdd/reportage-tkd-du-grand-bois-montaz-mautino-2757.html,,0.09944751381215469,18,18,181,1986.0414364640865,0.0,3563.1000000000013,181,1,18,18.0
TKD des Seigneurs,Flumet (Espace Diamant),45.8211508777254,6.53329789638519,45.8211508777254,6.53329789638519,45.8211508777254,6.53329789638519,https://www.remontees-mecaniques.net/bdd/reportage-tkd-des-seigneurs-montaz-mautino-2548.html,,0.10497237569060773,19,18,181,994.8011049723768,0.0,1793.4000000000003,181,1,19,19.0
TKE de Saint-Joseph,La Norma (Haute Maurienne Vanoise),45.197102708515914,6.715800762176514,45.197102708515914,6.715800762176514,45.197102708515914,6.715800762176514,https://www.remontees-mecaniques.net/bdd/reportage-tke-de-saint-joseph-doppelmayr-6181.html,1816.0,0.06077348066298342,11,11,181,2079.036464088396,0.0,4343.199999999998,181,1,11,11.0
TSD8 de l'Arpette,La Plagne (Paradiski),45.5125535700325,6.69911205768585,45.5125535700325,6.69911205768585,45.5125535700325,6.69911205768585,https://www.remontees-mecaniques.net/bdd/reportage-tsd8-de-l-arpette-leitner-1045.html,1937.0,0.06077348066298342,11,11,181,9235.23038674033,0.0,16571.700000000004,181,1,11,11.0
TSD6 du Plan du Repos,La Rosière (Espace San Bernardo),45.631092988837025,6.868531107902527,45.631092988837025,6.868531107902527,45.631092988837025,6.868531107902527,https://www.remontees-mecaniques.net/bdd/reportage-tsd6-du-plan-du-repos-poma-5401.html,,0.06077348066298342,11,11,181,4957.753038674036,0.0,9088.399999999996,181,1,11,11.0
TKD du Gros Murger,La Tania (Les 3 Vallées),45.431325981093,6.59734904766083,45.431325981093,6.59734904766083,45.431325981093,6.59734904766083,https://www.remontees-mecaniques.net/bdd/reportage-tkd-du-gros-murger-poma-4844.html,1522.5,0.09944751381215469,18,18,181,1060.2331491712714,0.0,1887.9999999999995,181,1,18,18.0
TSF3 des Envers,Le Corbier (Les Sybelles),45.2445879603398,6.25833123922348,45.2445879603398,6.25833123922348,45.2445879603398,6.25833123922348,https://www.remontees-mecaniques.net/bdd/reportage-tsf3-des-envers-montaz-mautino-2246.html,1723.0,0.09944751381215469,18,18,181,2107.645856353591,0.0,3837.6000000000004,181,1,18,18.0
TKD des Frasses,Le Granier (Les Entremonts en Chartreuse),45.45995339044956,5.90591311454773,45.45995339044956,5.90591311454773,45.45995339044956,5.90591311454773,https://www.remontees-mecaniques.net/bdd/reportage-tkd-des-frasses-montagner-7165.html,1293.0,0.20441988950276244,37,37,181,238.7911602209948,0.0,444.79999999999995,181,1,37,37.0
TSF4 Jorets,Les Saisies (Espace Diamant),45.757442801137,6.57262712717056,45.757442801137,6.57262712717056,45.757442801137,6.57262712717056,https://www.remontees-mecaniques.net/bdd/reportage-tsf4-jorets-poma-552.html,,0.06077348066298342,11,11,181,6514.234806629835,0.0,11865.099999999993,181,1,11,11.0
TSD4 du Roc de Balme,Margériaz (Les Aillons - Margériaz),45.6425367502972,6.0606175661087,45.6425367502972,6.0606175661087,45.6425367502972,6.0606175661087,https://www.remontees-mecaniques.net/bdd/reportage-tsd4-du-roc-de-balme-leitner-179.html,,0.11049723756906077,20,19,181,947.3193370165741,0.0,1868.8,181,1,20,20.0
TKE des Écureuils,Montchavin - La Plagne (Paradiski),45.54104433373756,6.718064546585083,45.54104433373756,6.718064546585083,45.54104433373756,6.718064546585083,https://www.remontees-mecaniques.net/bdd/reportage-tke-des-ecureuils-doppelmayr-ingelo-6512.html,1861.5,0.06077348066298342,11,11,181,3327.0646408839802,0.0,6077.799999999999,181,1,11,11.0
TKD de la Boulangère,Notre-Dame-de-Bellecombe (Espace Diamant),45.7887345615665,6.54732316732407,45.7887345615665,6.54732316732407,45.7887345615665,6.54732316732407,https://www.remontees-mecaniques.net/bdd/reportage-tkd-de-la-boulangere-montaz-mautino-2225.html,,0.09944751381215469,18,18,181,2937.2419889502758,0.0,5266.0,181,1,18,18.0
TCD10 d'Orelle,Orelle (Les 3 Vallées),45.20765436007975,6.546145677566529,45.20765436007975,6.546145677566529,45.20765436007975,6.546145677566529,https://www.remontees-mecaniques.net/bdd/reportage-tcd10-d-orelle-doppelmayr-8285.html,,0.09944751381215469,18,18,181,1165.6243093922662,0.0,2248.0999999999995,181,1,18,18.0
TCD10 de Vallandry,Peisey-Vallandry (Paradiski),45.5565229,6.7627579,45.5565229,6.7627579,45.5565229,6.7627579,https://www.remontees-mecaniques.net/bdd/reportage-tcd10-de-vallandry-poma-ingelo-8482.html,,0.06077348066298342,11,11,181,2844.5640883977894,0.0,5059.3,181,1,11,11.0
TSF3 des Trois Lacs,Saint-Sorlin-d'Arves (Les Sybelles),45.2043109882914,6.20179831981659,45.2043109882914,6.20179831981659,45.2043109882914,6.20179831981659,https://www.remontees-mecaniques.net/bdd/reportage-tsf3-des-trois-lacs-montaz-mautino-2074.html,2315.5,0.09944751381215469,18,18,181,3232.9226519337017,0.0,6152.399999999999,181,1,18,18.0
TSD6 de la Marquise,Sainte-Foy-Tarentaise,45.5889285880378,6.9090324640274,45.5889285880378,6.9090324640274,45.5889285880378,6.9090324640274,https://www.remontees-mecaniques.net/bdd/reportage-tsd6-de-la-marquise-doppelmayr-3219.html,2137.5,0.09944751381215469,18,18,181,858.0966850828736,0.0,1562.2000000000007,181,1,18,18.0
TKE du Lavachet,Tignes (Espace Tignes-Val d'Isère),45.4708042139598,6.91114068031311,45.4708042139598,6.91114068031311,45.4708042139598,6.91114068031311,https://www.remontees-mecaniques.net/bdd/reportage-tke-du-lavachet-poma-2368.html,,0.06077348066298342,11,11,181,7473.4497237569085,0.0,14787.700000000006,181,1,11,11.0
TSD4 des Lanches,Tignes (Espace Tignes-Val d'Isère),45.4523470967958,6.89761430025101,45.4523470967958,6.89761430025101,45.4523470967958,6.89761430025101,https://www.remontees-mecaniques.net/bdd/reportage-tsd4-des-lanches-doppelmayr-28.html,,0.06077348066298342,11,11,181,7473.4497237569085,0.0,14787.700000000006,181,1,11,11.0
TKE de la Madeleine,Val Cenis (Haute Maurienne Vanoise),45.2840626572353,6.87877714633942,45.2840626572353,6.87877714633942,45.2840626572353,6.87877714633942,https://www.remontees-mecaniques.net/bdd/reportage-tke-de-la-madeleine-doppelmayr-3754.html,,0.06077348066298342,11,11,181,6264.916022099444,0.0,12745.899999999996,181,1,11,11.0
TKE du Pont Noir,Val Cenis (Haute Maurienne Vanoise),45.288622,6.909662,45.288622,6.909662,45.288622,6.909662,https://www.remontees-mecaniques.net/bdd/reportage-tke-du-pont-noir-doppelmayr-3766.html,,0.06077348066298342,11,11,181,6264.916022099444,0.0,12745.899999999996,181,1,11,11.0
TKD du Pays Désert,Val d'Isère (Espace Tignes-Val d'Isère),45.4170696988221,7.038921117782593,45.4170696988221,7.038921117782593,45.4170696988221,7.038921117782593,https://www.remontees-mecaniques.net/bdd/reportage-tkd-du-pays-desert-montaz-mautino-6194.html,2676.0,0.06077348066298342,11,11,181,8097.030386740336,0.0,16810.9,181,1,11,11.0
TSD4 des Pyramides,Val d'Isère (Espace Tignes-Val d'Isère),45.4422741231673,7.0174366235733,45.4422741231673,7.0174366235733,45.4422741231673,7.0174366235733,https://www.remontees-mecaniques.net/bdd/reportage-tsd4-des-pyramides-poma-602.html,,0.06077348066298342,11,11,181,8097.030386740336,0.0,16810.9,181,1,11,11.0
TKE des Chalets,Valfréjus (Haute Maurienne Vanoise),45.15575046182237,6.664938783724211,45.15575046182237,6.664938783724211,45.15575046182237,6.664938783724211,https://www.remontees-mecaniques.net/bdd/reportage-tke-des-chalets-doppelmayr-7164.html,,0.06077348066298342,11,11,181,1654.5425414364643,0.0,3326.899999999999,181,1,11,11.0
TSF4 du Roi,Valmeinier (Galibier Thabor),45.1870617578194,6.48038864135742,45.1870617578194,6.48038864135742,45.1870617578194,6.48038864135742,https://www.remontees-mecaniques.net/bdd/reportage-tsf4-du-roi-poma-324.html,1824.0,0.06077348066298342,11,11,181,3402.902762430942,0.0,6310.300000000001,181,1,11,11.0
TKE du Stade II,Valmorel (Le Grand Domaine),45.45598970953831,6.433962285518646,45.45598970953831,6.433962285518646,45.45598970953831,6.433962285518646,https://www.remontees-mecaniques.net/bdd/reportage-tke-du-stade-ii-axet-idm-6103.html,1604.0,0.06077348066298342,11,11,181,7019.244198895025,0.0,12780.499999999996,181,1,11,11.0
TSF4 du Droset,Villaroger (Paradiski),45.583781580814,6.84270143508911,45.583781580814,6.84270143508911,45.583781580814,6.84270143508911,https://www.remontees-mecaniques.net/bdd/reportage-tsf4-du-droset-poma-3877.html,2230.5,0.09944751381215469,18,18,181,568.9121546961331,0.0,1046.0000000000002,181,1,18,18.0
TSF4 du Lièvre Blanc,L'Alpe d'Huez (Alpe d'Huez Grand Domaine Ski),45.1046182492079,6.08525097370148,45.1046182492079,6.08525097370148,45.1046182492079,6.08525097370148,https://www.remontees-mecaniques.net/bdd/reportage-tsf4-du-lievre-blanc-gmm-589.html,,0.06077348066298342,11,11,181,5176.154143646405,0.0,9890.400000000003,181,1,11,11.0
TSF4 du Serriou,L'Alpe du Grand Serre,45.0193253762127,5.85546880960464,45.0193253762127,5.85546880960464,45.0193253762127,5.85546880960464,https://www.remontees-mecaniques.net/bdd/reportage-tsf4-du-serriou-poma-316.html,,0.09944751381215469,18,11,181,2032.4005524861866,0.0,4090.2999999999997,181,1,18,18.0
TSF4 de la Blache,L'Alpe du Grand Serre,45.02221,5.862188,45.02221,5.862188,45.02221,5.862188,https://www.remontees-mecaniques.net/bdd/reportage-tsf4-de-la-blache-poma-161.html,,0.09944751381215469,18,11,181,2032.4005524861866,0.0,4090.2999999999997,181,1,18,18.0
TKD du Grand Sommard,Le Sappey-en-Chartreuse,45.25429588125725,5.779489874839783,45.25429588125725,5.779489874839783,45.25429588125725,5.779489874839783,https://www.remontees-mecaniques.net/bdd/reportage-tkd-du-grand-sommard-montaz-mautino-3099.html,,0.20441988950276244,37,36,181,213.45193370165748,0.0,355.1999999999999,181,1,37,37.0
TSCD6-10 de Belle Étoile,Les Deux Alpes,45.015121511986784,6.126729726529447,45.015121511986784,6.126729726529447,45.015121511986784,6.126729726529447,https://www.remontees-mecaniques.net/bdd/reportage-tscd6-10-de-belle-etoile-doppelmayr-8725.html,1926.0,0.06077348066298342,11,11,181,6892.693922651938,0.0,13556.1,181,1,11,11.0
TSF2 du Mont-de-Lans,Les Deux Alpes,45.02361010438682,6.124507784843445,45.02361010438682,6.124507784843445,45.02361010438682,6.124507784843445,https://www.remontees-mecaniques.net/bdd/reportage-tsf2-du-mont-de-lans-montaz-mautino-6038.html,1450.0,0.06077348066298342,11,11,181,6892.693922651938,0.0,13556.1,181,1,11,11.0
TSF4 de Thuit Crêtes,Les Deux Alpes,45.01124229260044,6.151675879955292,45.01124229260044,6.151675879955292,45.01124229260044,6.151675879955292,https://www.remontees-mecaniques.net/bdd/reportage-tsf4-de-thuit-cretes-poma-4166.html,,0.06077348066298342,11,11,181,6892.693922651938,0.0,13556.1,181,1,11,11.0
TKE des Marcassins,Les Sept Laux,45.264800697467656,6.01675271987915,45.264800697467656,6.01675271987915,45.264800697467656,6.01675271987915,https://www.remontees-mecaniques.net/bdd/reportage-tke-des-marcassins-doppelmayr-7709.html,1585.0,0.09944751381215469,18,11,181,4259.870165745856,0.0,8228.0,181,1,18,18.0
TKE2 du Soleil,Les Sept Laux,45.27187996049205,6.0429224791273,45.27187996049205,6.0429224791273,45.27187996049205,6.0429224791273,https://www.remontees-mecaniques.net/bdd/reportage-tke2-du-soleil-doppelmayr-7715.html,1889.0,0.09944751381215469,18,11,181,4259.870165745856,0.0,8228.0,181,1,18,18.0
TKD du Chatelard I,Méaudre,45.126502560076496,5.520071983337402,45.126502560076496,5.520071983337402,45.126502560076496,5.520071983337402,https://www.remontees-mecaniques.net/bdd/reportage-tkd-du-chatelard-i-poma-6924.html,1020.5,0.20441988950276244,37,36,181,354.89502762430965,0.0,612.6000000000003,181,1,37,37.0
TSD6 du Grand Serre,Chantemerle (Serre Chevalier Vallée),44.913857,6.561801,44.913857,6.561801,44.913857,6.561801,https://www.remontees-mecaniques.net/bdd/reportage-tsd6-du-grand-serre-poma-181.html,2345.0,0.06077348066298342,11,11,181,2346.8254143646395,0.0,4622.800000000001,181,1,11,11.0
TKD de Pravesqua,Crévoux,44.54293935947023,6.6028690338134775,44.54293935947023,6.6028690338134775,44.54293935947023,6.6028690338134775,https://www.remontees-mecaniques.net/bdd/reportage-tkd-de-pravesqua-poma-8429.html,,0.06077348066298342,11,11,181,778.8674033149173,0.0,1562.5000000000007,181,1,11,11.0
TKD du Querelay,Montgenèvre (Vialattea),44.910535834617,6.72280669212341,44.910535834617,6.72280669212341,44.910535834617,6.72280669212341,https://www.remontees-mecaniques.net/bdd/reportage-tkd-du-querelay-montaz-mautino-3040.html,2242.5,0.06077348066298342,11,11,181,3311.890055248619,0.0,7186.3,181,1,11,11.0
TSF4 de l'Observatoire,Montgenèvre (Vialattea),44.9108435636986,6.72365963459015,44.9108435636986,6.72365963459015,44.9108435636986,6.72365963459015,https://www.remontees-mecaniques.net/bdd/reportage-tsf4-de-l-observatoire-poma-2238.html,2239.0,0.06077348066298342,11,11,181,3311.890055248619,0.0,7186.3,181,1,11,11.0
TSF4 de la Crête,Montgenèvre (Vialattea),44.9048121533192,6.729565858840943,44.9048121533192,6.729565858840943,44.9048121533192,6.729565858840943,https://www.remontees-mecaniques.net/bdd/reportage-tsf4-de-la-crete-ccm-finotello-6937.html,,0.06077348066298342,11,11,181,3311.890055248619,0.0,7186.3,181,1,11,11.0
TSF4 du Prarial,Montgenèvre (Vialattea),44.929773331398785,6.723466515541077,44.929773331398785,6.723466515541077,44.929773331398785,6.723466515541077,https://www.remontees-mecaniques.net/bdd/reportage-tsf4-du-prarial-poma-5521.html,1948.0,0.06077348066298342,11,11,181,3311.890055248619,0.0,7186.3,181,1,11,11.0
TSF4 Clos des Aurans,Réallon,44.5765445887667,6.36094719171524,44.5765445887667,6.36094719171524,44.5765445887667,6.36094719171524,https://www.remontees-mecaniques.net/bdd/reportage-tsf4-clos-des-aurans-poma-4181.html,1637.5,0.06077348066298342,11,11,181,775.4436464088398,0.0,1538.4,181,1,11,11.0
TKD de la Combette,Ristolas (Queyras),44.77289403065214,6.958165168762207,44.77289403065214,6.958165168762207,44.77289403065214,6.958165168762207,https://www.remontees-mecaniques.net/bdd/reportage-tkd-de-la-combette-montaz-mautino-2967.html,,0.20994475138121546,38,20,181,139.66795580110502,0.0,365.50000000000006,181,1,38,38.0
TKD Crévoux I et II,Vars (La Forêt Blanche),44.5650570864024,6.66759878396988,44.5650570864024,6.66759878396988,44.5650570864024,6.66759878396988,https://www.remontees-mecaniques.net/bdd/reportage-tkd-crevoux-i-et-ii-poma-2795.html,,0.06077348066298342,11,11,181,2011.5569060773473,0.0,4120.099999999999,181,1,11,11.0
TSD6 de la Mayt,Vars (La Forêt Blanche),44.57268560543559,6.678584575784043,44.57268560543559,6.678584575784043,44.57268560543559,6.678584575784043,https://www.remontees-mecaniques.net/bdd/reportage-tsd6-de-la-mayt-leitner-8747.html,2166.0,0.06077348066298342,11,11,181,2011.5569060773473,0.0,4120.099999999999,181,1,11,11.0
TCD10 du Pontillas,Villeneuve (Serre Chevalier Vallée),44.94751839883195,6.554033517968493,44.94751839883195,6.554033517968493,44.94751839883195,6.554033517968493,https://www.remontees-mecaniques.net/bdd/reportage-tcd10-du-pontillas-poma-ingelo-8657.html,1821.0,0.06077348066298342,11,11,181,3559.918232044199,0.0,7048.199999999999,181,1,11,11.0
TKE de Mickey,Villeneuve (Serre Chevalier Vallée),44.94296369292699,6.563413739204407,44.94296369292699,6.563413739204407,44.94296369292699,6.563413739204407,https://www.remontees-mecaniques.net/bdd/reportage-tke-de-mickey-poma-4112.html,1424.5,0.06077348066298342,11,11,181,3559.918232044199,0.0,7048.199999999999,181,1,11,11.0
TSD6 du Dôme,Auron,44.2141366935195,6.91250056028366,44.2141366935195,6.91250056028366,44.2141366935195,6.91250056028366,https://www.remontees-mecaniques.net/bdd/reportage-tsd6-du-dome-poma-520.html,,0.06077348066298342,11,11,181,1322.8812154696138,0.0,3207.099999999999,181,1,11,11.0
TSD4 Rousset Express,Col de Rousset,44.83912002774002,5.406253784894943,44.83912002774002,5.406253784894943,44.83912002774002,5.406253784894943,https://www.remontees-mecaniques.net/bdd/reportage-tsd4-rousset-express-poma-6209.html,1375.5,0.287292817679558,52,43,181,83.25966850828735,0.0,155.6,181,1,52,52.0
TKF des Graves,Montclar,44.41093209556333,6.353635489940643,44.41093209556333,6.353635489940643,44.41093209556333,6.353635489940643,https://www.remontees-mecaniques.net/bdd/reportage-tkf-des-graves-poma-7358.html,1340.5,0.06077348066298342,11,11,181,857.4176795580115,0.0,1795.0000000000007,181,1,11,11.0
TSF3 de Ragès,Valberg,44.087866306685385,6.940746903419495,44.087866306685385,6.940746903419495,44.087866306685385,6.940746903419495,https://www.remontees-mecaniques.net/bdd/reportage-tsf3-de-rages-poma-5269.html,,0.06077348066298342,11,11,181,810.5933701657453,0.0,1789.3,181,1,11,11.0
TKD de  Toue,Barèges (Grand Tourmalet),42.906461675108154,0.13159722089767456,42.906461675108154,0.13159722089767456,42.906461675108154,0.13159722089767456,https://www.remontees-mecaniques.net/bdd/reportage-tkd-de-toue-poma-3289.html,,0.11049723756906077,20,12,181,1276.030939226519,0.0,2648.0,181,1,20,20.0
TKD Sud I & II,Font-Romeu - Pyrénées 2000,42.521316311771,2.03548550605774,42.521316311771,2.03548550605774,42.521316311771,2.03548550605774,https://www.remontees-mecaniques.net/bdd/reportage-tkd-sud-i-ii-poma-690.html,2030.5,0.06629834254143646,12,12,181,1664.8530386740333,0.0,3780.600000000001,181,1,12,12.0
TSD4 du  Roc de la Calme,Font-Romeu - Pyrénées 2000,42.5303261790749,2.02039003372192,42.5303261790749,2.02039003372192,42.5303261790749,2.02039003372192,https://www.remontees-mecaniques.net/bdd/reportage-tsd4-du-roc-de-la-calme-doppelmayr-835.html,2130.5,0.06629834254143646,12,12,181,1664.8530386740333,0.0,3780.600000000001,181,1,12,12.0
TSF4 du Sud,La Mongie (Grand Tourmalet),42.909110918012495,0.1715487241744995,42.909110918012495,0.1715487241744995,42.909110918012495,0.1715487241744995,https://www.remontees-mecaniques.net/bdd/reportage-tsf4-du-sud-poma-1830.html,,0.06629834254143646,12,11,181,2534.767955801105,0.0,5395.5,181,1,12,12.0
TKD Barbioules,Peyragudes,42.78763576235565,0.47614574432373047,42.78763576235565,0.47614574432373047,42.78763576235565,0.47614574432373047,https://www.remontees-mecaniques.net/bdd/reportage-tkd-barbioules-poma-2568.html,,0.06629834254143646,12,11,181,2113.4707182320444,0.0,4444.300000000001,181,1,12,12.0
TCD8 Vignec - Saint Lary 1700,Saint-Lary-Soulan,42.81513710084973,0.28801322442004734,42.81513710084973,0.28801322442004734,42.81513710084973,0.28801322442004734,https://www.remontees-mecaniques.net/bdd/reportage-tcd8-vignec-saint-lary-1700-poma-3157.html,,0.06629834254143646,12,11,181,4065.829281767956,0.0,8548.599999999999,181,1,12,12.0
TKD des Bruyères,Val Louron,42.789236059064,0.380372107028961,42.789236059064,0.380372107028961,42.789236059064,0.380372107028961,https://www.remontees-mecaniques.net/bdd/reportage-tkd-des-bruyeres-poma-2367.html,,0.10497237569060773,19,12,181,1108.774585635359,0.0,2325.199999999998,181,1,19,19.0
TKD de la Côte Feuillée,Chaux-Neuve (Val de Mouthe),46.67266724177552,6.137931346456754,46.67266724177552,6.137931346456754,46.67266724177552,6.137931346456754,https://www.remontees-mecaniques.net/bdd/reportage-tkd-de-la-cote-feuillee-montaz-mautino-8195.html,1079.5,0.20441988950276244,37,20,181,188.91712707182327,0.0,338.99999999999983,181,1,37,37.0
TKD de la Côte à la Françoise,Bellefontaine,46.5570436262313,6.07001602649689,46.5570436262313,6.07001602649689,46.5570436262313,6.07001602649689,https://www.remontees-mecaniques.net/bdd/reportage-tkd-de-la-cote-a-la-francoise-montagner-4838.html,,0.11602209944751381,21,20,181,261.26961325966835,0.0,456.3999999999999,181,1,21,21.0
TKD de Jougne 2,Jougne - Champ aux Dames,46.76519415151595,6.385642290115357,46.76519415151595,6.385642290115357,46.76519415151595,6.385642290115357,https://www.remontees-mecaniques.net/bdd/reportage-tkd-de-jougne-2-montaz-mautino-8201.html,1045.0,-1.0,0,0,0,0.0,0.0,0.0,0,0,0,0.0
TKD de la Babette,Lélex - Crozet (Monts Jura),46.301893486795,5.95308512449265,46.301893486795,5.95308512449265,46.301893486795,5.95308512449265,https://www.remontees-mecaniques.net/bdd/reportage-tkd-de-la-babette-montaz-mautino-2793.html,,0.11049723756906077,20,20,181,686.9038674033155,0.0,1216.7999999999997,181,1,20,20.0
TKD des Tuffes,Les Rousses - Les Tuffes (Dôle-Tuffes - Jura sur Léman),46.4531827617511,6.06593102216721,46.4531827617511,6.06593102216721,46.4531827617511,6.06593102216721,https://www.remontees-mecaniques.net/bdd/reportage-tkd-des-tuffes-montagner-4562.html,1283.5,0.11049723756906077,20,20,181,993.0779005524872,0.0,1793.7,181,1,20,20.0
TKD de Bellevue I-II,Métabief,46.74550526189876,6.349019408226013,46.74550526189876,6.349019408226013,46.74550526189876,6.349019408226013,https://www.remontees-mecaniques.net/bdd/reportage-tkd-de-bellevue-i-ii-montagner-poma-7885.html,1337.0,0.11049723756906077,20,19,181,686.7143646408847,0.0,1200.0999999999997,181,1,20,20.0
TSD4 du Valmijoux,Mijoux - La Faucille (Monts Jura),46.3669794029829,5.99800407886505,46.3669794029829,5.99800407886505,46.3669794029829,5.99800407886505,https://www.remontees-mecaniques.net/bdd/reportage-tsd4-du-valmijoux-leitner-411.html,,0.11049723756906077,20,20,181,551.8839779005536,0.0,998.6,181,1,20,20.0
TKD du Grand Ballon,Le Grand-Ballon,47.897037,7.112923,47.897037,7.112923,47.897037,7.112923,https://www.remontees-mecaniques.net/bdd/reportage-tkd-du-grand-ballon-poma-3114.html,1195.0,0.11049723756906077,20,20,181,211.57624309392284,0.0,343.8,181,1,20,20.0
TCD6 de l'Essert,Abondance (Les Portes du Soleil),46.275694701313874,6.72115445137024,46.275694701313874,6.72115445137024,46.275694701313874,6.72115445137024,https://www.remontees-mecaniques.net/bdd/reportage-tcd6-de-l-essert-poma-7537.html,1166.0,0.10497237569060773,19,19,181,929.0972375690612,0.0,1695.4000000000003,181,1,19,19.0
TKD du Petit Frémoux,Abondance (Les Portes du Soleil),46.265133,6.704983,46.265133,6.704983,46.265133,6.704983,https://www.remontees-mecaniques.net/bdd/reportage-tkd-du-petit-fremoux-montaz-mautino-7557.html,1423.5,0.10497237569060773,19,19,181,929.0972375690612,0.0,1695.4000000000003,181,1,19,19.0
TSD6 du Fornet,Avoriaz (Morzine-Avoriaz - Les Portes du Soleil),46.1788201065167,6.78835988044739,46.1788201065167,6.78835988044739,46.1788201065167,6.78835988044739,https://www.remontees-mecaniques.net/bdd/reportage-tsd6-du-fornet-poma-2950.html,2020.0,0.06077348066298342,11,10,181,6126.023756906075,0.0,10831.700000000004,181,1,11,11.0
TSD6 des Brochaux,Avoriaz (Morzine-Avoriaz - Les Portes du Soleil),46.19864387255241,6.787614226341248,46.19864387255241,6.787614226341248,46.19864387255241,6.787614226341248,https://www.remontees-mecaniques.net/bdd/reportage-tsd6-des-brochaux-poma-5785.html,,0.06077348066298342,11,10,181,6126.023756906075,0.0,10831.700000000004,181,1,11,11.0
TKF École 1,Bellevaux - La Chèvrerie (Roc d'Enfer - Les Portes du Soleil),46.21206486172724,6.57007098197937,46.21206486172724,6.57007098197937,46.21206486172724,6.57007098197937,https://www.remontees-mecaniques.net/bdd/reportage-tkf-ecole-1-poma-5990.html,1059.0,0.10497237569060773,19,18,181,639.2016574585635,0.0,1144.8999999999996,181,1,19,19.0
TKD de l'Arête,Bernex,46.345579700361164,6.696853637695313,46.345579700361164,6.696853637695313,46.345579700361164,6.696853637695313,https://www.remontees-mecaniques.net/bdd/reportage-tkd-de-l-arete-poma-7517.html,1430.0,0.11049723756906077,20,19,181,304.78453038674036,0.0,490.5,181,1,20,20.0
TKE d'Onnaz,Châtel (Les Portes du Soleil),46.28100405225335,6.871883869171143,46.28100405225335,6.871883869171143,46.28100405225335,6.871883869171143,https://www.remontees-mecaniques.net/bdd/reportage-tke-d-onnaz-baco-4802.html,,0.06077348066298342,11,11,181,4526.320441988953,0.0,8116.599999999998,181,1,11,11.0
TSD6 des Combes,Châtel (Les Portes du Soleil),46.2290749183207,6.79906725883484,46.2290749183207,6.79906725883484,46.2290749183207,6.79906725883484,https://www.remontees-mecaniques.net/bdd/reportage-tsd6-des-combes-leitner-799.html,1860.5,0.06077348066298342,11,11,181,4526.320441988953,0.0,8116.599999999998,181,1,11,11.0
TSF3 des Fontaines,La Chapelle-d'Abondance - Crêt-Béni (Les Portes du Soleil),46.2847280769657,6.77862077951431,46.2847280769657,6.77862077951431,46.2847280769657,6.77862077951431,https://www.remontees-mecaniques.net/bdd/reportage-tsf3-des-fontaines-poma-4720.html,1410.5,0.10497237569060773,19,19,181,811.160220994476,0.0,1442.2000000000003,181,1,19,19.0
TKD des Riffroids,La Clusaz (La Clusaz-Manigod - Les Aravis),45.9032113103204,6.42172873020172,45.9032113103204,6.42172873020172,45.9032113103204,6.42172873020172,https://www.remontees-mecaniques.net/bdd/reportage-tkd-des-riffroids-montaz-mautino-2643.html,,0.09944751381215469,18,11,181,5542.509392265194,0.0,9935.999999999996,181,1,18,18.0
TSF4 du Belvédère,La Clusaz (La Clusaz-Manigod - Les Aravis),45.8743723749655,6.42981022596359,45.8743723749655,6.42981022596359,45.8743723749655,6.42981022596359,https://www.remontees-mecaniques.net/bdd/reportage-tsf4-du-belvedere-skirail-2817.html,,0.09944751381215469,18,11,181,5542.509392265194,0.0,9935.999999999996,181,1,18,18.0
TKF de la Masure,Le Reposoir,46.00962516344617,6.532978713512421,46.00962516344617,6.532978713512421,46.00962516344617,6.532978713512421,https://www.remontees-mecaniques.net/bdd/reportage-tkf-de-la-masure-duport-5814.html,1076.5,0.11049723756906077,20,20,181,652.3558011049727,0.0,1221.1000000000001,181,1,20,20.0
TKD de la Boule de Gomme,Les Gets (Morzine-Les Gets - Les Portes du Soleil),46.1571684600524,6.66930735111237,46.1571684600524,6.66930735111237,46.1571684600524,6.66930735111237,https://www.remontees-mecaniques.net/bdd/reportage-tkd-de-la-boule-de-gomme-poma-4987.html,,0.09944751381215469,18,11,181,4687.4983425414375,0.0,8348.4,181,1,18,18.0
TSD6 Les Chavannes Express,Les Gets (Morzine-Les Gets - Les Portes du Soleil),46.1567522845475,6.66833639144897,46.1567522845475,6.66833639144897,46.1567522845475,6.66833639144897,https://www.remontees-mecaniques.net/bdd/reportage-tsd6-les-chavannes-express-leitner-216.html,1393.0,0.09944751381215469,18,11,181,4687.4983425414375,0.0,8348.4,181,1,18,18.0
TSD6 Les Nauchets Express,Les Gets (Morzine-Les Gets - Les Portes du Soleil),46.1380397147259,6.68326020240784,46.1380397147259,6.68326020240784,46.1380397147259,6.68326020240784,https://www.remontees-mecaniques.net/bdd/reportage-tsd6-les-nauchets-express-poma-4798.html,1527.5,0.09944751381215469,18,11,181,4687.4983425414375,0.0,8348.4,181,1,18,18.0
TKD des Alpages,Les Habères (Hirmentaz - Les Habères),46.240907958017296,6.482609510421753,46.240907958017296,6.482609510421753,46.240907958017296,6.482609510421753,https://www.remontees-mecaniques.net/bdd/reportage-tkd-des-alpages-montaz-mautino-6323.html,1192.0,0.10497237569060773,19,18,181,828.7016574585639,0.0,1568.2000000000007,181,1,19,19.0
TKE de l'Étang,Les Habères (Hirmentaz - Les Habères),46.24468200878738,6.469746977090836,46.24468200878738,6.469746977090836,46.24468200878738,6.469746977090836,https://www.remontees-mecaniques.net/bdd/reportage-tke-de-l-etang-poma-6321.html,953.0,0.10497237569060773,19,18,181,828.7016574585639,0.0,1568.2000000000007,181,1,19,19.0
TKD du Grand Crêt,Manigod (La Clusaz-Manigod - Les Aravis),45.8777672861593,6.40744060277939,45.8777672861593,6.40744060277939,45.8777672861593,6.40744060277939,https://www.remontees-mecaniques.net/bdd/reportage-tkd-du-grand-cret-montagner-4842.html,,0.09944751381215469,18,18,181,3031.833701657457,0.0,5380.799999999999,181,1,18,18.0
TSF4 de la Ravine,Megève - Le Jaillet (Portes du Mont Blanc - Évasion Mont Blanc),45.8740698480622,6.60252571105957,45.8740698480622,6.60252571105957,45.8740698480622,6.60252571105957,https://www.remontees-mecaniques.net/bdd/reportage-tsf4-de-la-ravine-poma-4120.html,1604.5,0.09944751381215469,18,18,181,935.2580110497238,0.0,1678.0,181,1,18,18.0
TKF des Planets,Mont-Saxonnex,46.04951956111335,6.487872004508972,46.04951956111335,6.487872004508972,46.04951956111335,6.487872004508972,https://www.remontees-mecaniques.net/bdd/reportage-tkf-des-planets-montaz-mautino-6653.html,1045.0,0.11049723756906077,20,19,181,642.4408839779004,0.0,1149.7,181,1,20,20.0
TSF3 de la Pointe de Nyon,Morzine - Le Pléney (Morzine-Les Gets - Les Portes du Soleil),46.1579747911361,6.71247482299805,46.1579747911361,6.71247482299805,46.1579747911361,6.71247482299805,https://www.remontees-mecaniques.net/bdd/reportage-tsf3-de-la-pointe-de-nyon-poma-4996.html,,0.09944751381215469,18,18,181,2190.2314917127087,0.0,3893.8999999999996,181,1,18,18.0
TKD des Bosses,Saint-Gervais - Le Bettex (Arbois-Rochebrune - Évasion Mont Blanc),45.8590049138422,6.66799575090408,45.8590049138422,6.66799575090408,45.8590049138422,6.66799575090408,https://www.remontees-mecaniques.net/bdd/reportage-tkd-des-bosses-poma-814.html,1681.5,0.06077348066298342,11,11,181,4448.155801104968,0.0,7904.0,181,1,11,11.0
TKD du Bettex,Saint-Gervais - Le Bettex (Arbois-Rochebrune - Évasion Mont Blanc),45.87435556795851,6.684528887271881,45.87435556795851,6.684528887271881,45.87435556795851,6.684528887271881,https://www.remontees-mecaniques.net/bdd/reportage-tkd-du-bettex-poma-9044.html,1467.5,0.06077348066298342,11,11,181,4448.155801104968,0.0,7904.0,181,1,11,11.0
TKD du Vanay,Saint-Nicolas-de-Véroce (Arbois-Rochebrune - Évasion Mont Blanc),45.853066347875874,6.714038550853729,45.853066347875874,6.714038550853729,45.853066347875874,6.714038550853729,https://www.remontees-mecaniques.net/bdd/reportage-tkd-du-vanay-montaz-mautino-2044.html,1598.0,0.09944751381215469,18,18,181,2162.8872928176793,0.0,3836.399999999999,181,1,18,18.0
TKD des Rhodos,Sommand (Praz-de-Lys - Sommand),46.16131332197369,6.557217836380005,46.16131332197369,6.557217836380005,46.16131332197369,6.557217836380005,https://www.remontees-mecaniques.net/bdd/reportage-tkd-des-rhodos-montagner-1871.html,1434.0,0.09944751381215469,18,18,181,1735.853038674035,0.0,3081.4000000000005,181,1,18,18.0
TSF4 du Col de Sommand,Sommand (Praz-de-Lys - Sommand),46.161564121618916,6.55659019947052,46.161564121618916,6.55659019947052,46.161564121618916,6.55659019947052,https://www.remontees-mecaniques.net/bdd/reportage-tsf4-du-col-de-sommand-skirail-1014.html,,0.09944751381215469,18,18,181,1735.853038674035,0.0,3081.4000000000005,181,1,18,18.0
TKD de l'Accès,Thollon-les-Mémises,46.37979669816516,6.724188029766083,46.37979669816516,6.724188029766083,46.37979669816516,6.724188029766083,https://www.remontees-mecaniques.net/bdd/reportage-tkd-de-l-acces-montaz-mautino-8310.html,,0.10497237569060773,19,19,181,609.5690607734807,0.0,981.0,181,1,19,19.0
TSD6 du Grand Jeu,Aussois (Haute Maurienne Vanoise),45.23240586452604,6.740592420101166,45.23240586452604,6.740592420101166,45.23240586452604,6.740592420101166,https://www.remontees-mecaniques.net/bdd/reportage-tsd6-du-grand-jeu-doppelmayr-6908.html,,0.09944751381215469,18,11,181,1851.2607734806618,0.0,3602.6000000000013,181,1,18,18.0
TSF4 du Vallonnet,Bonneval-sur-Arc (Haute Maurienne Vanoise),45.3743753439299,7.05644935369492,45.3743753439299,7.05644935369492,45.3743753439299,7.05644935369492,https://www.remontees-mecaniques.net/bdd/reportage-tsf4-du-vallonnet-poma-81.html,,0.06077348066298342,11,11,181,1778.7591160221004,0.0,4542.500000000002,181,1,11,11.0
TCD8 de l'Ariondaz,Courchevel (Les 3 Vallées),45.41691357970485,6.652333479271192,45.41691357970485,6.652333479271192,45.41691357970485,6.652333479271192,https://www.remontees-mecaniques.net/bdd/reportage-tcd8-de-l-ariondaz-poma-6460.html,1820.0,0.06077348066298342,11,11,181,7231.286740331488,0.0,13007.500000000005,181,1,11,11.0
TSD6 du Biollay,Courchevel (Les 3 Vallées),45.40641608211185,6.629514098167419,45.40641608211185,6.629514098167419,45.40641608211185,6.629514098167419,https://www.remontees-mecaniques.net/bdd/reportage-tsd6-du-biollay-poma-6545.html,2044.5,0.06077348066298342,11,11,181,7231.286740331488,0.0,13007.500000000005,181,1,11,11.0
TSF4 des Grandes Combes,Courchevel (Les 3 Vallées),45.4150061647166,6.646631956100465,45.4150061647166,6.646631956100465,45.4150061647166,6.646631956100465,https://www.remontees-mecaniques.net/bdd/reportage-tsf4-des-grandes-combes-poma-7348.html,1590.0,0.06077348066298342,11,11,181,7231.286740331488,0.0,13007.500000000005,181,1,11,11.0
TSF2 des Evettes,Flumet (Espace Diamant),45.8237060599879,6.54337495565414,45.8237060599879,6.54337495565414,45.8237060599879,6.54337495565414,https://www.remontees-mecaniques.net/bdd/reportage-tsf2-des-evettes-montaz-mautino-2580.html,,0.10497237569060773,19,18,181,994.8011049723768,0.0,1793.4000000000003,181,1,19,19.0
TCV3x12 Télébus,La Plagne (Paradiski),45.507392045288384,6.678332984447479,45.507392045288384,6.678332984447479,45.507392045288384,6.678332984447479,https://www.remontees-mecaniques.net/bdd/reportage-tcv3x12-telebus-poma-5481.html,2020.5,0.06077348066298342,11,11,181,9235.23038674033,0.0,16571.700000000004,181,1,11,11.0
TSD6 des Blanchets,La Plagne (Paradiski),45.5115179196693,6.69850319623947,45.5115179196693,6.69850319623947,45.5115179196693,6.69850319623947,https://www.remontees-mecaniques.net/bdd/reportage-tsd6-des-blanchets-doppelmayr-2415.html,2149.0,0.06077348066298342,11,11,181,9235.23038674033,0.0,16571.700000000004,181,1,11,11.0
TSD6 du Mont Valaisan,La Rosière (Espace San Bernardo),45.65712781243768,6.892440319061279,45.65712781243768,6.892440319061279,45.65712781243768,6.892440319061279,https://www.remontees-mecaniques.net/bdd/reportage-tsd6-du-mont-valaisan-bartholet-7052.html,,0.06077348066298342,11,11,181,4957.753038674036,0.0,9088.399999999996,181,1,11,11.0
TSF4 du Soleil,La Toussuire (Les Sybelles),45.25712051604,6.26651734113693,45.25712051604,6.26651734113693,45.25712051604,6.26651734113693,https://www.remontees-mecaniques.net/bdd/reportage-tsf4-du-soleil-gmm-193.html,1765.0,0.09944751381215469,18,11,181,4309.754696132599,0.0,7880.800000000002,181,1,18,18.0
TKD du Col des Ébats,Le Revard (Savoie Grand Revard),45.6832798332984,5.98831593990326,45.6832798332984,5.98831593990326,45.6832798332984,5.98831593990326,https://www.remontees-mecaniques.net/bdd/reportage-tkd-du-col-des-ebats-poma-5115.html,1452.5,0.19889502762430938,36,20,181,473.65966850828704,0.0,934.4,181,1,36,36.0
TSD6 de la Vagère,Les Arcs (Paradiski),45.5733566008612,6.77945226430893,45.5733566008612,6.77945226430893,45.5733566008612,6.77945226430893,https://www.remontees-mecaniques.net/bdd/reportage-tsd6-de-la-vagere-garaventa-37.html,1998.0,0.06077348066298342,11,11,181,7061.487292817676,0.0,12948.499999999995,181,1,11,11.0
TSD6 Bois de l'Ours,Les Arcs (Paradiski),45.5730655822977,6.82430148124695,45.5730655822977,6.82430148124695,45.5730655822977,6.82430148124695,https://www.remontees-mecaniques.net/bdd/reportage-tsd6-bois-de-l-ours-poma-2914.html,2215.0,0.06077348066298342,11,11,181,7061.487292817676,0.0,12948.499999999995,181,1,11,11.0
TSF4 du Clocheret,Les Arcs (Paradiski),45.5804457227225,6.79835110902786,45.5804457227225,6.79835110902786,45.5804457227225,6.79835110902786,https://www.remontees-mecaniques.net/bdd/reportage-tsf4-du-clocheret-poma-4846.html,2054.0,0.06077348066298342,11,11,181,7061.487292817676,0.0,12948.499999999995,181,1,11,11.0
TKD des Faysses,Les Karellis,45.2259416828966,6.39347970485687,45.2259416828966,6.39347970485687,45.2259416828966,6.39347970485687,https://www.remontees-mecaniques.net/bdd/reportage-tkd-des-faysses-montaz-mautino-821.html,,0.09944751381215469,18,11,181,2675.2359116022108,0.0,4993.400000000002,181,1,18,18.0
TSF4 des Chaudannes,Les Karellis,45.205732124974965,6.386704444885254,45.205732124974965,6.386704444885254,45.205732124974965,6.386704444885254,https://www.remontees-mecaniques.net/bdd/reportage-tsf4-des-chaudannes-montaz-mautino-6745.html,2209.0,0.09944751381215469,18,11,181,2675.2359116022108,0.0,4993.400000000002,181,1,18,18.0
TKD des Teppes,Les Menuires (Les 3 Vallées),45.3542468878374,6.5538302063942,45.3542468878374,6.5538302063942,45.3542468878374,6.5538302063942,https://www.remontees-mecaniques.net/bdd/reportage-tkd-des-teppes-transcable-4012.html,,0.06077348066298342,11,11,181,4390.169060773477,0.0,8086.700000000001,181,1,11,11.0
TKD du Pré Boudart,Margériaz (Les Aillons - Margériaz),45.643843763447386,6.060059666633606,45.643843763447386,6.060059666633606,45.643843763447386,6.060059666633606,https://www.remontees-mecaniques.net/bdd/reportage-tkd-du-pre-boudart-montagner-5475.html,1436.5,0.11049723756906077,20,19,181,947.3193370165741,0.0,1868.8,181,1,20,20.0
TKD des Biolles,Margériaz (Les Aillons - Margériaz),45.6425067467679,6.05440020561218,45.6425067467679,6.05440020561218,45.6425067467679,6.05440020561218,https://www.remontees-mecaniques.net/bdd/reportage-tkd-des-biolles-montagner-5132.html,1638.0,0.11049723756906077,20,19,181,947.3193370165741,0.0,1868.8,181,1,20,20.0
TSD4 du Golf,Méribel (Les 3 Vallées),45.4154354462714,6.56536370515823,45.4154354462714,6.56536370515823,45.4154354462714,6.56536370515823,https://www.remontees-mecaniques.net/bdd/reportage-tsd4-du-golf-poma-3248.html,1563.0,0.06077348066298342,11,11,181,3550.4657458563534,0.0,6328.499999999997,181,1,11,11.0
TSD6 des Pierres Blanches,Montchavin - La Plagne (Paradiski),45.5460449823577,6.73150241374969,45.5460449823577,6.73150241374969,45.5460449823577,6.73150241374969,https://www.remontees-mecaniques.net/bdd/reportage-tsd6-des-pierres-blanches-poma-2480.html,1897.0,0.06077348066298342,11,11,181,3327.0646408839802,0.0,6077.799999999999,181,1,11,11.0
TB6x4 de la Lonzagne,Peisey-Vallandry (Paradiski),45.549213833318035,6.754035651683807,45.549213833318035,6.754035651683807,45.549213833318035,6.754035651683807,https://www.remontees-mecaniques.net/bdd/reportage-tb6x4-de-la-lonzagne-montaz-mautino-5811.html,,0.06077348066298342,11,11,181,2844.5640883977894,0.0,5059.3,181,1,11,11.0
TSF4 du Col de Bellard,Saint-Colomban-des-Villards (Les Sybelles),45.2535708186522,6.21331572532654,45.2535708186522,6.21331572532654,45.2535708186522,6.21331572532654,https://www.remontees-mecaniques.net/bdd/reportage-tsf4-du-col-de-bellard-poma-184.html,2125.5,0.10497237569060773,19,18,181,963.4839779005526,0.0,1814.6000000000001,181,1,19,19.0
TSF4 de la Lauze,Saint-Sorlin-d'Arves (Les Sybelles),45.2179992915182,6.22954308986664,45.2179992915182,6.22954308986664,45.2179992915182,6.22954308986664,https://www.remontees-mecaniques.net/bdd/reportage-tsf4-de-la-lauze-leitner-1987.html,1694.5,0.09944751381215469,18,18,181,3232.9226519337017,0.0,6152.399999999999,181,1,18,18.0
TSF4 de l'Aiguille Percée,Tignes (Espace Tignes-Val d'Isère),45.4754782050964,6.8860137462616,45.4754782050964,6.8860137462616,45.4754782050964,6.8860137462616,https://www.remontees-mecaniques.net/bdd/reportage-tsf4-de-l-aiguille-percee-skirail-5068.html,,0.06077348066298342,11,11,181,7473.4497237569085,0.0,14787.700000000006,181,1,11,11.0
TSF2 du Plan Cardinal,Val Cenis (Haute Maurienne Vanoise),45.2777175970482,6.93158984184265,45.2777175970482,6.93158984184265,45.2777175970482,6.93158984184265,https://www.remontees-mecaniques.net/bdd/reportage-tsf2-du-plan-cardinal-skirail-358.html,,0.06077348066298342,11,11,181,6264.916022099444,0.0,12745.899999999996,181,1,11,11.0
TSF4 de la Met,Val Cenis (Haute Maurienne Vanoise),45.2685441260744,6.92410111427307,45.2685441260744,6.92410111427307,45.2685441260744,6.92410111427307,https://www.remontees-mecaniques.net/bdd/reportage-tsf4-de-la-met-gmm-127.html,,0.06077348066298342,11,11,181,6264.916022099444,0.0,12745.899999999996,181,1,11,11.0
TCD10 de la Daille,Val d'Isère (Espace Tignes-Val d'Isère),45.460777806882135,6.96385145187378,45.460777806882135,6.96385145187378,45.460777806882135,6.96385145187378,https://www.remontees-mecaniques.net/bdd/reportage-tcd10-de-la-daille-poma-ingelo-7836.html,1802.0,0.06077348066298342,11,11,181,8097.030386740336,0.0,16810.9,181,1,11,11.0
TSD4 de la Datcha,Val d'Isère (Espace Tignes-Val d'Isère),45.42447596018176,6.997084021568298,45.42447596018176,6.997084021568298,45.42447596018176,6.997084021568298,https://www.remontees-mecaniques.net/bdd/reportage-tsd4-de-la-datcha-doppelmayr-ingelo-6498.html,2519.5,0.06077348066298342,11,11,181,8097.030386740336,0.0,16810.9,181,1,11,11.0
TPH150 de la Cime Caron,Val Thorens (Les 3 Vallées),45.263307410221714,6.560170948505402,45.263307410221714,6.560170948505402,45.263307410221714,6.560170948505402,https://www.remontees-mecaniques.net/bdd/reportage-tph150-de-la-cime-caron-poma-5643.html,2753.0,0.06077348066298342,11,11,181,4467.408839779006,0.0,8440.499999999998,181,1,11,11.0
TCD8 d'Arrondaz,Valfréjus (Haute Maurienne Vanoise),45.1727892944068,6.65225118398666,45.1727892944068,6.65225118398666,45.1727892944068,6.65225118398666,https://www.remontees-mecaniques.net/bdd/reportage-tcd8-d-arrondaz-doppelmayr-3117.html,,0.06077348066298342,11,11,181,1654.5425414364643,0.0,3326.899999999999,181,1,11,11.0
TSF4 du Petit Vallon,Valfréjus (Haute Maurienne Vanoise),45.163668850537405,6.6594743728637695,45.163668850537405,6.6594743728637695,45.163668850537405,6.6594743728637695,https://www.remontees-mecaniques.net/bdd/reportage-tsf4-du-petit-vallon-poma-5897.html,2174.5,0.06077348066298342,11,11,181,1654.5425414364643,0.0,3326.899999999999,181,1,11,11.0
TSD6 des Verneys,Valloire (Galibier Thabor),45.146759168579955,6.433777213096619,45.146759168579955,6.433777213096619,45.146759168579955,6.433777213096619,https://www.remontees-mecaniques.net/bdd/reportage-tsd6-des-verneys-doppelmayr-5524.html,1779.5,0.06077348066298342,11,11,181,3330.625966850829,0.0,6269.500000000004,181,1,11,11.0
TSD6 de la Brive 2,Valloire (Galibier Thabor),45.1641151679007,6.45188748836517,45.1641151679007,6.45188748836517,45.1641151679007,6.45188748836517,https://www.remontees-mecaniques.net/bdd/reportage-tsd6-de-la-brive-2-poma-61.html,2299.0,0.06077348066298342,11,11,181,3330.625966850829,0.0,6269.500000000004,181,1,11,11.0
TCD8/10 de Pierrafort,Valmorel (Le Grand Domaine),45.45911095547388,6.443140804767609,45.45911095547388,6.443140804767609,45.45911095547388,6.443140804767609,https://www.remontees-mecaniques.net/bdd/reportage-tcd8-10-de-pierrafort-doppelmayr-5584.html,1611.5,0.06077348066298342,11,11,181,7019.244198895025,0.0,12780.499999999996,181,1,11,11.0
TKD de la Côte Soleil,Valmorel (Le Grand Domaine),45.4636128461454,6.44839257001877,45.4636128461454,6.44839257001877,45.4636128461454,6.44839257001877,https://www.remontees-mecaniques.net/bdd/reportage-tkd-de-la-cote-soleil-montaz-mautino-4983.html,1411.0,0.06077348066298342,11,11,181,7019.244198895025,0.0,12780.499999999996,181,1,11,11.0
TKD du Blanchot,Valmorel (Le Grand Domaine),45.4681576414702,6.45003944635391,45.4681576414702,6.45003944635391,45.4681576414702,6.45003944635391,https://www.remontees-mecaniques.net/bdd/reportage-tkd-du-blanchot-montaz-mautino-4984.html,1268.0,0.06077348066298342,11,11,181,7019.244198895025,0.0,12780.499999999996,181,1,11,11.0
TKD du Prariond,Valmorel (Le Grand Domaine),45.45073080018586,6.438910961151123,45.45073080018586,6.438910961151123,45.45073080018586,6.438910961151123,https://www.remontees-mecaniques.net/bdd/reportage-tkd-du-prariond-gmm-829.html,1733.0,0.06077348066298342,11,11,181,7019.244198895025,0.0,12780.499999999996,181,1,11,11.0
TSD6 de l'Écrin (ex Bachat-Bouloud),Chamrousse,45.1059169298092,5.87593674659729,45.1059169298092,5.87593674659729,45.1059169298092,5.87593674659729,https://www.remontees-mecaniques.net/bdd/reportage-tsd6-de-l-ecrin-ex-bachat-bouloud-poma-4822.html,1881.5,0.09944751381215469,18,18,181,2890.91491712707,0.0,5750.699999999999,181,1,18,18.0
TSF2 du Blanchon,Gresse-en-Vercors,44.8918733559309,5.54616987705231,44.8918733559309,5.54616987705231,44.8918733559309,5.54616987705231,https://www.remontees-mecaniques.net/bdd/reportage-tsf2-du-blanchon-poma-3194.html,,0.10497237569060773,19,11,181,666.7872928176798,0.0,1334.2999999999997,181,1,19,19.0
TKF du Grand Plan,Le Barioz - Le Grand Plan,45.33329294997237,6.052157878875733,45.33329294997237,6.052157878875733,45.33329294997237,6.052157878875733,https://www.remontees-mecaniques.net/bdd/reportage-tkf-du-grand-plan-schippers-7069.html,1522.0,0.13812154696132597,25,20,181,338.4055248618788,0.0,663.6,181,1,25,25.0
TSD4 du Signal,Les Deux Alpes,45.0104856894376,6.20943188667297,45.0104856894376,6.20943188667297,45.0104856894376,6.20943188667297,https://www.remontees-mecaniques.net/bdd/reportage-tsd4-du-signal-doppelmayr-777.html,2988.5,0.06077348066298342,11,11,181,6892.693922651938,0.0,13556.1,181,1,11,11.0
TSF4 de la Cote,Les Deux Alpes,45.0232801650614,6.12315058708191,45.0232801650614,6.12315058708191,45.0232801650614,6.12315058708191,https://www.remontees-mecaniques.net/bdd/reportage-tsf4-de-la-cote-poma-3591.html,,0.06077348066298342,11,11,181,6892.693922651938,0.0,13556.1,181,1,11,11.0
TSF4 de l'Éterlou,Les Sept Laux,45.2528664528119,6.02361917430244,45.2528664528119,6.02361917430244,45.2528664528119,6.02361917430244,https://www.remontees-mecaniques.net/bdd/reportage-tsf4-de-l-eterlou-skirail-1363.html,1989.5,0.09944751381215469,18,11,181,4259.870165745856,0.0,8228.0,181,1,18,18.0
TKD du Bois des Coqs I & II,Chantemerle (Serre Chevalier Vallée),44.9143861285942,6.56950235366821,44.9143861285942,6.56950235366821,44.9143861285942,6.56950235366821,https://www.remontees-mecaniques.net/bdd/reportage-tkd-du-bois-des-coqs-i-ii-poma-490.html,,0.06077348066298342,11,11,181,2346.8254143646395,0.0,4622.800000000001,181,1,11,11.0
TSD4 Bachas,Le Monêtier-les-Bains (Serre Chevalier Vallée),44.9711000885389,6.50909096002579,44.9711000885389,6.50909096002579,44.9711000885389,6.50909096002579,https://www.remontees-mecaniques.net/bdd/reportage-tsd4-bachas-poma-429.html,1823.5,0.06077348066298342,11,11,181,1997.7591160220986,0.0,3990.999999999999,181,1,11,11.0
TKD de Pramouton,Les Orres,44.49725338806127,6.555474400520325,44.49725338806127,6.555474400520325,44.49725338806127,6.555474400520325,https://www.remontees-mecaniques.net/bdd/reportage-tkd-de-pramouton-poma-3082.html,1712.5,0.06077348066298342,11,11,181,2027.2464088397799,0.0,4301.200000000001,181,1,11,11.0
TKD du Freyssinet,Pelvoux-Vallouise,44.8662370126186,6.48337796330452,44.8662370126186,6.48337796330452,44.8662370126186,6.48337796330452,https://www.remontees-mecaniques.net/bdd/reportage-tkd-du-freyssinet-montaz-mautino-7308.html,1240.0,0.09944751381215469,18,11,181,1040.562430939226,0.0,2071.2,181,1,18,18.0
TKD du Puy,Puy-Saint-Vincent,44.808723989239,6.46899193525314,44.808723989239,6.46899193525314,44.808723989239,6.46899193525314,https://www.remontees-mecaniques.net/bdd/reportage-tkd-du-puy-poma-2433.html,2255.5,0.06077348066298342,11,11,181,1856.925414364639,0.0,3684.1,181,1,11,11.0
TSF4 de Valbelle Razis,Risoul (La Forêt Blanche),44.590299090857926,6.634358167648315,44.590299090857926,6.634358167648315,44.590299090857926,6.634358167648315,https://www.remontees-mecaniques.net/bdd/reportage-tsf4-de-valbelle-razis-skirail-5347.html,,0.06077348066298342,11,11,181,2167.664088397791,0.0,4384.799999999999,181,1,11,11.0
TSF4 de Libouze,Saint-Léger-les-Mélèzes (Champsaur 3Gliss),44.6436281165074,6.2008702754974365,44.6436281165074,6.2008702754974365,44.6436281165074,6.2008702754974365,https://www.remontees-mecaniques.net/bdd/reportage-tsf4-de-libouze-gmm-2340.html,1272.0,0.10497237569060773,19,11,181,692.4845303867406,0.0,1449.5999999999997,181,1,19,19.0
TKD des Crêtes,Villeneuve (Serre Chevalier Vallée),44.926903974377,6.53903782367706,44.926903974377,6.53903782367706,44.926903974377,6.53903782367706,https://www.remontees-mecaniques.net/bdd/reportage-tkd-des-cretes-montaz-mautino-492.html,,0.06077348066298342,11,11,181,3559.918232044199,0.0,7048.199999999999,181,1,11,11.0
TKD du Chazelay,Villeneuve (Serre Chevalier Vallée),44.9426694254072,6.558220982551575,44.9426694254072,6.558220982551575,44.9426694254072,6.558220982551575,https://www.remontees-mecaniques.net/bdd/reportage-tkd-du-chazelay-montaz-mautino-1309.html,1415.5,0.06077348066298342,11,11,181,3559.918232044199,0.0,7048.199999999999,181,1,11,11.0
TSF6 des Nabines,Auron,44.22110705804298,6.920614242553711,44.22110705804298,6.920614242553711,44.22110705804298,6.920614242553711,https://www.remontees-mecaniques.net/bdd/reportage-tsf6-des-nabines-poma-6406.html,1660.0,0.06077348066298342,11,11,181,1322.8812154696138,0.0,3207.099999999999,181,1,11,11.0
TKD Petit Brec,Le Sauze,44.35775024139906,6.684880256652832,44.35775024139906,6.684880256652832,44.35775024139906,6.684880256652832,https://www.remontees-mecaniques.net/bdd/reportage-tkd-petit-brec-poma-4266.html,,0.06077348066298342,11,11,181,1838.3944751381216,0.0,4060.0000000000005,181,1,11,11.0
TKD de la Tête du Sapet,Valberg,44.08761585334497,6.940752267837524,44.08761585334497,6.940752267837524,44.08761585334497,6.940752267837524,https://www.remontees-mecaniques.net/bdd/reportage-tkd-de-la-tete-du-sapet-poma-7126.html,1751.0,0.06077348066298342,11,11,181,810.5933701657453,0.0,1789.3,181,1,11,11.0
TKD Souleillous 1 & 2,Guzet,42.79216490824221,1.3076674901193064,42.79216490824221,1.3076674901193064,42.79216490824221,1.3076674901193064,https://www.remontees-mecaniques.net/bdd/reportage-tkd-souleillous-1-2-poma-5233.html,,0.11602209944751381,21,12,181,1174.7005524861893,0.0,2450.1,181,1,21,21.0
TSF4 des Sources,Les Monts d'Olmes,42.8438063917569,1.74361824989319,42.8438063917569,1.74361824989319,42.8438063917569,1.74361824989319,https://www.remontees-mecaniques.net/bdd/reportage-tsf4-des-sources-poma-3621.html,,0.19889502762430938,36,21,181,408.23149171270677,0.0,669.2000000000002,181,1,36,36.0
TKD du Col de Jau,Mosset - Col de Jau,42.67543922813676,2.260919809341431,42.67543922813676,2.260919809341431,42.67543922813676,2.260919809341431,https://www.remontees-mecaniques.net/bdd/reportage-tkd-du-col-de-jau-poma-6646.html,1493.0,-1.0,0,0,0,0.0,0.0,0.0,0,0,0,0.0
TSF3 Serre Doumenge,Peyragudes,42.77510162664184,0.4693356156349182,42.77510162664184,0.4693356156349182,42.77510162664184,0.4693356156349182,https://www.remontees-mecaniques.net/bdd/reportage-tsf3-serre-doumenge-poma-1797.html,1837.0,0.06629834254143646,12,11,181,2113.4707182320444,0.0,4444.300000000001,181,1,12,12.0
TKD du Ferrand Nord,Le Mont-Dore (Le Sancy),45.5315076793486,2.81936645507812,45.5315076793486,2.81936645507812,45.5315076793486,2.81936645507812,https://www.remontees-mecaniques.net/bdd/reportage-tkd-du-ferrand-nord-gmm-2287.html,1846.0,0.10497237569060773,19,19,181,815.5580110497226,0.0,1665.2999999999997,181,1,19,19.0
TSF4 des Longes,Le Mont-Dore (Le Sancy),45.5511916918234,2.81313836574554,45.5511916918234,2.81313836574554,45.5511916918234,2.81313836574554,https://www.remontees-mecaniques.net/bdd/reportage-tsf4-des-longes-ccm-finotello-4273.html,1271.5,0.10497237569060773,19,19,181,815.5580110497226,0.0,1665.2999999999997,181,1,19,19.0
"TKD d'Alambre 1, 2, 3",Les Estables,44.9177670324425,4.15409803390503,44.9177670324425,4.15409803390503,44.9177670324425,4.15409803390503,https://www.remontees-mecaniques.net/bdd/reportage-tkd-d-alambre-1-2-3-montaz-mautino-3150.html,,0.26519337016574585,48,38,181,164.75138121546976,0.0,339.2,181,1,48,48.0
TKD Grand Prat Peyrot,Prat Peyrot,44.1209957834478,3.5509791970253,44.1209957834478,3.5509791970253,44.1209957834478,3.5509791970253,https://www.remontees-mecaniques.net/bdd/reportage-tkd-grand-prat-peyrot-montaz-mautino-3557.html,,0.281767955801105,51,37,181,103.0541436464089,0.0,192.90000000000006,181,1,51,51.0
TKD du Peu,La Combe St Pierre,47.203104392429175,6.844182014465333,47.203104392429175,6.844182014465333,47.203104392429175,6.844182014465333,https://www.remontees-mecaniques.net/bdd/reportage-tkd-du-peu-montagner-8669.html,,0.11049723756906077,20,20,181,184.29944751381242,0.0,285.1999999999999,181,1,20,20.0
TKD de la Chapelle,La Combe St Pierre,47.201828769222615,6.842561960220338,47.201828769222615,6.842561960220338,47.201828769222615,6.842561960220338,https://www.remontees-mecaniques.net/bdd/reportage-tkd-de-la-chapelle-montagner-8646.html,928.0,0.11049723756906077,20,20,181,184.29944751381242,0.0,285.1999999999999,181,1,20,20.0
TKD du Dahut,Les Rousses - La Serra (Jura sur Léman),46.41025392109174,5.994637906551361,46.41025392109174,5.994637906551361,46.41025392109174,5.994637906551361,https://www.remontees-mecaniques.net/bdd/reportage-tkd-du-dahut-bourgeat-6861.html,1225.0,0.20441988950276244,37,21,181,220.6839779005523,0.0,398.6000000000001,181,1,37,37.0
TKD de la Chapelle,Le Champ du Feu,48.409804459573,7.26023554834683,48.409804459573,7.26023554834683,48.409804459573,7.26023554834683,https://www.remontees-mecaniques.net/bdd/reportage-tkd-de-la-chapelle-montaz-mautino-398.html,,0.11049723756906077,20,20,181,181.1558011049723,0.0,278.8,181,1,20,20.0
TKD du Lac,Abondance (Les Portes du Soleil),46.26296054440081,6.71139121055603,46.26296054440081,6.71139121055603,46.26296054440081,6.71139121055603,https://www.remontees-mecaniques.net/bdd/reportage-tkd-du-lac-poma-7692.html,1407.5,0.10497237569060773,19,19,181,929.0972375690612,0.0,1695.4000000000003,181,1,19,19.0
TKD de la Plagne,Bellevaux - Hirmentaz (Hirmentaz - Les Habères),46.245615974394724,6.505987644195557,46.245615974394724,6.505987644195557,46.245615974394724,6.505987644195557,https://www.remontees-mecaniques.net/bdd/reportage-tkd-de-la-plagne-montaz-mautino-6373.html,1307.5,0.09944751381215469,18,11,181,2123.7187845303843,0.0,4115.8,181,1,18,18.0
TKD des Ouergnes,Bellevaux - Hirmentaz (Hirmentaz - Les Habères),46.22931798697741,6.494446098804474,46.22931798697741,6.494446098804474,46.22931798697741,6.494446098804474,https://www.remontees-mecaniques.net/bdd/reportage-tkd-des-ouergnes-montaz-mautino-6363.html,1543.5,0.09944751381215469,18,11,181,2123.7187845303843,0.0,4115.8,181,1,18,18.0
TKF du  Perry,Bellevaux - Hirmentaz (Hirmentaz - Les Habères),46.243401142312024,6.507610380649567,46.243401142312024,6.507610380649567,46.243401142312024,6.507610380649567,https://www.remontees-mecaniques.net/bdd/reportage-tkf-du-perry-montaz-mautino-6356.html,1352.0,0.09944751381215469,18,11,181,2123.7187845303843,0.0,4115.8,181,1,18,18.0
TSF3 Retour Pendant,Chamonix-Mont-Blanc - Grands Montets (Vallée de Chamonix),45.9600630163713,6.92328572273254,45.9600630163713,6.92328572273254,45.9600630163713,6.92328572273254,https://www.remontees-mecaniques.net/bdd/reportage-tsf3-retour-pendant-montaz-mautino-4316.html,2028.5,0.09944751381215469,18,18,181,2119.0270718232064,0.0,3877.9999999999995,181,1,18,18.0
TKF des Rubis,Châtel (Les Portes du Soleil),46.23245737243272,6.788790374994278,46.23245737243272,6.788790374994278,46.23245737243272,6.788790374994278,https://www.remontees-mecaniques.net/bdd/reportage-tkf-des-rubis-schippers-7303.html,1326.5,0.06077348066298342,11,11,181,4526.320441988953,0.0,8116.599999999998,181,1,11,11.0
TKE de Gers,Flaine (Le Grand Massif),46.0167949807439,6.72687828540802,46.0167949807439,6.72687828540802,46.0167949807439,6.72687828540802,https://www.remontees-mecaniques.net/bdd/reportage-tke-de-gers-poma-2011.html,,0.06077348066298342,11,11,181,5728.5414364640865,0.0,10381.499999999996,181,1,11,11.0
TSD6 du Lac,Flaine (Le Grand Massif),46.02470324107178,6.700533628463745,46.02470324107178,6.700533628463745,46.02470324107178,6.700533628463745,https://www.remontees-mecaniques.net/bdd/reportage-tsd6-du-lac-poma-6193.html,1792.0,0.06077348066298342,11,11,181,5728.5414364640865,0.0,10381.499999999996,181,1,11,11.0
TCD10 de la Patinoire,La Clusaz (La Clusaz-Manigod - Les Aravis),45.903426,6.422578,45.903426,6.422578,45.903426,6.422578,https://www.remontees-mecaniques.net/bdd/reportage-tcd10-de-la-patinoire-poma-131.html,,0.09944751381215469,18,11,181,5542.509392265194,0.0,9935.999999999996,181,1,18,18.0
TKD de l'Almet,Le Grand-Bornand (Les Aravis),45.973324068224,6.49482697248459,45.973324068224,6.49482697248459,45.973324068224,6.49482697248459,https://www.remontees-mecaniques.net/bdd/reportage-tkd-de-l-almet-montagner-3544.html,,0.09944751381215469,18,18,181,3713.187845303866,0.0,6741.100000000001,181,1,18,18.0
TSD6 du Lachat,Le Grand-Bornand (Les Aravis),45.9596360297171,6.45717412233353,45.9596360297171,6.45717412233353,45.9596360297171,6.45717412233353,https://www.remontees-mecaniques.net/bdd/reportage-tsd6-du-lachat-poma-4393.html,,0.09944751381215469,18,18,181,3713.187845303866,0.0,6741.100000000001,181,1,18,18.0
TKD de la Grevettaz,Les Contamines-Montjoie (Les Contamines - Hauteluce - Évasion Mont Blanc),45.8009146283572,6.69697165489197,45.8009146283572,6.69697165489197,45.8009146283572,6.69697165489197,https://www.remontees-mecaniques.net/bdd/reportage-tkd-de-la-grevettaz-poma-803.html,1560.0,0.06077348066298342,11,11,181,5286.2790055248615,0.0,9461.0,181,1,11,11.0
TSF4 de Jonction,Les Contamines-Montjoie (Les Contamines - Hauteluce - Évasion Mont Blanc),45.7943732928352,6.68802917003632,45.7943732928352,6.68802917003632,45.7943732928352,6.68802917003632,https://www.remontees-mecaniques.net/bdd/reportage-tsf4-de-jonction-poma-687.html,,0.06077348066298342,11,11,181,5286.2790055248615,0.0,9461.0,181,1,11,11.0
TKD du Bois Noir,Les Habères (Hirmentaz - Les Habères),46.24463285226234,6.4719343185424805,46.24463285226234,6.4719343185424805,46.24463285226234,6.4719343185424805,https://www.remontees-mecaniques.net/bdd/reportage-tkd-du-bois-noir-montaz-mautino-6327.html,979.5,0.10497237569060773,19,18,181,828.7016574585639,0.0,1568.2000000000007,181,1,19,19.0
TSF4 du Chevreuil,Manigod (La Clusaz-Manigod - Les Aravis),45.8614276068249,6.41542553901672,45.8614276068249,6.41542553901672,45.8614276068249,6.41542553901672,https://www.remontees-mecaniques.net/bdd/reportage-tsf4-du-chevreuil-poma-4913.html,,0.09944751381215469,18,18,181,3031.833701657457,0.0,5380.799999999999,181,1,18,18.0
TKD du Moutely,Megève - Rochebrune-Mont d'Arbois (Arbois-Rochebrune - Évasion Mont Blanc),45.8473662973158,6.621234118938446,45.8473662973158,6.621234118938446,45.8473662973158,6.621234118938446,https://www.remontees-mecaniques.net/bdd/reportage-tkd-du-moutely-poma-3146.html,1265.5,0.06077348066298342,11,11,181,5467.188397790057,0.0,9776.099999999997,181,1,11,11.0
TSF4 du Jardin,Megève - Rochebrune-Mont d'Arbois (Arbois-Rochebrune - Évasion Mont Blanc),45.823059331451,6.63045823574066,45.823059331451,6.63045823574066,45.823059331451,6.63045823574066,https://www.remontees-mecaniques.net/bdd/reportage-tsf4-du-jardin-poma-4179.html,1755.0,0.06077348066298342,11,11,181,5467.188397790057,0.0,9776.099999999997,181,1,11,11.0
TKD de Malacquis,Mont-Saxonnex,46.04469048754072,6.4968252182006845,46.04469048754072,6.4968252182006845,46.04469048754072,6.4968252182006845,https://www.remontees-mecaniques.net/bdd/reportage-tkd-de-malacquis-montaz-mautino-6638.html,1356.0,0.11049723756906077,20,19,181,642.4408839779004,0.0,1149.7,181,1,20,20.0
TKF Télédébutants,Morillon (Le Grand Massif),46.06789745423045,6.675025820732117,46.06789745423045,6.675025820732117,46.06789745423045,6.675025820732117,https://www.remontees-mecaniques.net/bdd/reportage-tkf-teledebutants-poma-6446.html,1052.0,0.10497237569060773,19,18,181,1326.6381215469628,0.0,2416.7,181,1,19,19.0
TKD des Plancerts,Saint-Gervais - Col de Voza (Les Houches - Saint-Gervais),45.8941973679215,6.72912865877151,45.8941973679215,6.72912865877151,45.8941973679215,6.72912865877151,https://www.remontees-mecaniques.net/bdd/reportage-tkd-des-plancerts-montaz-mautino-1048.html,,0.09944751381215469,18,11,181,2103.6685082872937,0.0,3745.7000000000003,181,1,18,18.0
TKE École,Saint-Gervais - Le Bettex (Arbois-Rochebrune - Évasion Mont Blanc),45.87408478770107,6.688592433929443,45.87408478770107,6.688592433929443,45.87408478770107,6.688592433929443,https://www.remontees-mecaniques.net/bdd/reportage-tke-ecole-doppelmayr-5728.html,,0.06077348066298342,11,11,181,4448.155801104968,0.0,7904.0,181,1,11,11.0
TSF2 de La Frasse,Thollon-les-Mémises,46.38142038997715,6.749060153961182,46.38142038997715,6.749060153961182,46.38142038997715,6.749060153961182,https://www.remontees-mecaniques.net/bdd/reportage-tsf2-de-la-frasse-montaz-mautino-3155.html,,0.10497237569060773,19,19,181,609.5690607734807,0.0,981.0,181,1,19,19.0
TKD de la Pyramide 1 & 2,Courchevel (Les 3 Vallées),45.372438378664064,6.652784943580627,45.372438378664064,6.652784943580627,45.372438378664064,6.652784943580627,https://www.remontees-mecaniques.net/bdd/reportage-tkd-de-la-pyramide-1-2-poma-5762.html,2276.0,0.06077348066298342,11,11,181,7231.286740331488,0.0,13007.500000000005,181,1,11,11.0
TSD4 du Col du Joly,Hauteluce (Les Contamines - Hauteluce - Évasion Mont Blanc),45.7790061754821,6.65368616580963,45.7790061754821,6.65368616580963,45.7790061754821,6.65368616580963,https://www.remontees-mecaniques.net/bdd/reportage-tsd4-du-col-du-joly-poma-737.html,1595.0,0.09944751381215469,18,18,181,1362.733701657459,0.0,2430.4000000000005,181,1,18,18.0
TKD des Gorges,La Féclaz (Savoie Grand Revard),45.63871304607741,5.974349677562714,45.63871304607741,5.974349677562714,45.63871304607741,5.974349677562714,https://www.remontees-mecaniques.net/bdd/reportage-tkd-des-gorges-montaz-mautino-6544.html,1410.0,0.19889502762430938,36,20,181,473.65966850828704,0.0,934.4,181,1,36,36.0
TSD6 du Bécoin,La Plagne (Paradiski),45.50460244451094,6.67444109916687,45.50460244451094,6.67444109916687,45.50460244451094,6.67444109916687,https://www.remontees-mecaniques.net/bdd/reportage-tsd6-du-becoin-leitner-5312.html,,0.06077348066298342,11,11,181,9235.23038674033,0.0,16571.700000000004,181,1,11,11.0
TSD6 du Fort,La Rosière (Espace San Bernardo),45.64517324769186,6.877763271331787,45.64517324769186,6.877763271331787,45.64517324769186,6.877763271331787,https://www.remontees-mecaniques.net/bdd/reportage-tsd6-du-fort-poma-5466.html,,0.06077348066298342,11,11,181,4957.753038674036,0.0,9088.399999999996,181,1,11,11.0
TSF4 du Dahu,La Rosière (Espace San Bernardo),45.62663485674251,6.8650925159454355,45.62663485674251,6.8650925159454355,45.62663485674251,6.8650925159454355,https://www.remontees-mecaniques.net/bdd/reportage-tsf4-du-dahu-mnd-ropeways-8610.html,1887.0,0.06077348066298342,11,11,181,4957.753038674036,0.0,9088.399999999996,181,1,11,11.0
TCD10 de la Côte du Bois,La Toussuire (Les Sybelles),45.25462608242368,6.257100701077062,45.25462608242368,6.257100701077062,45.25462608242368,6.257100701077062,https://www.remontees-mecaniques.net/bdd/reportage-tcd10-de-la-cote-du-bois-doppelmayr-8253.html,1826.5,0.09944751381215469,18,11,181,4309.754696132599,0.0,7880.800000000002,181,1,18,18.0
TKE des Chamois 1,La Toussuire (Les Sybelles),45.2473828635352,6.22090369462967,45.2473828635352,6.22090369462967,45.2473828635352,6.22090369462967,https://www.remontees-mecaniques.net/bdd/reportage-tke-des-chamois-1-leitner-2801.html,2267.0,0.09944751381215469,18,11,181,4309.754696132599,0.0,7880.800000000002,181,1,18,18.0
TSD6 du  Mont Corbier,Le Corbier (Les Sybelles),45.233044308967315,6.264427900314332,45.233044308967315,6.264427900314332,45.233044308967315,6.264427900314332,https://www.remontees-mecaniques.net/bdd/reportage-tsd6-du-mont-corbier-bartholet-7607.html,1980.5,0.09944751381215469,18,18,181,2107.645856353591,0.0,3837.6000000000004,181,1,18,18.0
TCD8 du Varet,Les Arcs (Paradiski),45.5695263003711,6.82806730270386,45.5695263003711,6.82806730270386,45.5695263003711,6.82806730270386,https://www.remontees-mecaniques.net/bdd/reportage-tcd8-du-varet-poma-3269.html,2399.5,0.06077348066298342,11,11,181,7061.487292817676,0.0,12948.499999999995,181,1,11,11.0
TSD6 de l'Arpette,Les Arcs (Paradiski),45.5748041611155,6.79599612951279,45.5748041611155,6.79599612951279,45.5748041611155,6.79599612951279,https://www.remontees-mecaniques.net/bdd/reportage-tsd6-de-l-arpette-bartholet-montaval-3359.html,2218.5,0.06077348066298342,11,11,181,7061.487292817676,0.0,12948.499999999995,181,1,11,11.0
TKD de la Tête d'Albiez I et II,Les Karellis,45.21251888583193,6.383445560932159,45.21251888583193,6.383445560932159,45.21251888583193,6.383445560932159,https://www.remontees-mecaniques.net/bdd/reportage-tkd-de-la-tete-d-albiez-i-et-ii-transcable-montaz-mautino-6739.html,2237.5,0.09944751381215469,18,11,181,2675.2359116022108,0.0,4993.400000000002,181,1,18,18.0
TSF2 des Granges,Les Karellis,45.227668,6.408301,45.227668,6.408301,45.227668,6.408301,https://www.remontees-mecaniques.net/bdd/reportage-tsf2-des-granges-montaz-mautino-53.html,1574.0,0.09944751381215469,18,11,181,2675.2359116022108,0.0,4993.400000000002,181,1,18,18.0
TSD6 de Douce,Les Saisies (Espace Diamant),45.78109001126938,6.587698459625245,45.78109001126938,6.587698459625245,45.78109001126938,6.587698459625245,https://www.remontees-mecaniques.net/bdd/reportage-tsd6-de-douce-poma-8985.html,1906.5,0.06077348066298342,11,11,181,6514.234806629835,0.0,11865.099999999993,181,1,11,11.0
TSD6 de Bisanne,Les Saisies (Espace Diamant),45.74770747871589,6.508219199235113,45.74770747871589,6.508219199235113,45.74770747871589,6.508219199235113,https://www.remontees-mecaniques.net/bdd/reportage-tsd6-de-bisanne-poma-7510.html,1776.5,0.06077348066298342,11,11,181,6514.234806629835,0.0,11865.099999999993,181,1,11,11.0
TSF4 de Roche Blanche,Les Saisies (Espace Diamant),45.7621229019022,6.5593421459198,45.7621229019022,6.5593421459198,45.7621229019022,6.5593421459198,https://www.remontees-mecaniques.net/bdd/reportage-tsf4-de-roche-blanche-skirail-1189.html,1784.0,0.06077348066298342,11,11,181,6514.234806629835,0.0,11865.099999999993,181,1,11,11.0
TSF4 de Brichou,Les Saisies (Espace Diamant),45.7671468834129,6.56466364860535,45.7671468834129,6.56466364860535,45.7671468834129,6.56466364860535,https://www.remontees-mecaniques.net/bdd/reportage-tsf4-de-brichou-skirail-1211.html,,0.06077348066298342,11,11,181,6514.234806629835,0.0,11865.099999999993,181,1,11,11.0
TSD6 Plan des Mains,Méribel-Mottaret (Les 3 Vallées),45.3410156094278,6.58898591995239,45.3410156094278,6.58898591995239,45.3410156094278,6.58898591995239,https://www.remontees-mecaniques.net/bdd/reportage-tsd6-plan-des-mains-leitner-1069.html,2120.0,0.06077348066298342,11,11,181,2541.2580110497215,0.0,4652.299999999999,181,1,11,11.0
TSD6 des Crozats,Montchavin - La Plagne (Paradiski),45.522848890428705,6.730343699455261,45.522848890428705,6.730343699455261,45.522848890428705,6.730343699455261,https://www.remontees-mecaniques.net/bdd/reportage-tsd6-des-crozats-doppelmayr-ingelo-6442.html,,0.06077348066298342,11,11,181,3327.0646408839802,0.0,6077.799999999999,181,1,11,11.0
TKD des Crocus,Pralognan-la-Vanoise,45.3877306844787,6.73136293888092,45.3877306844787,6.73136293888092,45.3877306844787,6.73136293888092,https://www.remontees-mecaniques.net/bdd/reportage-tkd-des-crocus-poma-3130.html,1994.5,0.06077348066298342,11,11,181,3082.1900552486168,0.0,5511.5999999999985,181,1,11,11.0
TSF4 Blanchards - Chalets de la Balme,Saint-Sorlin-d'Arves (Les Sybelles),45.2040275126314,6.22030556201935,45.2040275126314,6.22030556201935,45.2040275126314,6.22030556201935,https://www.remontees-mecaniques.net/bdd/reportage-tsf4-blanchards-chalets-de-la-balme-leitner-4046.html,2028.0,0.09944751381215469,18,18,181,3232.9226519337017,0.0,6152.399999999999,181,1,18,18.0
TSD6 des Chaudannes,Tignes (Espace Tignes-Val d'Isère),45.4723446989345,6.91074103116989,45.4723446989345,6.91074103116989,45.4723446989345,6.91074103116989,https://www.remontees-mecaniques.net/bdd/reportage-tsd6-des-chaudannes-doppelmayr-872.html,2244.0,0.06077348066298342,11,11,181,7473.4497237569085,0.0,14787.700000000006,181,1,11,11.0
TSD6 du Marais,Tignes (Espace Tignes-Val d'Isère),45.484258993592626,6.888921260833741,45.484258993592626,6.888921260833741,45.484258993592626,6.888921260833741,https://www.remontees-mecaniques.net/bdd/reportage-tsd6-du-marais-poma-ingelo-9138.html,,0.06077348066298342,11,11,181,7473.4497237569085,0.0,14787.700000000006,181,1,11,11.0
TCD10 de la Moraine,Val Thorens (Les 3 Vallées),45.287664229471865,6.583350598812103,45.287664229471865,6.583350598812103,45.287664229471865,6.583350598812103,https://www.remontees-mecaniques.net/bdd/reportage-tcd10-de-la-moraine-doppelmayr-6633.html,2587.0,0.06077348066298342,11,11,181,4467.408839779006,0.0,8440.499999999998,181,1,11,11.0
TSD6 des Grandes Drozes,Valmeinier (Galibier Thabor),45.183161716735,6.47309303283691,45.183161716735,6.47309303283691,45.183161716735,6.47309303283691,https://www.remontees-mecaniques.net/bdd/reportage-tsd6-des-grandes-drozes-poma-80.html,1864.0,0.06077348066298342,11,11,181,3402.902762430942,0.0,6310.300000000001,181,1,11,11.0
TKD des Charmettes I,Valmorel (Le Grand Domaine),45.48261728386317,6.43437534570694,45.48261728386317,6.43437534570694,45.48261728386317,6.43437534570694,https://www.remontees-mecaniques.net/bdd/reportage-tkd-des-charmettes-i-montaz-mautino-4986.html,1512.5,0.06077348066298342,11,11,181,7019.244198895025,0.0,12780.499999999996,181,1,11,11.0
TKD du Riondet,Valmorel (Le Grand Domaine),45.433671249255,6.42164021730423,45.433671249255,6.42164021730423,45.433671249255,6.42164021730423,https://www.remontees-mecaniques.net/bdd/reportage-tkd-du-riondet-montaz-mautino-1726.html,2307.0,0.06077348066298342,11,11,181,7019.244198895025,0.0,12780.499999999996,181,1,11,11.0
TKD du Gollet,Valmorel (Le Grand Domaine),45.4495980478316,6.4453536272049,45.4495980478316,6.4453536272049,45.4495980478316,6.4453536272049,https://www.remontees-mecaniques.net/bdd/reportage-tkd-du-gollet-montaz-mautino-3721.html,1746.5,0.06077348066298342,11,11,181,7019.244198895025,0.0,12780.499999999996,181,1,11,11.0
TSD6 du Mottet,Valmorel (Le Grand Domaine),45.44215744452496,6.440434455871582,45.44215744452496,6.440434455871582,45.44215744452496,6.440434455871582,https://www.remontees-mecaniques.net/bdd/reportage-tsd6-du-mottet-poma-7030.html,2121.5,0.06077348066298342,11,11,181,7019.244198895025,0.0,12780.499999999996,181,1,11,11.0
TKD des Crêtes,Autrans,45.2309551712038,5.58181911706924,45.2309551712038,5.58181911706924,45.2309551712038,5.58181911706924,https://www.remontees-mecaniques.net/bdd/reportage-tkd-des-cretes-montaz-mautino-3566.html,,0.281767955801105,51,48,181,83.50497237569076,0.0,140.2,181,1,51,51.0
TKD de la Perche,Chamrousse,45.11636966462569,5.890772044658661,45.11636966462569,5.890772044658661,45.11636966462569,5.890772044658661,https://www.remontees-mecaniques.net/bdd/reportage-tkd-de-la-perche-montaz-mautino-5947.html,1898.0,0.09944751381215469,18,18,181,2890.91491712707,0.0,5750.699999999999,181,1,18,18.0
TKD de la Sierre,Lans-en-Vercors,45.114501700467834,5.617868891970562,45.114501700467834,5.617868891970562,45.114501700467834,5.617868891970562,https://www.remontees-mecaniques.net/bdd/reportage-tkd-de-la-sierre-montaz-mautino-9046.html,,0.19889502762430938,36,21,181,591.4917127071823,0.0,1021.0,181,1,36,36.0
FUNI 125  Dôme Express,Les Deux Alpes,44.9971078696958,6.20244741439819,44.9971078696958,6.20244741439819,44.9971078696958,6.20244741439819,https://www.remontees-mecaniques.net/bdd/reportage-funi-125-dome-express-poma-676.html,,0.06077348066298342,11,11,181,6892.693922651938,0.0,13556.1,181,1,11,11.0
TKF du P'tit Chatelard,Méaudre,45.12755094894426,5.5207559466362,45.12755094894426,5.5207559466362,45.12755094894426,5.5207559466362,https://www.remontees-mecaniques.net/bdd/reportage-tkf-du-p-tit-chatelard-duport-6911.html,1007.0,0.20441988950276244,37,36,181,354.89502762430965,0.0,612.6000000000003,181,1,37,37.0
TKD de Serre Pelat,Briançon (Serre Chevalier Vallée),44.8923388991311,6.60451054573059,44.8923388991311,6.60451054573059,44.8923388991311,6.60451054573059,https://www.remontees-mecaniques.net/bdd/reportage-tkd-de-serre-pelat-poma-5081.html,2000.0,0.09944751381215469,18,11,181,1311.9856353591163,0.0,2586.299999999999,181,1,18,18.0
TKD du Stade,Briançon (Serre Chevalier Vallée),44.8998098768918,6.61354422569275,44.8998098768918,6.61354422569275,44.8998098768918,6.61354422569275,https://www.remontees-mecaniques.net/bdd/reportage-tkd-du-stade-poma-4954.html,1855.0,0.09944751381215469,18,11,181,1311.9856353591163,0.0,2586.299999999999,181,1,18,18.0
TKD du Combillon,Le Dévoluy,44.67442862976247,5.929645299911499,44.67442862976247,5.929645299911499,44.67442862976247,5.929645299911499,https://www.remontees-mecaniques.net/bdd/reportage-tkd-du-combillon-poma-7347.html,1494.0,0.06077348066298342,11,11,181,2744.439779005526,0.0,5644.000000000001,181,1,11,11.0
TKD des Veaux,Le Dévoluy,44.664118461222714,5.906956493854523,44.664118461222714,5.906956493854523,44.664118461222714,5.906956493854523,https://www.remontees-mecaniques.net/bdd/reportage-tkd-des-veaux-poma-2878.html,1973.5,0.06077348066298342,11,11,181,2744.439779005526,0.0,5644.000000000001,181,1,11,11.0
TKE du Pré du Renard,Le Dévoluy,44.6677029072389,5.90133190155029,44.6677029072389,5.90133190155029,44.6677029072389,5.90133190155029,https://www.remontees-mecaniques.net/bdd/reportage-tke-du-pre-du-renard-leitner-4564.html,1920.5,0.06077348066298342,11,11,181,2744.439779005526,0.0,5644.000000000001,181,1,11,11.0
TSF4 de Cibouït,Le Monêtier-les-Bains (Serre Chevalier Vallée),44.94828492851534,6.4990729093551645,44.94828492851534,6.4990729093551645,44.94828492851534,6.4990729093551645,https://www.remontees-mecaniques.net/bdd/reportage-tsf4-de-cibouit-poma-ingelo-7460.html,2298.0,0.06077348066298342,11,11,181,1997.7591160220986,0.0,3990.999999999999,181,1,11,11.0
TKD du Bouticari I & II,Saint-Véran (Beauregard - Queyras),44.701994788161564,6.867442131042481,44.701994788161564,6.867442131042481,44.701994788161564,6.867442131042481,https://www.remontees-mecaniques.net/bdd/reportage-tkd-du-bouticari-i-ii-poma-7701.html,,0.06077348066298342,11,11,181,686.0745856353593,0.0,1753.099999999999,181,1,11,11.0
TCD4 de l'Aravet,Villeneuve (Serre Chevalier Vallée),44.9429826778765,6.56419694423676,44.9429826778765,6.56419694423676,44.9429826778765,6.56419694423676,https://www.remontees-mecaniques.net/bdd/reportage-tcd4-de-l-aravet-poma-508.html,,0.06077348066298342,11,11,181,3559.918232044199,0.0,7048.199999999999,181,1,11,11.0
TKD de l'Eychauda,Villeneuve (Serre Chevalier Vallée),44.9122587163506,6.52916461229324,44.9122587163506,6.52916461229324,44.9122587163506,6.52916461229324,https://www.remontees-mecaniques.net/bdd/reportage-tkd-de-l-eychauda-poma-529.html,2535.5,0.06077348066298342,11,11,181,3559.918232044199,0.0,7048.199999999999,181,1,11,11.0
TKD École de Fréjus,Villeneuve (Serre Chevalier Vallée),44.92708248256887,6.537680625915527,44.92708248256887,6.537680625915527,44.92708248256887,6.537680625915527,https://www.remontees-mecaniques.net/bdd/reportage-tkd-ecole-de-frejus-poma-5846.html,2068.5,0.06077348066298342,11,11,181,3559.918232044199,0.0,7048.199999999999,181,1,11,11.0
TKD des Vallons,Le Sauze,44.3514731147844,6.693254113197327,44.3514731147844,6.693254113197327,44.3514731147844,6.693254113197327,https://www.remontees-mecaniques.net/bdd/reportage-tkd-des-vallons-poma-4935.html,1957.0,0.06077348066298342,11,11,181,1838.3944751381216,0.0,4060.0000000000005,181,1,11,11.0
TSF2 de l'Alp,Le Sauze,44.35630807687543,6.700066924095154,44.35630807687543,6.700066924095154,44.35630807687543,6.700066924095154,https://www.remontees-mecaniques.net/bdd/reportage-tsf2-de-l-alp-poma-4355.html,2010.5,0.06077348066298342,11,11,181,1838.3944751381216,0.0,4060.0000000000005,181,1,11,11.0
TKD du Loup,Montclar,44.399854610461944,6.4095354080200195,44.399854610461944,6.4095354080200195,44.399854610461944,6.4095354080200195,https://www.remontees-mecaniques.net/bdd/reportage-tkd-du-loup-poma-5563.html,1962.0,0.06077348066298342,11,11,181,857.4176795580115,0.0,1795.0000000000007,181,1,11,11.0
TCD14-16 Ax-Bonascre,Ax 3 Domaines,42.7187543084145,1.83715760707855,42.7187543084145,1.83715760707855,42.7187543084145,1.83715760707855,https://www.remontees-mecaniques.net/bdd/reportage-tcd14-16-ax-bonascre-poma-252.html,714.0,0.06077348066298342,11,11,181,2285.327624309392,0.0,4450.100000000001,181,1,11,11.0
TKD du Col,Ax 3 Domaines,42.67378669186896,1.7957496643066406,42.67378669186896,1.7957496643066406,42.67378669186896,1.7957496643066406,https://www.remontees-mecaniques.net/bdd/reportage-tkd-du-col-poma-6238.html,2007.0,0.06077348066298342,11,11,181,2285.327624309392,0.0,4450.100000000001,181,1,11,11.0
TKD de la Coulée,Cambre d'Aze,42.47038753601126,2.0998263359069824,42.47038753601126,2.0998263359069824,42.47038753601126,2.0998263359069824,https://www.remontees-mecaniques.net/bdd/reportage-tkd-de-la-coulee-poma-852.html,,0.06629834254143646,12,12,181,645.9911602209953,0.0,1538.1000000000001,181,1,12,12.0
TKD Isard,Font-Romeu - Pyrénées 2000,42.5214724833277,2.03351140022278,42.5214724833277,2.03351140022278,42.5214724833277,2.03351140022278,https://www.remontees-mecaniques.net/bdd/reportage-tkd-isard-poma-1061.html,1965.5,0.06629834254143646,12,12,181,1664.8530386740333,0.0,3780.600000000001,181,1,12,12.0
TSF4 de la Serre de Maury,Formiguères,42.629326568168,2.05148488283157,42.629326568168,2.05148488283157,42.629326568168,2.05148488283157,https://www.remontees-mecaniques.net/bdd/reportage-tsf4-de-la-serre-de-maury-poma-1562.html,1955.0,0.10497237569060773,19,12,181,515.6480662983428,0.0,1019.4000000000003,181,1,19,19.0
TKD Courraou,Le Mourtis,42.90989673012569,0.7633674144744873,42.90989673012569,0.7633674144744873,42.90989673012569,0.7633674144744873,https://www.remontees-mecaniques.net/bdd/reportage-tkd-courraou-montaz-mautino-4981.html,,0.19889502762430938,36,21,181,694.8994475138111,0.0,1373.4000000000003,181,1,36,36.0
TKD Fontaines I,Le Mourtis,42.9124328703745,0.771357715129852,42.9124328703745,0.771357715129852,42.9124328703745,0.771357715129852,https://www.remontees-mecaniques.net/bdd/reportage-tkd-fontaines-i-montaz-mautino-3168.html,,0.19889502762430938,36,21,181,694.8994475138111,0.0,1373.4000000000003,181,1,36,36.0
TKF Fount,Les Angles,42.5715972049598,2.05373257398605,42.5715972049598,2.05373257398605,42.5715972049598,2.05373257398605,https://www.remontees-mecaniques.net/bdd/reportage-tkf-fount-poma-4253.html,2110.0,0.06629834254143646,12,11,181,1711.08453038674,0.0,3761.9,181,1,12,12.0
TKD Cadène,Les Monts d'Olmes,42.83781576787663,1.7436182498931885,42.83781576787663,1.7436182498931885,42.83781576787663,1.7436182498931885,https://www.remontees-mecaniques.net/bdd/reportage-tkd-cadene-montaz-mautino-3601.html,,0.19889502762430938,36,21,181,408.23149171270677,0.0,669.2000000000002,181,1,36,36.0
TKD de la Laquette (†) & TKD du Lac,Piau-Engaly,42.782547213164904,0.1582556962966919,42.782547213164904,0.1582556962966919,42.782547213164904,0.1582556962966919,https://www.remontees-mecaniques.net/bdd/reportage-tkd-de-la-laquette-tkd-du-lac-poma-2585.html,,0.10497237569060773,19,19,181,1016.0944751381213,0.0,2215.099999999999,181,1,19,19.0
TSF4 Soum de Matte,Saint-Lary-Soulan,42.8139143616374,0.290137231349945,42.8139143616374,0.290137231349945,42.8139143616374,0.290137231349945,https://www.remontees-mecaniques.net/bdd/reportage-tsf4-soum-de-matte-poma-2824.html,,0.06629834254143646,12,11,181,4065.829281767956,0.0,8548.599999999999,181,1,12,12.0
TKD des Gentianes,Brameloup,44.5839117797902,3.0185687541961674,44.5839117797902,3.0185687541961674,44.5839117797902,3.0185687541961674,https://www.remontees-mecaniques.net/bdd/reportage-tkd-des-gentianes-poma-8958.html,1241.5,0.19889502762430938,36,20,181,322.4475138121547,0.0,619.5,181,1,36,36.0
TKD du Ferrand Sud,Le Mont-Dore (Le Sancy),45.5150495782529,2.82097309827805,45.5150495782529,2.82097309827805,45.5150495782529,2.82097309827805,https://www.remontees-mecaniques.net/bdd/reportage-tkd-du-ferrand-sud-gmm-1768.html,1731.0,0.10497237569060773,19,19,181,815.5580110497226,0.0,1665.2999999999997,181,1,19,19.0
TKD des Tindelles 1 et 2,Prat Peyrot,44.1235104077247,3.54535460472107,44.1235104077247,3.54535460472107,44.1235104077247,3.54535460472107,https://www.remontees-mecaniques.net/bdd/reportage-tkd-des-tindelles-1-et-2-montaz-mautino-3167.html,,0.281767955801105,51,37,181,103.0541436464089,0.0,192.90000000000006,181,1,51,51.0
TSF4 du Perce Neige,Super-Besse (Le Sancy),45.5077247579866,2.85293430089951,45.5077247579866,2.85293430089951,45.5077247579866,2.85293430089951,https://www.remontees-mecaniques.net/bdd/reportage-tsf4-du-perce-neige-poma-1083.html,1423.5,0.11049723756906077,20,19,181,673.334254143646,0.0,1377.0000000000002,181,1,20,20.0
TKD des Alouettes I,Les Hautes Combes,46.3645418148664,5.94690263271332,46.3645418148664,5.94690263271332,46.3645418148664,5.94690263271332,https://www.remontees-mecaniques.net/bdd/reportage-tkd-des-alouettes-i-montaz-mautino-3641.html,,0.20441988950276244,37,21,181,277.141436464088,0.0,501.69999999999993,181,1,37,37.0
TKD des Jouvencelles,Les Rousses - Les Tuffes (Dôle-Tuffes - Jura sur Léman),46.45298965585714,6.057211160659791,46.45298965585714,6.057211160659791,46.45298965585714,6.057211160659791,https://www.remontees-mecaniques.net/bdd/reportage-tkd-des-jouvencelles-montaz-mautino-2375.html,1289.5,0.11049723756906077,20,20,181,993.0779005524872,0.0,1793.7,181,1,20,20.0
TKD de la Chaume Francis,Gérardmer,48.0543613050289,6.91124796867371,48.0543613050289,6.91124796867371,48.0543613050289,6.91124796867371,https://www.remontees-mecaniques.net/bdd/reportage-tkd-de-la-chaume-francis-poma-2286.html,944.0,0.10497237569060773,19,19,181,398.1005524861875,0.0,634.9000000000001,181,1,19,19.0
TSF4 du Chitelet,La Bresse - Hohneck,48.0381728556294,6.9935810566767,48.0381728556294,6.9935810566767,48.0381728556294,6.9935810566767,https://www.remontees-mecaniques.net/bdd/reportage-tsf4-du-chitelet-montaz-mautino-2303.html,,0.10497237569060773,19,18,181,656.2386740331492,0.0,1051.9999999999995,181,1,19,19.0
TKD de Retournemer,Le Collet - Retournemer,48.049249648987875,7.009364515542984,48.049249648987875,7.009364515542984,48.049249648987875,7.009364515542984,https://www.remontees-mecaniques.net/bdd/reportage-tkd-de-retournemer-montaz-mautino-6265.html,,-1.0,0,0,0,0.0,0.0,0.0,0,0,0,0.0
TSF4 de la Pelluaz,Bernex,46.3409580416491,6.70779705047607,46.3409580416491,6.70779705047607,46.3409580416491,6.70779705047607,https://www.remontees-mecaniques.net/bdd/reportage-tsf4-de-la-pelluaz-poma-556.html,1703.0,0.11049723756906077,20,19,181,304.78453038674036,0.0,490.5,181,1,20,20.0
TSF4 de la Trappe,Chamonix-Mont-Blanc - Brévent-Flégère (Vallée de Chamonix),45.96120411739562,6.886045932769776,45.96120411739562,6.886045932769776,45.96120411739562,6.886045932769776,https://www.remontees-mecaniques.net/bdd/reportage-tsf4-de-la-trappe-leitner-7464.html,,0.06077348066298342,11,11,181,4290.926519337017,0.0,7791.7999999999965,181,1,11,11.0
TKE du Petit Marmotton,Chamonix-Mont-Blanc - Grands Montets (Vallée de Chamonix),45.96781905700937,6.942490339279176,45.96781905700937,6.942490339279176,45.96781905700937,6.942490339279176,https://www.remontees-mecaniques.net/bdd/reportage-tke-du-petit-marmotton-leitner-7260.html,1967.5,0.09944751381215469,18,18,181,2119.0270718232064,0.0,3877.9999999999995,181,1,18,18.0
DMC des Grandes Platières,Flaine (Le Grand Massif),46.004259766237,6.69639497995377,46.004259766237,6.69639497995377,46.004259766237,6.69639497995377,https://www.remontees-mecaniques.net/bdd/reportage-dmc-des-grandes-platieres-poma-4332.html,,0.06077348066298342,11,11,181,5728.5414364640865,0.0,10381.499999999996,181,1,11,11.0
TSD6 de la Tête des Verds,Flaine (Le Grand Massif),46.002541983965,6.69422507286072,46.002541983965,6.69422507286072,46.002541983965,6.69422507286072,https://www.remontees-mecaniques.net/bdd/reportage-tsd6-de-la-tete-des-verds-doppelmayr-1875.html,,0.06077348066298342,11,11,181,5728.5414364640865,0.0,10381.499999999996,181,1,11,11.0
TSD2 de la Combe des Juments,La Clusaz (La Clusaz-Manigod - Les Aravis),45.8861696396368,6.43401861190796,45.8861696396368,6.43401861190796,45.8861696396368,6.43401861190796,https://www.remontees-mecaniques.net/bdd/reportage-tsd2-de-la-combe-des-juments-poma-343.html,,0.09944751381215469,18,11,181,5542.509392265194,0.0,9935.999999999996,181,1,18,18.0
TKD du Golet,Le Semnoz,45.80409151797518,6.097889542579651,45.80409151797518,6.097889542579651,45.80409151797518,6.097889542579651,https://www.remontees-mecaniques.net/bdd/reportage-tkd-du-golet-poma-6565.html,1474.5,0.10497237569060773,19,19,181,750.4270718232053,0.0,1332.1000000000004,181,1,19,19.0
TSF3 du Mont Méton,Les Brasses,46.17139828180018,6.454671621322632,46.17139828180018,6.454671621322632,46.17139828180018,6.454671621322632,https://www.remontees-mecaniques.net/bdd/reportage-tsf3-du-mont-meton-montaz-mautino-274.html,,0.10497237569060773,19,18,181,1367.766298342542,0.0,2458.8000000000006,181,1,19,19.0
TSD6 Olympique,Les Contamines-Montjoie (Les Contamines - Hauteluce - Évasion Mont Blanc),45.790467422244426,6.690720320839319,45.790467422244426,6.690720320839319,45.790467422244426,6.690720320839319,https://www.remontees-mecaniques.net/bdd/reportage-tsd6-olympique-poma-7859.html,1655.0,0.06077348066298342,11,11,181,5286.2790055248615,0.0,9461.0,181,1,11,11.0
TSF4 de la Croix,Les Gets (Morzine-Les Gets - Les Portes du Soleil),46.1495569671443,6.685819029808044,46.1495569671443,6.685819029808044,46.1495569671443,6.685819029808044,https://www.remontees-mecaniques.net/bdd/reportage-tsf4-de-la-croix-skirail-5957.html,,0.09944751381215469,18,11,181,4687.4983425414375,0.0,8348.4,181,1,18,18.0
TKD du Petit Chamois,Manigod (La Clusaz-Manigod - Les Aravis),45.8591468787174,6.41624093055725,45.8591468787174,6.41624093055725,45.8591468787174,6.41624093055725,https://www.remontees-mecaniques.net/bdd/reportage-tkd-du-petit-chamois-montagner-3556.html,,0.09944751381215469,18,18,181,3031.833701657457,0.0,5380.799999999999,181,1,18,18.0
TKD du Cabochon,Megève - Rochebrune-Mont d'Arbois (Arbois-Rochebrune - Évasion Mont Blanc),45.846013593858316,6.626547574996948,45.846013593858316,6.626547574996948,45.846013593858316,6.626547574996948,https://www.remontees-mecaniques.net/bdd/reportage-tkd-du-cabochon-poma-3357.html,1313.5,0.06077348066298342,11,11,181,5467.188397790057,0.0,9776.099999999997,181,1,11,11.0
TCD6 du Chamois,Megève - Rochebrune-Mont d'Arbois (Arbois-Rochebrune - Évasion Mont Blanc),45.85573214938942,6.617996692657471,45.85573214938942,6.617996692657471,45.85573214938942,6.617996692657471,https://www.remontees-mecaniques.net/bdd/reportage-tcd6-du-chamois-poma-6592.html,1201.0,0.06077348066298342,11,11,181,5467.188397790057,0.0,9776.099999999997,181,1,11,11.0
TSD6 de Chamossière,Morzine - Le Pléney (Morzine-Les Gets - Les Portes du Soleil),46.138638169433,6.71026468276978,46.138638169433,6.71026468276978,46.138638169433,6.71026468276978,https://www.remontees-mecaniques.net/bdd/reportage-tsd6-de-chamossiere-poma-4071.html,,0.09944751381215469,18,18,181,2190.2314917127087,0.0,3893.8999999999996,181,1,18,18.0
TKD de Brésy,Praz-de-Lys (Praz-de-Lys - Sommand),46.13806573463105,6.590895652770996,46.13806573463105,6.590895652770996,46.13806573463105,6.590895652770996,https://www.remontees-mecaniques.net/bdd/reportage-tkd-de-bresy-montagner-1877.html,1516.5,0.09944751381215469,18,18,181,1543.8430939226537,0.0,2747.4,181,1,18,18.0
TKD du Château,Samoëns (Le Grand Massif),46.05648504454024,6.6999971866607675,46.05648504454024,6.6999971866607675,46.05648504454024,6.6999971866607675,https://www.remontees-mecaniques.net/bdd/reportage-tkd-du-chateau-poma-6674.html,1586.5,0.09944751381215469,18,18,181,2234.605524861879,0.0,4047.3999999999987,181,1,18,18.0
TKD des Buchilles,Sommand (Praz-de-Lys - Sommand),46.16231094045824,6.571173369884491,46.16231094045824,6.571173369884491,46.16231094045824,6.571173369884491,https://www.remontees-mecaniques.net/bdd/reportage-tkd-des-buchilles-montaz-mautino-1878.html,1609.0,0.09944751381215469,18,18,181,1735.853038674035,0.0,3081.4000000000005,181,1,18,18.0
TKE des Posettes,Vallorcine (Balme - Vallée de Chamonix),46.02435092215594,6.947736740112306,46.02435092215594,6.947736740112306,46.02435092215594,6.947736740112306,https://www.remontees-mecaniques.net/bdd/reportage-tke-des-posettes-doppelmayr-7155.html,,0.09944751381215469,18,18,181,1220.0165745856348,0.0,2218.5,181,1,18,18.0
TKD de la Barme,Bonneval-sur-Arc (Haute Maurienne Vanoise),45.3695384593851,7.06571102142334,45.3695384593851,7.06571102142334,45.3695384593851,7.06571102142334,https://www.remontees-mecaniques.net/bdd/reportage-tkd-de-la-barme-poma-3913.html,2161.5,0.06077348066298342,11,11,181,1778.7591160221004,0.0,4542.500000000002,181,1,11,11.0
TSD6 des Verdons Sud,Champagny-en-Vanoise (Paradiski),45.476491949199,6.68964385986328,45.476491949199,6.68964385986328,45.476491949199,6.68964385986328,https://www.remontees-mecaniques.net/bdd/reportage-tsd6-des-verdons-sud-poma-4485.html,2154.0,0.09944751381215469,18,11,181,1622.0563535911592,0.0,2900.300000000001,181,1,18,18.0
TCD10 des Grangettes,Courchevel (Les 3 Vallées),45.421625775308996,6.642683744430543,45.421625775308996,6.642683744430543,45.421625775308996,6.642683744430543,https://www.remontees-mecaniques.net/bdd/reportage-tcd10-des-grangettes-poma-6960.html,1619.5,0.06077348066298342,11,11,181,7231.286740331488,0.0,13007.500000000005,181,1,11,11.0
TSD6 de l'Aiguille du Fruit,Courchevel (Les 3 Vallées),45.39209135160836,6.642276048660278,45.39209135160836,6.642276048660278,45.39209135160836,6.642276048660278,https://www.remontees-mecaniques.net/bdd/reportage-tsd6-de-l-aiguille-du-fruit-poma-5305.html,2034.0,0.06077348066298342,11,11,181,7231.286740331488,0.0,13007.500000000005,181,1,11,11.0
TKD des Moliettes,Crest-Voland (Espace Diamant),45.7915081779561,6.53136134147644,45.7915081779561,6.53136134147644,45.7915081779561,6.53136134147644,https://www.remontees-mecaniques.net/bdd/reportage-tkd-des-moliettes-montaz-mautino-2764.html,,0.09944751381215469,18,18,181,1986.0414364640865,0.0,3563.1000000000013,181,1,18,18.0
TKE de la Combe,La Norma (Haute Maurienne Vanoise),45.1912053768513,6.6981518268585205,45.1912053768513,6.6981518268585205,45.1912053768513,6.6981518268585205,https://www.remontees-mecaniques.net/bdd/reportage-tke-de-la-combe-doppelmayr-6178.html,1879.5,0.06077348066298342,11,11,181,2079.036464088396,0.0,4343.199999999998,181,1,11,11.0
TSD6 des Inversens,La Plagne (Paradiski),45.510422101892615,6.724995374679566,45.510422101892615,6.724995374679566,45.510422101892615,6.724995374679566,https://www.remontees-mecaniques.net/bdd/reportage-tsd6-des-inversens-poma-ingelo-6749.html,,0.06077348066298342,11,11,181,9235.23038674033,0.0,16571.700000000004,181,1,11,11.0
TSD6 de la Tête de Bellard,La Toussuire (Les Sybelles),45.2566730398156,6.25275760889053,45.2566730398156,6.25275760889053,45.2566730398156,6.25275760889053,https://www.remontees-mecaniques.net/bdd/reportage-tsd6-de-la-tete-de-bellard-doppelmayr-1677.html,1981.0,0.09944751381215469,18,11,181,4309.754696132599,0.0,7880.800000000002,181,1,18,18.0
TKF de la Millerette,Les Arcs (Paradiski),45.60333094209884,6.783226132392883,45.60333094209884,6.783226132392883,45.60333094209884,6.783226132392883,https://www.remontees-mecaniques.net/bdd/reportage-tkf-de-la-millerette-poma-5921.html,1218.0,0.06077348066298342,11,11,181,7061.487292817676,0.0,12948.499999999995,181,1,11,11.0
TSD6 du Carreley,Les Arcs (Paradiski),45.572370886727015,6.784454584121704,45.572370886727015,6.784454584121704,45.572370886727015,6.784454584121704,https://www.remontees-mecaniques.net/bdd/reportage-tsd6-du-carreley-leitner-ingelo-5784.html,,0.06077348066298342,11,11,181,7061.487292817676,0.0,12948.499999999995,181,1,11,11.0
TSF4 du Grand Col,Les Arcs (Paradiski),45.5478745600725,6.82507127523422,45.5478745600725,6.82507127523422,45.5478745600725,6.82507127523422,https://www.remontees-mecaniques.net/bdd/reportage-tsf4-du-grand-col-poma-3271.html,2638.5,0.06077348066298342,11,11,181,7061.487292817676,0.0,12948.499999999995,181,1,11,11.0
TCD8/10 des Bruyères,Les Menuires (Les 3 Vallées),45.3122388304907,6.54249787330627,45.3122388304907,6.54249787330627,45.3122388304907,6.54249787330627,https://www.remontees-mecaniques.net/bdd/reportage-tcd8-10-des-bruyeres-poma-2112.html,2027.0,0.06077348066298342,11,11,181,4390.169060773477,0.0,8086.700000000001,181,1,11,11.0
TSD6B du Mont de la Chambre,Les Menuires (Les 3 Vallées),45.318778062263284,6.578798890113831,45.318778062263284,6.578798890113831,45.318778062263284,6.578798890113831,https://www.remontees-mecaniques.net/bdd/reportage-tsd6b-du-mont-de-la-chambre-poma-6298.html,2446.0,0.06077348066298342,11,11,181,4390.169060773477,0.0,8086.700000000001,181,1,11,11.0
TCD10 des Rosières,Les Saisies (Espace Diamant),45.73738624609608,6.505260229896522,45.73738624609608,6.505260229896522,45.73738624609608,6.505260229896522,https://www.remontees-mecaniques.net/bdd/reportage-tcd10-des-rosieres-poma-8685.html,1722.5,0.06077348066298342,11,11,181,6514.234806629835,0.0,11865.099999999993,181,1,11,11.0
TSF4 de l'Edelweiss,Pralognan-la-Vanoise,45.3809902960973,6.72305077314377,45.3809902960973,6.72305077314377,45.3809902960973,6.72305077314377,https://www.remontees-mecaniques.net/bdd/reportage-tsf4-de-l-edelweiss-poma-3196.html,1538.0,0.06077348066298342,11,11,181,3082.1900552486168,0.0,5511.5999999999985,181,1,11,11.0
TSD6 du Marquis,Saint-François-Longchamp (Le Grand Domaine),45.4145637000498,6.35883629322052,45.4145637000498,6.35883629322052,45.4145637000498,6.35883629322052,https://www.remontees-mecaniques.net/bdd/reportage-tsd6-du-marquis-poma-190.html,1784.0,0.06077348066298342,11,11,181,3326.0419889502737,0.0,5978.700000000002,181,1,11,11.0
TKD du Choucas,Saint-Sorlin-d'Arves (Les Sybelles),45.2182619144881,6.22929364442825,45.2182619144881,6.22929364442825,45.2182619144881,6.22929364442825,https://www.remontees-mecaniques.net/bdd/reportage-tkd-du-choucas-montaz-mautino-2379.html,1541.0,0.09944751381215469,18,18,181,3232.9226519337017,0.0,6152.399999999999,181,1,18,18.0
TKD du Chardonnet,Tignes (Espace Tignes-Val d'Isère),45.4679827037289,6.90221965312958,45.4679827037289,6.90221965312958,45.4679827037289,6.90221965312958,https://www.remontees-mecaniques.net/bdd/reportage-tkd-du-chardonnet-poma-2040.html,2241.0,0.06077348066298342,11,11,181,7473.4497237569085,0.0,14787.700000000006,181,1,11,11.0
TSF4 du Grand Huit,Tignes (Espace Tignes-Val d'Isère),45.4664778405211,6.88568919897079,45.4664778405211,6.88568919897079,45.4664778405211,6.88568919897079,https://www.remontees-mecaniques.net/bdd/reportage-tsf4-du-grand-huit-skirail-2056.html,,0.06077348066298342,11,11,181,7473.4497237569085,0.0,14787.700000000006,181,1,11,11.0
TCD10 du Vallon,Val d'Isère (Espace Tignes-Val d'Isère),45.42080495562175,7.033309936523438,45.42080495562175,7.033309936523438,45.42080495562175,7.033309936523438,https://www.remontees-mecaniques.net/bdd/reportage-tcd10-du-vallon-poma-ingelo-9108.html,,0.06077348066298342,11,11,181,8097.030386740336,0.0,16810.9,181,1,11,11.0
TSD4 de la Cascade,Val d'Isère (Espace Tignes-Val d'Isère),45.4215241148025,7.03999131917953,45.4215241148025,7.03999131917953,45.4215241148025,7.03999131917953,https://www.remontees-mecaniques.net/bdd/reportage-tsd4-de-la-cascade-leitner-521.html,,0.06077348066298342,11,11,181,8097.030386740336,0.0,16810.9,181,1,11,11.0
TKD du Château Ripaille,Valloire (Galibier Thabor),45.16283294166183,6.459842920303346,45.16283294166183,6.459842920303346,45.16283294166183,6.459842920303346,https://www.remontees-mecaniques.net/bdd/reportage-tkd-du-chateau-ripaille-gmm-6891.html,2203.0,0.06077348066298342,11,11,181,3330.625966850829,0.0,6269.500000000004,181,1,11,11.0
TSF4 de la Girodière,Valmeinier (Galibier Thabor),45.1813505549435,6.47892683744431,45.1813505549435,6.47892683744431,45.1813505549435,6.47892683744431,https://www.remontees-mecaniques.net/bdd/reportage-tsf4-de-la-girodiere-poma-1032.html,1564.0,0.06077348066298342,11,11,181,3402.902762430942,0.0,6310.300000000001,181,1,11,11.0
TKD des Charmettes II,Valmorel (Le Grand Domaine),45.48257465344839,6.434203693301129,45.48257465344839,6.434203693301129,45.48257465344839,6.434203693301129,https://www.remontees-mecaniques.net/bdd/reportage-tkd-des-charmettes-ii-montaz-mautino-6475.html,1515.0,0.06077348066298342,11,11,181,7019.244198895025,0.0,12780.499999999996,181,1,11,11.0
TSD4 des Louvets,Auris-en-Oisans (Alpe d'Huez Grand Domaine Ski),45.0786914648811,6.08417809009552,45.0786914648811,6.08417809009552,45.0786914648811,6.08417809009552,https://www.remontees-mecaniques.net/bdd/reportage-tsd4-des-louvets-poma-637.html,1803.5,0.10497237569060773,19,18,181,1778.7165745856344,0.0,3581.6000000000017,181,1,19,19.0
TCD8/10 de la Croix,Chamrousse,45.125372776495674,5.879474580287933,45.125372776495674,5.879474580287933,45.125372776495674,5.879474580287933,https://www.remontees-mecaniques.net/bdd/reportage-tcd8-10-de-la-croix-poma-6385.html,,0.09944751381215469,18,18,181,2890.91491712707,0.0,5750.699999999999,181,1,18,18.0
TKD Pierre Blanche,Gresse-en-Vercors,44.8934808891434,5.53923368453979,44.8934808891434,5.53923368453979,44.8934808891434,5.53923368453979,https://www.remontees-mecaniques.net/bdd/reportage-tkd-pierre-blanche-poma-3502.html,,0.10497237569060773,19,11,181,666.7872928176798,0.0,1334.2999999999997,181,1,19,19.0
TSD8 des Crêtes,Les Deux Alpes,45.010902865350026,6.140327453613282,45.010902865350026,6.140327453613282,45.010902865350026,6.140327453613282,https://www.remontees-mecaniques.net/bdd/reportage-tsd8-des-cretes-ingelo-doppelmayr-7679.html,,0.06077348066298342,11,11,181,6892.693922651938,0.0,13556.1,181,1,11,11.0
TSF2 de l'Alpette,Les Deux Alpes,45.01219986761,6.12680107355118,45.01219986761,6.12680107355118,45.01219986761,6.12680107355118,https://www.remontees-mecaniques.net/bdd/reportage-tsf2-de-l-alpette-montaz-mautino-2154.html,1721.5,0.06077348066298342,11,11,181,6892.693922651938,0.0,13556.1,181,1,11,11.0
TSF4 de Pincerie,Les Sept Laux,45.2720513283764,6.05453431573551,45.2720513283764,6.05453431573551,45.2720513283764,6.05453431573551,https://www.remontees-mecaniques.net/bdd/reportage-tsf4-de-pincerie-doppelmayr-1569.html,,0.09944751381215469,18,11,181,4259.870165745856,0.0,8228.0,181,1,18,18.0
TSF4 de la Forêt,Méaudre,45.1263795528994,5.50768822431564,45.1263795528994,5.50768822431564,45.1263795528994,5.50768822431564,https://www.remontees-mecaniques.net/bdd/reportage-tsf4-de-la-foret-poma-3606.html,,0.20441988950276244,37,36,181,354.89502762430965,0.0,612.6000000000003,181,1,37,37.0
TSF4 du Vallonnet,Vaujany (Alpe d'Huez Grand Domaine Ski),45.1631204049213,6.10102772712708,45.1631204049213,6.10102772712708,45.1631204049213,6.10102772712708,https://www.remontees-mecaniques.net/bdd/reportage-tsf4-du-vallonnet-poma-2564.html,1840.5,0.10497237569060773,19,19,181,1069.3552486187832,0.0,2021.1,181,1,19,19.0
TCD6 du Pré des Preys,Villard-de-Lans (Espace Villard-Corrençon),45.0448356330426,5.55962651968002,45.0448356330426,5.55962651968002,45.0448356330426,5.55962651968002,https://www.remontees-mecaniques.net/bdd/reportage-tcd6-du-pre-des-preys-poma-2173.html,1160.0,0.10497237569060773,19,11,181,865.0441988950276,0.0,1604.0,181,1,19,19.0
TKD de l'Oratoire,Chaillol (Champsaur 3Gliss),44.68321705320421,6.164617538452148,44.68321705320421,6.164617538452148,44.68321705320421,6.164617538452148,https://www.remontees-mecaniques.net/bdd/reportage-tkd-de-l-oratoire-montaz-mautino-5201.html,1465.0,0.09944751381215469,18,11,181,786.2977900552489,0.0,1676.1999999999998,181,1,18,18.0
TSD6 de Pelourenq,Le Dévoluy,44.6760841898958,5.92615574598312,44.6760841898958,5.92615574598312,44.6760841898958,5.92615574598312,https://www.remontees-mecaniques.net/bdd/reportage-tsd6-de-pelourenq-leitner-2387.html,1568.0,0.06077348066298342,11,11,181,2744.439779005526,0.0,5644.000000000001,181,1,11,11.0
TKF École Chanteloube,Le Monêtier-les-Bains (Serre Chevalier Vallée),44.97112760321882,6.508158892393112,44.97112760321882,6.508158892393112,44.97112760321882,6.508158892393112,https://www.remontees-mecaniques.net/bdd/reportage-tkf-ecole-chanteloube-poma-7742.html,1484.0,0.06077348066298342,11,11,181,1997.7591160220986,0.0,3990.999999999999,181,1,11,11.0
TSF4 de l'Aya,Le Monêtier-les-Bains (Serre Chevalier Vallée),44.9710868055852,6.50932431221008,44.9710868055852,6.50932431221008,44.9710868055852,6.50932431221008,https://www.remontees-mecaniques.net/bdd/reportage-tsf4-de-l-aya-poma-2300.html,1648.0,0.06077348066298342,11,11,181,1997.7591160220986,0.0,3990.999999999999,181,1,11,11.0
TKD du Riou Sec,Les Orres,44.486341519375564,6.558237075805664,44.486341519375564,6.558237075805664,44.486341519375564,6.558237075805664,https://www.remontees-mecaniques.net/bdd/reportage-tkd-du-riou-sec-montaz-mautino-3261.html,,0.06077348066298342,11,11,181,2027.2464088397799,0.0,4301.200000000001,181,1,11,11.0
TKD de la Troïka,Molines-en-Queyras (Beauregard - Queyras),44.72121620854616,6.851402521133424,44.72121620854616,6.851402521133424,44.72121620854616,6.851402521133424,https://www.remontees-mecaniques.net/bdd/reportage-tkd-de-la-troika-montaz-mautino-7548.html,1765.0,0.06077348066298342,11,11,181,924.7966850828732,0.0,1883.1000000000004,181,1,11,11.0
TKD des Ajourdines,Pelvoux-Vallouise,44.8567529391153,6.48022502660751,44.8567529391153,6.48022502660751,44.8567529391153,6.48022502660751,https://www.remontees-mecaniques.net/bdd/reportage-tkd-des-ajourdines-poma-3776.html,1679.5,0.09944751381215469,18,11,181,1040.562430939226,0.0,2071.2,181,1,18,18.0
TKD de l'Alp,Pelvoux-Vallouise,44.8620935667902,6.46919041872025,44.8620935667902,6.46919041872025,44.8620935667902,6.46919041872025,https://www.remontees-mecaniques.net/bdd/reportage-tkd-de-l-alp-montaz-mautino-3797.html,1847.5,0.09944751381215469,18,11,181,1040.562430939226,0.0,2071.2,181,1,18,18.0
TKF Exercice 1400,Puy-Saint-Vincent,44.826627773773,6.49793565273285,44.826627773773,6.49793565273285,44.826627773773,6.49793565273285,https://www.remontees-mecaniques.net/bdd/reportage-tkf-exercice-1400-montaz-mautino-3671.html,,0.06077348066298342,11,11,181,1856.925414364639,0.0,3684.1,181,1,11,11.0
TKD du Rocher Noir,Puy-Saint-Vincent,44.8081454958516,6.47460848093033,44.8081454958516,6.47460848093033,44.8081454958516,6.47460848093033,https://www.remontees-mecaniques.net/bdd/reportage-tkd-du-rocher-noir-montaz-mautino-1785.html,2090.0,0.06077348066298342,11,11,181,1856.925414364639,0.0,3684.1,181,1,11,11.0
TKD de l'Exercice,Risoul (La Forêt Blanche),44.619565477396534,6.631579399763724,44.619565477396534,6.631579399763724,44.619565477396534,6.631579399763724,https://www.remontees-mecaniques.net/bdd/reportage-tkd-de-l-exercice-poma-8621.html,1905.5,0.06077348066298342,11,11,181,2167.664088397791,0.0,4384.799999999999,181,1,11,11.0
TSF4 du Mélézet,Risoul (La Forêt Blanche),44.62075754401532,6.63349449634552,44.62075754401532,6.63349449634552,44.62075754401532,6.63349449634552,https://www.remontees-mecaniques.net/bdd/reportage-tsf4-du-melezet-poma-5480.html,2009.5,0.06077348066298342,11,11,181,2167.664088397791,0.0,4384.799999999999,181,1,11,11.0
TSD6 de Peyrol,Vars (La Forêt Blanche),44.5915005448773,6.67083889245987,44.5915005448773,6.67083889245987,44.5915005448773,6.67083889245987,https://www.remontees-mecaniques.net/bdd/reportage-tsd6-de-peyrol-leitner-442.html,2338.0,0.06077348066298342,11,11,181,2011.5569060773473,0.0,4120.099999999999,181,1,11,11.0
TKD des Barres,Villeneuve (Serre Chevalier Vallée),44.92746608340199,6.537779867649078,44.92746608340199,6.537779867649078,44.92746608340199,6.537779867649078,https://www.remontees-mecaniques.net/bdd/reportage-tkd-des-barres-poma-5217.html,2161.5,0.06077348066298342,11,11,181,3559.918232044199,0.0,7048.199999999999,181,1,11,11.0
TSD6 de la Forêt,Villeneuve (Serre Chevalier Vallée),44.924188,6.561881,44.924188,6.561881,44.924188,6.561881,https://www.remontees-mecaniques.net/bdd/reportage-tsd6-de-la-foret-poma-120.html,2182.0,0.06077348066298342,11,11,181,3559.918232044199,0.0,7048.199999999999,181,1,11,11.0
TKD du Riou,Auron,44.22380963044267,6.924857497215271,44.22380963044267,6.924857497215271,44.22380963044267,6.924857497215271,https://www.remontees-mecaniques.net/bdd/reportage-tkd-du-riou-poma-6403.html,1631.0,0.06077348066298342,11,11,181,1322.8812154696138,0.0,3207.099999999999,181,1,11,11.0
TKD des Combes,Chabanon,44.33522963160718,6.294696629047394,44.33522963160718,6.294696629047394,44.33522963160718,6.294696629047394,https://www.remontees-mecaniques.net/bdd/reportage-tkd-des-combes-poma-7242.html,1855.0,0.10497237569060773,19,11,181,712.0662983425422,0.0,1618.5000000000005,181,1,19,19.0
TKD Saint Sauveur,Isola 2000,44.1820847015371,7.1392410993576,44.1820847015371,7.1392410993576,44.1820847015371,7.1392410993576,https://www.remontees-mecaniques.net/bdd/reportage-tkd-saint-sauveur-poma-3680.html,,0.06077348066298342,11,11,181,2376.4994475138114,0.0,6126.700000000001,181,1,11,11.0
TKD des Trois Mélèzes,Le Sauze,44.362822466289494,6.685609817504883,44.362822466289494,6.685609817504883,44.362822466289494,6.685609817504883,https://www.remontees-mecaniques.net/bdd/reportage-tkd-des-trois-melezes-poma-6432.html,1696.0,0.06077348066298342,11,11,181,1838.3944751381216,0.0,4060.0000000000005,181,1,11,11.0
TKF du Jouquet,Le Sauze,44.354816012924196,6.700383424758911,44.354816012924196,6.700383424758911,44.354816012924196,6.700383424758911,https://www.remontees-mecaniques.net/bdd/reportage-tkf-du-jouquet-poma-6425.html,1692.0,0.06077348066298342,11,11,181,1838.3944751381216,0.0,4060.0000000000005,181,1,11,11.0
TKD des Crêtes,Mont Serein - Ventoux,44.18327340556728,5.2685773372650155,44.18327340556728,5.2685773372650155,44.18327340556728,5.2685773372650155,https://www.remontees-mecaniques.net/bdd/reportage-tkd-des-cretes-poma-9285.html,,0.281767955801105,51,43,181,113.25082872928178,0.0,190.20000000000002,181,1,51,51.0
TKD de la Lisière,Mont Serein - Ventoux,44.18321954894512,5.262740850448608,44.18321954894512,5.262740850448608,44.18321954894512,5.262740850448608,https://www.remontees-mecaniques.net/bdd/reportage-tkd-de-la-lisiere-poma-3705.html,1428.0,0.281767955801105,51,43,181,113.25082872928178,0.0,190.20000000000002,181,1,51,51.0
TSF3 des Agneliers,Pra Loup (La Foux-Pra Loup - Espace Lumière),44.331415558802654,6.584286689758301,44.331415558802654,6.584286689758301,44.331415558802654,6.584286689758301,https://www.remontees-mecaniques.net/bdd/reportage-tsf3-des-agneliers-montaz-mautino-2428.html,1872.5,0.06077348066298342,11,11,181,1434.7226519337023,0.0,3180.2000000000007,181,1,11,11.0
TKD des Chalets,Ax 3 Domaines,42.67386162883224,1.7956745624542236,42.67386162883224,1.7956745624542236,42.67386162883224,1.7956745624542236,https://www.remontees-mecaniques.net/bdd/reportage-tkd-des-chalets-poma-3054.html,2004.5,0.06077348066298342,11,11,181,2285.327624309392,0.0,4450.100000000001,181,1,11,11.0
TSD6 du Lièvre Blanc,Ax 3 Domaines,42.699338900600615,1.8118590116500854,42.699338900600615,1.8118590116500854,42.699338900600615,1.8118590116500854,https://www.remontees-mecaniques.net/bdd/reportage-tsd6-du-lievre-blanc-poma-363.html,1700.0,0.06077348066298342,11,11,181,2285.327624309392,0.0,4450.100000000001,181,1,11,11.0
TSF4 du Castillon,Barèges (Grand Tourmalet),42.89838063365474,0.10063782334327698,42.89838063365474,0.10063782334327698,42.89838063365474,0.10063782334327698,https://www.remontees-mecaniques.net/bdd/reportage-tsf4-du-castillon-poma-1821.html,,0.11049723756906077,20,12,181,1276.030939226519,0.0,2648.0,181,1,20,20.0
TKD de Font-Frède,Cambre d'Aze,42.4676017907993,2.11432995190989,42.4676017907993,2.11432995190989,42.4676017907993,2.11432995190989,https://www.remontees-mecaniques.net/bdd/reportage-tkd-de-font-frede-montaz-mautino-5075.html,2312.0,0.06629834254143646,12,12,181,645.9911602209953,0.0,1538.1000000000001,181,1,12,12.0
TKD de Courtaril,Camurac,42.7892518059355,1.93255841732025,42.7892518059355,1.93255841732025,42.7892518059355,1.93255841732025,https://www.remontees-mecaniques.net/bdd/reportage-tkd-de-courtaril-montaz-mautino-916.html,1329.0,0.19889502762430938,36,21,181,352.11933701657483,0.0,640.3999999999999,181,1,36,36.0
TKD des Colchiques,Font-Romeu - Pyrénées 2000,42.52170575150815,2.0597460865974426,42.52170575150815,2.0597460865974426,42.52170575150815,2.0597460865974426,https://www.remontees-mecaniques.net/bdd/reportage-tkd-des-colchiques-poma-691.html,1849.0,0.06629834254143646,12,12,181,1664.8530386740333,0.0,3780.600000000001,181,1,12,12.0
TSF4 de la Calme Nord,Font-Romeu - Pyrénées 2000,42.542818844435864,2.0053213834762573,42.542818844435864,2.0053213834762573,42.542818844435864,2.0053213834762573,https://www.remontees-mecaniques.net/bdd/reportage-tsf4-de-la-calme-nord-poma-838.html,2068.5,0.06629834254143646,12,12,181,1664.8530386740333,0.0,3780.600000000001,181,1,12,12.0
TSF4 des Béarnais,La Mongie (Grand Tourmalet),42.907076600367546,0.16378775238990784,42.907076600367546,0.16378775238990784,42.907076600367546,0.16378775238990784,https://www.remontees-mecaniques.net/bdd/reportage-tsf4-des-bearnais-poma-1831.html,,0.06629834254143646,12,11,181,2534.767955801105,0.0,5395.5,181,1,12,12.0
TSD6 du Cap de Pales,Peyragudes,42.7873464053976,0.477135479450226,42.7873464053976,0.477135479450226,42.7873464053976,0.477135479450226,https://www.remontees-mecaniques.net/bdd/reportage-tsd6-du-cap-de-pales-poma-422.html,,0.06629834254143646,12,11,181,2113.4707182320444,0.0,4444.300000000001,181,1,12,12.0
TSD4 du Privilège,Peyragudes,42.7896533498058,0.444895327091217,42.7896533498058,0.444895327091217,42.7896533498058,0.444895327091217,https://www.remontees-mecaniques.net/bdd/reportage-tsd4-du-privilege-poma-421.html,1601.0,0.06629834254143646,12,11,181,2113.4707182320444,0.0,4444.300000000001,181,1,12,12.0
TSF4 Cabanou,Peyragudes,42.786474389514,0.444903373718262,42.786474389514,0.444903373718262,42.786474389514,0.444903373718262,https://www.remontees-mecaniques.net/bdd/reportage-tsf4-cabanou-poma-1794.html,1675.0,0.06629834254143646,12,11,181,2113.4707182320444,0.0,4444.300000000001,181,1,12,12.0
TSF3 du Cantoural,Piau-Engaly,42.783139750466944,0.15792310237884521,42.783139750466944,0.15792310237884521,42.783139750466944,0.15792310237884521,https://www.remontees-mecaniques.net/bdd/reportage-tsf3-du-cantoural-montaz-mautino-3245.html,,0.10497237569060773,19,19,181,1016.0944751381213,0.0,2215.099999999999,181,1,19,19.0
TCD10 d'Espiaube,Saint-Lary-Soulan,42.826057037436925,0.2578353881835938,42.826057037436925,0.2578353881835938,42.826057037436925,0.2578353881835938,https://www.remontees-mecaniques.net/bdd/reportage-tcd10-d-espiaube-mnd-ropeways-bartholet-8398.html,,0.06629834254143646,12,11,181,4065.829281767956,0.0,8548.599999999999,181,1,12,12.0
TKD Arrouyes,Saint-Lary-Soulan,42.8286025261155,0.222178101539612,42.8286025261155,0.222178101539612,42.8286025261155,0.222178101539612,https://www.remontees-mecaniques.net/bdd/reportage-tkd-arrouyes-poma-4297.html,,0.06629834254143646,12,11,181,4065.829281767956,0.0,8548.599999999999,181,1,12,12.0
TSF2 des Rochers,Val Louron,42.7910331449163,0.387922525405884,42.7910331449163,0.387922525405884,42.7910331449163,0.387922525405884,https://www.remontees-mecaniques.net/bdd/reportage-tsf2-des-rochers-poma-3757.html,,0.10497237569060773,19,12,181,1108.774585635359,0.0,2325.199999999998,181,1,19,19.0
TKD des Vergnes 1,Brameloup,44.582214894429306,3.0136013031005864,44.582214894429306,3.0136013031005864,44.582214894429306,3.0136013031005864,https://www.remontees-mecaniques.net/bdd/reportage-tkd-des-vergnes-1-montaz-mautino-8944.html,,0.19889502762430938,36,20,181,322.4475138121547,0.0,619.5,181,1,36,36.0
TKD des Gentianes,Mijoux - La Faucille (Monts Jura),46.3653154878736,6.01315051317215,46.3653154878736,6.01315051317215,46.3653154878736,6.01315051317215,https://www.remontees-mecaniques.net/bdd/reportage-tkd-des-gentianes-poma-1690.html,,0.11049723756906077,20,20,181,551.8839779005536,0.0,998.6,181,1,20,20.0
TKD du Tourtet,Le Ballon d'Alsace,47.80831436337642,6.848635822534561,47.80831436337642,6.848635822534561,47.80831436337642,6.848635822534561,https://www.remontees-mecaniques.net/bdd/reportage-tkd-du-tourtet-montaz-mautino-5648.html,1113.0,0.11049723756906077,20,20,181,496.006629834255,0.0,814.2999999999998,181,1,20,20.0
TKD Tremplin 2,Le Markstein,47.931291,7.035247,47.931291,7.035247,47.931291,7.035247,https://www.remontees-mecaniques.net/bdd/reportage-tkd-tremplin-2-poma-2661.html,1099.0,0.11049723756906077,20,19,181,472.32596685082825,0.0,773.4000000000001,181,1,20,20.0
TKD Le Moyen,Rouge Gazon,47.854796858631964,6.9106364250183105,47.854796858631964,6.9106364250183105,47.854796858631964,6.9106364250183105,https://www.remontees-mecaniques.net/bdd/reportage-tkd-le-moyen-montaz-mautino-4194.html,1074.5,0.287292817679558,52,48,181,70.66353591160222,0.0,117.49999999999997,181,1,52,52.0
TSCF2-2 Transcanal,Palavas-les-Flots,43.5266620184455,3.93188238143921,43.5266620184455,3.93188238143921,43.5266620184455,3.93188238143921,https://www.remontees-mecaniques.net/bdd/reportage-tscf2-2-transcanal-poma-3432.html,,1.0,181,181,181,0.048618784530386656,0.0,0.1,181,1,181,181.0
TKF du Covagny,Abondance (Les Portes du Soleil),46.264608,6.707577,46.264608,6.707577,46.264608,6.707577,https://www.remontees-mecaniques.net/bdd/reportage-tkf-du-covagny-montaz-mautino-7554.html,1313.5,0.10497237569060773,19,19,181,929.0972375690612,0.0,1695.4000000000003,181,1,19,19.0
TKE des Follys,Abondance (Les Portes du Soleil),46.266639439905305,6.687315702438355,46.266639439905305,6.687315702438355,46.266639439905305,6.687315702438355,https://www.remontees-mecaniques.net/bdd/reportage-tke-des-follys-gmm-7850.html,1534.0,0.10497237569060773,19,19,181,929.0972375690612,0.0,1695.4000000000003,181,1,19,19.0
TKD de la Chapelle,Avoriaz (Morzine-Avoriaz - Les Portes du Soleil),46.19724775291864,6.772872805595398,46.19724775291864,6.772872805595398,46.19724775291864,6.772872805595398,https://www.remontees-mecaniques.net/bdd/reportage-tkd-de-la-chapelle-poma-8572.html,1820.0,0.06077348066298342,11,10,181,6126.023756906075,0.0,10831.700000000004,181,1,11,11.0
TSD6 des Cases,Avoriaz (Morzine-Avoriaz - Les Portes du Soleil),46.19540667477427,6.794566013541183,46.19540667477427,6.794566013541183,46.19540667477427,6.794566013541183,https://www.remontees-mecaniques.net/bdd/reportage-tsd6-des-cases-leitner-7367.html,1939.0,0.06077348066298342,11,10,181,6126.023756906075,0.0,10831.700000000004,181,1,11,11.0
TKE du Palet Roulant,Bellevaux - Hirmentaz (Hirmentaz - Les Habères),46.247111028244774,6.507360935211182,46.247111028244774,6.507360935211182,46.247111028244774,6.507360935211182,https://www.remontees-mecaniques.net/bdd/reportage-tke-du-palet-roulant-poma-6362.html,1256.5,0.09944751381215469,18,11,181,2123.7187845303843,0.0,4115.8,181,1,18,18.0
TKD de l'Aiguillette,Chamonix-Mont-Blanc - Le Tour (Balme - Vallée de Chamonix),46.019108347747064,6.942377686500549,46.019108347747064,6.942377686500549,46.019108347747064,6.942377686500549,https://www.remontees-mecaniques.net/bdd/reportage-tkd-de-l-aiguillette-montagner-7429.html,,0.09944751381215469,18,11,181,2904.868508287292,0.0,5242.700000000003,181,1,18,18.0
TKD de la Vormaine 1,Chamonix-Mont-Blanc - Le Tour (Balme - Vallée de Chamonix),46.00328578307847,6.950719400317326,46.00328578307847,6.950719400317326,46.00328578307847,6.950719400317326,https://www.remontees-mecaniques.net/bdd/reportage-tkd-de-la-vormaine-1-montaz-mautino-6750.html,1499.0,0.09944751381215469,18,11,181,2904.868508287292,0.0,5242.700000000003,181,1,18,18.0
TKE du Douanier,Châtel (Les Portes du Soleil),46.29012366364265,6.853816509246827,46.29012366364265,6.853816509246827,46.29012366364265,6.853816509246827,https://www.remontees-mecaniques.net/bdd/reportage-tke-du-douanier-poma-7285.html,1876.0,0.06077348066298342,11,11,181,4526.320441988953,0.0,8116.599999999998,181,1,11,11.0
TSD4 du Gabelou,Châtel (Les Portes du Soleil),46.25290907743221,6.832315921783447,46.25290907743221,6.832315921783447,46.25290907743221,6.832315921783447,https://www.remontees-mecaniques.net/bdd/reportage-tsd4-du-gabelou-poma-5404.html,1267.0,0.06077348066298342,11,11,181,4526.320441988953,0.0,8116.599999999998,181,1,11,11.0
TB2 de Flaine Supérieur,Flaine (Le Grand Massif),46.00526395481301,6.698221564292908,46.00526395481301,6.698221564292908,46.00526395481301,6.698221564292908,https://www.remontees-mecaniques.net/bdd/reportage-tb2-de-flaine-superieur-dcsa-creissels-6221.html,1646.5,0.06077348066298342,11,11,181,5728.5414364640865,0.0,10381.499999999996,181,1,11,11.0
TKE de l'Aigle,Le Semnoz,45.7812808358012,6.107304096221925,45.7812808358012,6.107304096221925,45.7812808358012,6.107304096221925,https://www.remontees-mecaniques.net/bdd/reportage-tke-de-l-aigle-poma-6603.html,1525.0,0.10497237569060773,19,19,181,750.4270718232053,0.0,1332.1000000000004,181,1,19,19.0
TKD de Rochefort,Megève - Rochebrune-Mont d'Arbois (Arbois-Rochebrune - Évasion Mont Blanc),45.815483076170494,6.629798412322998,45.815483076170494,6.629798412322998,45.815483076170494,6.629798412322998,https://www.remontees-mecaniques.net/bdd/reportage-tkd-de-rochefort-poma-816.html,1791.0,0.06077348066298342,11,11,181,5467.188397790057,0.0,9776.099999999997,181,1,11,11.0
TSD4 de l'Idéal,Megève - Rochebrune-Mont d'Arbois (Arbois-Rochebrune - Évasion Mont Blanc),45.8473121150749,6.65210098028183,45.8473121150749,6.65210098028183,45.8473121150749,6.65210098028183,https://www.remontees-mecaniques.net/bdd/reportage-tsd4-de-l-ideal-poma-3101.html,1500.0,0.06077348066298342,11,11,181,5467.188397790057,0.0,9776.099999999997,181,1,11,11.0
TSD6 de l'Alpette,Megève - Rochebrune-Mont d'Arbois (Arbois-Rochebrune - Évasion Mont Blanc),45.828738,6.608534,45.828738,6.608534,45.828738,6.608534,https://www.remontees-mecaniques.net/bdd/reportage-tsd6-de-l-alpette-leitner-157.html,1730.5,0.06077348066298342,11,11,181,5467.188397790057,0.0,9776.099999999997,181,1,11,11.0
TCD10 de Morillon,Morillon (Le Grand Massif),46.0814098823735,6.68057262897491,46.0814098823735,6.68057262897491,46.0814098823735,6.68057262897491,https://www.remontees-mecaniques.net/bdd/reportage-tcd10-de-morillon-poma-1617.html,897.0,0.10497237569060773,19,18,181,1326.6381215469628,0.0,2416.7,181,1,19,19.0
ASC des Thermes,Saint-Gervais - Le Bettex (Arbois-Rochebrune - Évasion Mont Blanc),45.898013726764404,6.70635223563295,45.898013726764404,6.70635223563295,45.898013726764404,6.70635223563295,https://www.remontees-mecaniques.net/bdd/reportage-asc-des-thermes-poma-8855.html,608.0,0.06077348066298342,11,11,181,4448.155801104968,0.0,7904.0,181,1,11,11.0
TSD6 du Mont Joux,Saint-Gervais - Le Bettex (Arbois-Rochebrune - Évasion Mont Blanc),45.84865170879397,6.663637161254883,45.84865170879397,6.663637161254883,45.84865170879397,6.663637161254883,https://www.remontees-mecaniques.net/bdd/reportage-tsd6-du-mont-joux-leitner-5412.html,1795.0,0.06077348066298342,11,11,181,4448.155801104968,0.0,7904.0,181,1,11,11.0
TSF4 du Parchet,Thollon-les-Mémises,46.37907966789288,6.7303235828876495,46.37907966789288,6.7303235828876495,46.37907966789288,6.7303235828876495,https://www.remontees-mecaniques.net/bdd/reportage-tsf4-du-parchet-poma-6810.html,,0.10497237569060773,19,19,181,609.5690607734807,0.0,981.0,181,1,19,19.0
TKD de l'Epicéa,Courchevel (Les 3 Vallées),45.4201874503769,6.63160353899002,45.4201874503769,6.63160353899002,45.4201874503769,6.63160353899002,https://www.remontees-mecaniques.net/bdd/reportage-tkd-de-l-epicea-poma-3724.html,1801.0,0.06077348066298342,11,11,181,7231.286740331488,0.0,13007.500000000005,181,1,11,11.0
TSD6 du Roc Mugnier,Courchevel (Les 3 Vallées),45.3920800500982,6.6439014673233,45.3920800500982,6.6439014673233,45.3920800500982,6.6439014673233,https://www.remontees-mecaniques.net/bdd/reportage-tsd6-du-roc-mugnier-doppelmayr-3526.html,2008.0,0.06077348066298342,11,11,181,7231.286740331488,0.0,13007.500000000005,181,1,11,11.0
TSF3 du Clot,La Norma (Haute Maurienne Vanoise),45.18806744490421,6.723337769508362,45.18806744490421,6.723337769508362,45.18806744490421,6.723337769508362,https://www.remontees-mecaniques.net/bdd/reportage-tsf3-du-clot-poma-6068.html,2190.0,0.06077348066298342,11,11,181,2079.036464088396,0.0,4343.199999999998,181,1,11,11.0
TSF4 du Carrelet,La Norma (Haute Maurienne Vanoise),45.19041145861024,6.696692705154419,45.19041145861024,6.696692705154419,45.19041145861024,6.696692705154419,https://www.remontees-mecaniques.net/bdd/reportage-tsf4-du-carrelet-gmm-6016.html,1830.0,0.06077348066298342,11,11,181,2079.036464088396,0.0,4343.199999999998,181,1,11,11.0
TKD d'Aime-La Plagne,La Plagne (Paradiski),45.50776235251815,6.668719947338104,45.50776235251815,6.668719947338104,45.50776235251815,6.668719947338104,https://www.remontees-mecaniques.net/bdd/reportage-tkd-d-aime-la-plagne-montaz-mautino-5431.html,2089.0,0.06077348066298342,11,11,181,9235.23038674033,0.0,16571.700000000004,181,1,11,11.0
TKE des Stades,La Plagne (Paradiski),45.50849732056541,6.667856276035309,45.50849732056541,6.667856276035309,45.50849732056541,6.667856276035309,https://www.remontees-mecaniques.net/bdd/reportage-tke-des-stades-doppelmayr-5817.html,2100.5,0.06077348066298342,11,11,181,9235.23038674033,0.0,16571.700000000004,181,1,11,11.0
TSF6 des Quillis,La Plagne (Paradiski),45.489354946986,6.71066701412201,45.489354946986,6.71066701412201,45.489354946986,6.71066701412201,https://www.remontees-mecaniques.net/bdd/reportage-tsf6-des-quillis-poma-1037.html,,0.06077348066298342,11,11,181,9235.23038674033,0.0,16571.700000000004,181,1,11,11.0
TKE Manessier,La Rosière (Espace San Bernardo),45.6286752843236,6.84463262557983,45.6286752843236,6.84463262557983,45.6286752843236,6.84463262557983,https://www.remontees-mecaniques.net/bdd/reportage-tke-manessier-doppelmayr-4252.html,,0.06077348066298342,11,11,181,4957.753038674036,0.0,9088.399999999996,181,1,11,11.0
TPH15 du Dahu,Les Arcs (Paradiski),45.57408319256241,6.779959201812745,45.57408319256241,6.779959201812745,45.57408319256241,6.779959201812745,https://www.remontees-mecaniques.net/bdd/reportage-tph15-du-dahu-bartholet-ingelo-5789.html,,0.06077348066298342,11,11,181,7061.487292817676,0.0,12948.499999999995,181,1,11,11.0
TKD de l'Alpage,Margériaz (Les Aillons - Margériaz),45.62948369829157,6.046525239944458,45.62948369829157,6.046525239944458,45.62948369829157,6.046525239944458,https://www.remontees-mecaniques.net/bdd/reportage-tkd-de-l-alpage-montaz-mautino-9232.html,,0.11049723756906077,20,19,181,947.3193370165741,0.0,1868.8,181,1,20,20.0
TCD12 des Rhodos,Méribel (Les 3 Vallées),45.3920197753389,6.56814515590668,45.3920197753389,6.56814515590668,45.3920197753389,6.56814515590668,https://www.remontees-mecaniques.net/bdd/reportage-tcd12-des-rhodos-von-roll-2133.html,1680.0,0.06077348066298342,11,11,181,3550.4657458563534,0.0,6328.499999999997,181,1,11,11.0
TSD6 du Bouquetin,Méribel-Mottaret (Les 3 Vallées),45.342745600243155,6.580153941977188,45.342745600243155,6.580153941977188,45.342745600243155,6.580153941977188,https://www.remontees-mecaniques.net/bdd/reportage-tsd6-du-bouquetin-poma-8499.html,2553.0,0.06077348066298342,11,11,181,2541.2580110497215,0.0,4652.299999999999,181,1,11,11.0
TCD12 du Lac Noir,Montchavin - La Plagne (Paradiski),45.5532521218652,6.73165261745453,45.5532521218652,6.73165261745453,45.5532521218652,6.73165261745453,https://www.remontees-mecaniques.net/bdd/reportage-tcd12-du-lac-noir-poma-3828.html,1659.0,0.06077348066298342,11,11,181,3327.0646408839802,0.0,6077.799999999999,181,1,11,11.0
TSD6 de Plan Bois,Montchavin - La Plagne (Paradiski),45.554343349111,6.72816842794418,45.554343349111,6.72816842794418,45.554343349111,6.72816842794418,https://www.remontees-mecaniques.net/bdd/reportage-tsd6-de-plan-bois-doppelmayr-801.html,1400.0,0.06077348066298342,11,11,181,3327.0646408839802,0.0,6077.799999999999,181,1,11,11.0
TSF4 du Dos Rond,Montchavin - La Plagne (Paradiski),45.53387884259721,6.73062801361084,45.53387884259721,6.73062801361084,45.53387884259721,6.73062801361084,https://www.remontees-mecaniques.net/bdd/reportage-tsf4-du-dos-rond-poma-5550.html,,0.06077348066298342,11,11,181,3327.0646408839802,0.0,6077.799999999999,181,1,11,11.0
TKD des Combes 1,Notre-Dame-de-Bellecombe (Espace Diamant),45.80083983183393,6.5508770942688,45.80083983183393,6.5508770942688,45.80083983183393,6.5508770942688,https://www.remontees-mecaniques.net/bdd/reportage-tkd-des-combes-1-montaz-mautino-7168.html,1405.0,0.09944751381215469,18,18,181,2937.2419889502758,0.0,5266.0,181,1,18,18.0
TSF4 des 2300,Peisey-Vallandry (Paradiski),45.5503145304958,6.78102135658264,45.5503145304958,6.78102135658264,45.5503145304958,6.78102135658264,https://www.remontees-mecaniques.net/bdd/reportage-tsf4-des-2300-poma-3811.html,2106.5,0.06077348066298342,11,11,181,2844.5640883977894,0.0,5059.3,181,1,11,11.0
TPH32 du Mont Bochor,Pralognan-la-Vanoise,45.380713354066,6.72220319509506,45.380713354066,6.72220319509506,45.380713354066,6.72220319509506,https://www.remontees-mecaniques.net/bdd/reportage-tph32-du-mont-bochor-neyret-beylier-neyrpic-2904.html,1709.0,0.06077348066298342,11,11,181,3082.1900552486168,0.0,5511.5999999999985,181,1,11,11.0
TKE du Village,Saint-Martin-de-Belleville (Les 3 Vallées),45.3794077519323,6.5048423409462,45.3794077519323,6.5048423409462,45.3794077519323,6.5048423409462,https://www.remontees-mecaniques.net/bdd/reportage-tke-du-village-doppelmayr-4860.html,1418.5,0.10497237569060773,19,19,181,672.8314917127063,0.0,1250.7000000000005,181,1,19,19.0
TCD8 des Brévières,Tignes (Espace Tignes-Val d'Isère),45.506348397534765,6.92117857906851,45.506348397534765,6.92117857906851,45.506348397534765,6.92117857906851,https://www.remontees-mecaniques.net/bdd/reportage-tcd8-des-brevieres-poma-ingelo-8516.html,1667.5,0.06077348066298342,11,11,181,7473.4497237569085,0.0,14787.700000000006,181,1,11,11.0
TSD6 de Palafour,Tignes (Espace Tignes-Val d'Isère),45.4692241856312,6.90637975931168,45.4692241856312,6.90637975931168,45.4692241856312,6.90637975931168,https://www.remontees-mecaniques.net/bdd/reportage-tsd6-de-palafour-doppelmayr-751.html,2093.0,0.06077348066298342,11,11,181,7473.4497237569085,0.0,14787.700000000006,181,1,11,11.0
FUNI 272  Funival,Val d'Isère (Espace Tignes-Val d'Isère),45.44315108717586,6.95010781288147,45.44315108717586,6.95010781288147,45.44315108717586,6.95010781288147,https://www.remontees-mecaniques.net/bdd/reportage-funi-272-funival-waagner-biro-montaval-7932.html,1797.0,0.06077348066298342,11,11,181,8097.030386740336,0.0,16810.9,181,1,11,11.0
TSD6 des Leissières,Val d'Isère (Espace Tignes-Val d'Isère),45.420963096122584,7.0130860805511475,45.420963096122584,7.0130860805511475,45.420963096122584,7.0130860805511475,https://www.remontees-mecaniques.net/bdd/reportage-tsd6-des-leissieres-garaventa-5467.html,2702.5,0.06077348066298342,11,11,181,8097.030386740336,0.0,16810.9,181,1,11,11.0
TKD des Pigniers,Valfréjus (Haute Maurienne Vanoise),45.15892556693747,6.661759614944458,45.15892556693747,6.661759614944458,45.15892556693747,6.661759614944458,https://www.remontees-mecaniques.net/bdd/reportage-tkd-des-pigniers-montagner-5894.html,2199.0,0.06077348066298342,11,11,181,1654.5425414364643,0.0,3326.899999999999,181,1,11,11.0
TCD10 de la Sétaz,Valloire (Galibier Thabor),45.15075060853199,6.434898376464844,45.15075060853199,6.434898376464844,45.15075060853199,6.434898376464844,https://www.remontees-mecaniques.net/bdd/reportage-tcd10-de-la-setaz-doppelmayr-9221.html,1674.5,0.06077348066298342,11,11,181,3330.625966850829,0.0,6269.500000000004,181,1,11,11.0
TSF4 de Moneul,Valmeinier (Galibier Thabor),45.1742206724923,6.47136032581329,45.1742206724923,6.47136032581329,45.1742206724923,6.47136032581329,https://www.remontees-mecaniques.net/bdd/reportage-tsf4-de-moneul-poma-1511.html,2209.5,0.06077348066298342,11,11,181,3402.902762430942,0.0,6310.300000000001,181,1,11,11.0
TCV15 Télébourg,Valmorel (Le Grand Domaine),45.4619862244628,6.445037126541138,45.4619862244628,6.445037126541138,45.4619862244628,6.445037126541138,https://www.remontees-mecaniques.net/bdd/reportage-tcv15-telebourg-montaz-mautino-5402.html,1340.5,0.06077348066298342,11,11,181,7019.244198895025,0.0,12780.499999999996,181,1,11,11.0
TKD des Sources,Valmorel (Le Grand Domaine),45.44559371763405,6.404576003551483,45.44559371763405,6.404576003551483,45.44559371763405,6.404576003551483,https://www.remontees-mecaniques.net/bdd/reportage-tkd-des-sources-montagner-823.html,1902.0,0.06077348066298342,11,11,181,7019.244198895025,0.0,12780.499999999996,181,1,11,11.0
TKE du Stade I,Valmorel (Le Grand Domaine),45.45823235820682,6.439286470413208,45.45823235820682,6.439286470413208,45.45823235820682,6.439286470413208,https://www.remontees-mecaniques.net/bdd/reportage-tke-du-stade-i-axet-idm-6102.html,1500.0,0.06077348066298342,11,11,181,7019.244198895025,0.0,12780.499999999996,181,1,11,11.0
TSF4 du Belvédère,Corrençon-en-Vercors (Espace Villard-Corrençon),45.0103832912492,5.54307460784912,45.0103832912492,5.54307460784912,45.0103832912492,5.54307460784912,https://www.remontees-mecaniques.net/bdd/reportage-tsf4-du-belvedere-poma-2170.html,1584.0,0.11602209944751381,21,19,181,536.8850828729285,0.0,982.7999999999998,181,1,21,21.0
TKD des Pras 1 & 2,Gresse-en-Vercors,44.895843653384816,5.536448210477829,44.895843653384816,5.536448210477829,44.895843653384816,5.536448210477829,https://www.remontees-mecaniques.net/bdd/reportage-tkd-des-pras-1-2-poma-8986.html,,0.10497237569060773,19,11,181,666.7872928176798,0.0,1334.2999999999997,181,1,19,19.0
TKD des Rinnes,L'Alpe du Grand Serre,45.02208583960621,5.861130952835083,45.02208583960621,5.861130952835083,45.02208583960621,5.861130952835083,https://www.remontees-mecaniques.net/bdd/reportage-tkd-des-rinnes-poma-9010.html,,0.09944751381215469,18,11,181,2032.4005524861866,0.0,4090.2999999999997,181,1,18,18.0
TKF des Sources,Le Barioz - Le Grand Plan,45.33328352225421,6.052120327949524,45.33328352225421,6.052120327949524,45.33328352225421,6.052120327949524,https://www.remontees-mecaniques.net/bdd/reportage-tkf-des-sources-duport-7067.html,1392.5,0.13812154696132597,25,20,181,338.4055248618788,0.0,663.6,181,1,25,25.0
TKE des Marmottes,Le Collet d'Allevard,45.40557997625027,6.1308324337005615,45.40557997625027,6.1308324337005615,45.40557997625027,6.1308324337005615,https://www.remontees-mecaniques.net/bdd/reportage-tke-des-marmottes-doppelmayr-3501.html,,0.10497237569060773,19,19,181,1341.3447513812162,0.0,2554.6999999999994,181,1,19,19.0
TKE2 du Dôme-Nord,Les Deux Alpes,44.997477241058284,6.2098034139504765,44.997477241058284,6.2098034139504765,44.997477241058284,6.2098034139504765,https://www.remontees-mecaniques.net/bdd/reportage-tke2-du-dome-nord-doppelmayr-3843.html,3323.5,0.06077348066298342,11,11,181,6892.693922651938,0.0,13556.1,181,1,11,11.0
TSCD6-10 de la Vallée Blanche,Les Deux Alpes,45.01805506331654,6.123869420407574,45.01805506331654,6.123869420407574,45.01805506331654,6.123869420407574,https://www.remontees-mecaniques.net/bdd/reportage-tscd6-10-de-la-vallee-blanche-poma-8336.html,,0.06077348066298342,11,11,181,6892.693922651938,0.0,13556.1,181,1,11,11.0
TKD du Lac,Les Sept Laux,45.2436002530183,6.0171577334404,45.2436002530183,6.0171577334404,45.2436002530183,6.0171577334404,https://www.remontees-mecaniques.net/bdd/reportage-tkd-du-lac-montaz-mautino-1772.html,1913.0,0.09944751381215469,18,11,181,4259.870165745856,0.0,8228.0,181,1,18,18.0
TSD4 de l'Aigle,Les Sept Laux,45.2706413037584,6.05457454919815,45.2706413037584,6.05457454919815,45.2706413037584,6.05457454919815,https://www.remontees-mecaniques.net/bdd/reportage-tsd4-de-l-aigle-doppelmayr-197.html,1691.0,0.09944751381215469,18,11,181,4259.870165745856,0.0,8228.0,181,1,18,18.0
TCD10 de la Cote 2000,Villard-de-Lans (Espace Villard-Corrençon),45.0444660827761,5.559945702552795,45.0444660827761,5.559945702552795,45.0444660827761,5.559945702552795,https://www.remontees-mecaniques.net/bdd/reportage-tcd10-de-la-cote-2000-poma-5624.html,,0.10497237569060773,19,11,181,865.0441988950276,0.0,1604.0,181,1,19,19.0
TKD des Balmettes,Le Chazelet,45.0595929505345,6.28178715705872,45.0595929505345,6.28178715705872,45.0595929505345,6.28178715705872,https://www.remontees-mecaniques.net/bdd/reportage-tkd-des-balmettes-gmm-3147.html,,0.09944751381215469,18,18,181,1153.7966850828739,0.0,2201.5999999999995,181,1,18,18.0
TKD de la Roche,Le Dévoluy,44.674924539833455,5.926896035671234,44.674924539833455,5.926896035671234,44.674924539833455,5.926896035671234,https://www.remontees-mecaniques.net/bdd/reportage-tkd-de-la-roche-poma-7361.html,1584.0,0.06077348066298342,11,11,181,2744.439779005526,0.0,5644.000000000001,181,1,11,11.0
TKE de Chanteloube II,Le Monêtier-les-Bains (Serre Chevalier Vallée),44.97099052277085,6.507640745736813,44.97099052277085,6.507640745736813,44.97099052277085,6.507640745736813,https://www.remontees-mecaniques.net/bdd/reportage-tke-de-chanteloube-ii-lst-7459.html,1472.5,0.06077348066298342,11,11,181,1997.7591160220986,0.0,3990.999999999999,181,1,11,11.0
TCD10 du Rocher de l'Aigle,Montgenèvre (Vialattea),44.91525226673417,6.730595827102662,44.91525226673417,6.730595827102662,44.91525226673417,6.730595827102662,https://www.remontees-mecaniques.net/bdd/reportage-tcd10-du-rocher-de-l-aigle-doppelmayr-8625.html,,0.06077348066298342,11,11,181,3311.890055248619,0.0,7186.3,181,1,11,11.0
TSD4 des Gondrans,Montgenèvre (Vialattea),44.9099488653186,6.72344774007797,44.9099488653186,6.72344774007797,44.9099488653186,6.72344774007797,https://www.remontees-mecaniques.net/bdd/reportage-tsd4-des-gondrans-poma-2234.html,2272.5,0.06077348066298342,11,11,181,3311.890055248619,0.0,7186.3,181,1,11,11.0
TSCD6-8 de Rocherousse,Orcières Merlette,44.6973790958248,6.32584780454636,44.6973790958248,6.32584780454636,44.6973790958248,6.32584780454636,https://www.remontees-mecaniques.net/bdd/reportage-tscd6-8-de-rocherousse-poma-2347.html,,0.06077348066298342,11,11,181,2970.6828729281756,0.0,5940.4000000000015,181,1,11,11.0
TKD du Mélèzet 1 et 2,Risoul (La Forêt Blanche),44.6208892731632,6.63415163755417,44.6208892731632,6.63415163755417,44.6208892731632,6.63415163755417,https://www.remontees-mecaniques.net/bdd/reportage-tkd-du-melezet-1-et-2-montaz-mautino-2794.html,,0.06077348066298342,11,11,181,2167.664088397791,0.0,4384.799999999999,181,1,11,11.0
TSF4 du Cuchon,Saint-Léger-les-Mélèzes (Champsaur 3Gliss),44.64181895537495,6.213364005088806,44.64181895537495,6.213364005088806,44.64181895537495,6.213364005088806,https://www.remontees-mecaniques.net/bdd/reportage-tsf4-du-cuchon-gmm-2316.html,1445.0,0.10497237569060773,19,11,181,692.4845303867406,0.0,1449.5999999999997,181,1,19,19.0
TSD6 Vars Speed Master,Vars (La Forêt Blanche),44.56917281335473,6.662828206099221,44.56917281335473,6.662828206099221,44.56917281335473,6.662828206099221,https://www.remontees-mecaniques.net/bdd/reportage-tsd6-vars-speed-master-leitner-8742.html,2471.0,0.06077348066298342,11,11,181,2011.5569060773473,0.0,4120.099999999999,181,1,11,11.0
TKD du Brec II,Le Sauze,44.357251624700616,6.686165034770966,44.357251624700616,6.686165034770966,44.357251624700616,6.686165034770966,https://www.remontees-mecaniques.net/bdd/reportage-tkd-du-brec-ii-poma-4265.html,,0.06077348066298342,11,11,181,1838.3944751381216,0.0,4060.0000000000005,181,1,11,11.0
TKD du Courtil 1 & 2,Pra Loup (La Foux-Pra Loup - Espace Lumière),44.362228012742946,6.593588590621948,44.362228012742946,6.593588590621948,44.362228012742946,6.593588590621948,https://www.remontees-mecaniques.net/bdd/reportage-tkd-du-courtil-1-2-poma-4858.html,1950.0,0.06077348066298342,11,11,181,1434.7226519337023,0.0,3180.2000000000007,181,1,11,11.0
TKD de l'Orry,Ax 3 Domaines,42.65983106555142,1.8023961782455444,42.65983106555142,1.8023961782455444,42.65983106555142,1.8023961782455444,https://www.remontees-mecaniques.net/bdd/reportage-tkd-de-l-orry-poma-6250.html,2040.0,0.06077348066298342,11,11,181,2285.327624309392,0.0,4450.100000000001,181,1,11,11.0
TKD Baby 1 & 2,Les Monts d'Olmes,42.84427247963421,1.743253469467163,42.84427247963421,1.743253469467163,42.84427247963421,1.743253469467163,https://www.remontees-mecaniques.net/bdd/reportage-tkd-baby-1-2-montaz-mautino-3738.html,,0.19889502762430938,36,21,181,408.23149171270677,0.0,669.2000000000002,181,1,36,36.0
TSF4 de la  Baliu,Les Angles,42.5730134545988,2.07045614719391,42.5730134545988,2.07045614719391,42.5730134545988,2.07045614719391,https://www.remontees-mecaniques.net/bdd/reportage-tsf4-de-la-baliu-poma-910.html,1752.0,0.06629834254143646,12,11,181,1711.08453038674,0.0,3761.9,181,1,12,12.0
TKD Fage Belle 1 & 2,Les Monts d'Olmes,42.83949540388329,1.7456138134002686,42.83949540388329,1.7456138134002686,42.83949540388329,1.7456138134002686,https://www.remontees-mecaniques.net/bdd/reportage-tkd-fage-belle-1-2-montaz-mautino-3579.html,,0.19889502762430938,36,21,181,408.23149171270677,0.0,669.2000000000002,181,1,36,36.0
TSF4 d'Arbesquens,Luchon - Superbagnères,42.770384181541715,0.5646935105323792,42.770384181541715,0.5646935105323792,42.770384181541715,0.5646935105323792,https://www.remontees-mecaniques.net/bdd/reportage-tsf4-d-arbesquens-poma-3734.html,,0.06629834254143646,12,11,181,1490.0850828729276,0.0,2979.0999999999985,181,1,12,12.0
TKD Trabe 1 & 2,Mijanes-Donezan,42.7276785096848,2.01591165652644,42.7276785096848,2.01591165652644,42.7276785096848,2.01591165652644,https://www.remontees-mecaniques.net/bdd/reportage-tkd-trabe-1-2-montaz-mautino-1062.html,1530.0,0.2430939226519337,44,37,181,82.16298342541431,0.0,158.0,181,1,44,44.0
TSF3 de la Vignole,Porté-Puymorens,42.55597243076486,1.8048098962390213,42.55597243076486,1.8048098962390213,42.55597243076486,1.8048098962390213,https://www.remontees-mecaniques.net/bdd/reportage-tsf3-de-la-vignole-poma-8355.html,1989.0,0.10497237569060773,19,12,181,838.6022099447518,0.0,1828.7000000000003,181,1,19,19.0
TKD de Paillaret 1 & 2,Super-Besse (Le Sancy),45.510315902294835,2.8413350880146027,45.510315902294835,2.8413350880146027,45.510315902294835,2.8413350880146027,https://www.remontees-mecaniques.net/bdd/reportage-tkd-de-paillaret-1-2-montaz-mautino-3308.html,,0.11049723756906077,20,19,181,673.334254143646,0.0,1377.0000000000002,181,1,20,20.0
TKD Baby Monthoisey,Lélex - Crozet (Monts Jura),46.2933781660991,5.96071600914001,46.2933781660991,5.96071600914001,46.2933781660991,5.96071600914001,https://www.remontees-mecaniques.net/bdd/reportage-tkd-baby-monthoisey-montaz-mautino-2796.html,,0.11049723756906077,20,20,181,686.9038674033155,0.0,1216.7999999999997,181,1,20,20.0
TKD du Petit Hohneck,Le Gaschney,48.03327303047898,7.046077251434327,48.03327303047898,7.046077251434327,48.03327303047898,7.046077251434327,https://www.remontees-mecaniques.net/bdd/reportage-tkd-du-petit-hohneck-poma-6782.html,1126.5,0.11049723756906077,20,19,181,246.08950276243075,0.0,394.5000000000001,181,1,20,20.0
TKD Grenouillère 3,Le Markstein,47.926311,7.034685,47.926311,7.034685,47.926311,7.034685,https://www.remontees-mecaniques.net/bdd/reportage-tkd-grenouillere-3-poma-2658.html,1163.5,0.11049723756906077,20,19,181,472.32596685082825,0.0,773.4000000000001,181,1,20,20.0
TKD de la Fédérale 1&2,Le Markstein,47.931303,7.027287,47.931303,7.027287,47.931303,7.027287,https://www.remontees-mecaniques.net/bdd/reportage-tkd-de-la-federale-1-2-gmm-2657.html,1175.5,0.11049723756906077,20,19,181,472.32596685082825,0.0,773.4000000000001,181,1,20,20.0
TKD de Capaghjolu,Ghisoni - Bergerie des Capannelles,42.0773378651897,9.14695501319329,42.0773378651897,9.14695501319329,42.0773378651897,9.14695501319329,https://www.remontees-mecaniques.net/bdd/reportage-tkd-de-capaghjolu-montaz-mautino-2526.html,1680.0,0.27071823204419887,49,42,181,83.92486187845307,0.0,137.40000000000003,181,1,49,49.0
TSD6 de la Léchère,Avoriaz (Morzine-Avoriaz - Les Portes du Soleil),46.20606997174139,6.779176361757685,46.20606997174139,6.779176361757685,46.20606997174139,6.779176361757685,https://www.remontees-mecaniques.net/bdd/reportage-tsd6-de-la-lechere-mnd-ropeways-bartholet-8573.html,1497.0,0.06077348066298342,11,10,181,6126.023756906075,0.0,10831.700000000004,181,1,11,11.0
TKD des Mouilles,Bellevaux - Hirmentaz (Hirmentaz - Les Habères),46.245988814218144,6.507476270198822,46.245988814218144,6.507476270198822,46.245988814218144,6.507476270198822,https://www.remontees-mecaniques.net/bdd/reportage-tkd-des-mouilles-montaz-mautino-6371.html,1156.0,0.09944751381215469,18,11,181,2123.7187845303843,0.0,4115.8,181,1,18,18.0
TKD des Contrebandiers,Châtel (Les Portes du Soleil),46.29049434744103,6.851268410682678,46.29049434744103,6.851268410682678,46.29049434744103,6.851268410682678,https://www.remontees-mecaniques.net/bdd/reportage-tkd-des-contrebandiers-poma-7293.html,1878.5,0.06077348066298342,11,11,181,4526.320441988953,0.0,8116.599999999998,181,1,11,11.0
TKE des Brons,Combloux (Portes du Mont Blanc - Évasion Mont Blanc),45.89174063289413,6.623886823654175,45.89174063289413,6.623886823654175,45.89174063289413,6.623886823654175,https://www.remontees-mecaniques.net/bdd/reportage-tke-des-brons-doppelmayr-7228.html,,0.09944751381215469,18,18,181,1324.823756906077,0.0,2363.8999999999996,181,1,18,18.0
TKD de Darbelin,Cordon (Portes du Mont Blanc - Évasion Mont Blanc),45.912677267514795,6.595431268215179,45.912677267514795,6.595431268215179,45.912677267514795,6.595431268215179,https://www.remontees-mecaniques.net/bdd/reportage-tkd-de-darbelin-montaz-mautino-4346.html,1159.0,0.11049723756906077,20,19,181,838.2867403314918,0.0,1543.1000000000001,181,1,20,20.0
TKD de Frébouge,Cordon (Portes du Mont Blanc - Évasion Mont Blanc),45.91590375977548,6.600210964679718,45.91590375977548,6.600210964679718,45.91590375977548,6.600210964679718,https://www.remontees-mecaniques.net/bdd/reportage-tkd-de-frebouge-montaz-mautino-4347.html,1030.0,0.11049723756906077,20,19,181,838.2867403314918,0.0,1543.1000000000001,181,1,20,20.0
TSF4 de la Tolar,Le Grand-Bornand (Les Aravis),45.9737323083525,6.47725045681,45.9737323083525,6.47725045681,45.9737323083525,6.47725045681,https://www.remontees-mecaniques.net/bdd/reportage-tsf4-de-la-tolar-poma-4479.html,,0.09944751381215469,18,18,181,3713.187845303866,0.0,6741.100000000001,181,1,18,18.0
TSD4 des Chenevières,Les Brasses,46.1685860475252,6.46384209394455,46.1685860475252,6.46384209394455,46.1685860475252,6.46384209394455,https://www.remontees-mecaniques.net/bdd/reportage-tsd4-des-chenevieres-montaz-mautino-2995.html,,0.10497237569060773,19,18,181,1367.766298342542,0.0,2458.8000000000006,181,1,19,19.0
TKD du Plan Moulin,Les Carroz d'Arâches (Le Grand Massif),46.0205350620746,6.64262473583221,46.0205350620746,6.64262473583221,46.0205350620746,6.64262473583221,https://www.remontees-mecaniques.net/bdd/reportage-tkd-du-plan-moulin-montaz-mautino-5109.html,,0.09944751381215469,18,18,181,1898.033701657459,0.0,3460.200000000002,181,1,18,18.0
TKE des Foyères,Les Contamines-Montjoie (Les Contamines - Hauteluce - Évasion Mont Blanc),45.80226094860652,6.710956692695619,45.80226094860652,6.710956692695619,45.80226094860652,6.710956692695619,https://www.remontees-mecaniques.net/bdd/reportage-tke-des-foyeres-poma-8938.html,,0.06077348066298342,11,11,181,5286.2790055248615,0.0,9461.0,181,1,11,11.0
TSD6 de la Bûche Croisée,Les Contamines-Montjoie (Les Contamines - Hauteluce - Évasion Mont Blanc),45.78311770592766,6.701145172119141,45.78311770592766,6.701145172119141,45.78311770592766,6.701145172119141,https://www.remontees-mecaniques.net/bdd/reportage-tsd6-de-la-buche-croisee-poma-5283.html,1673.0,0.06077348066298342,11,11,181,5286.2790055248615,0.0,9461.0,181,1,11,11.0
TSF4 du Chéry Nord,Les Gets (Morzine-Les Gets - Les Portes du Soleil),46.17083176004085,6.633046567440033,46.17083176004085,6.633046567440033,46.17083176004085,6.633046567440033,https://www.remontees-mecaniques.net/bdd/reportage-tsf4-du-chery-nord-skirail-282.html,,0.09944751381215469,18,11,181,4687.4983425414375,0.0,8348.4,181,1,18,18.0
TSF3 de la Frastaz,Les Habères (Hirmentaz - Les Habères),46.23363181267941,6.485211253166199,46.23363181267941,6.485211253166199,46.23363181267941,6.485211253166199,https://www.remontees-mecaniques.net/bdd/reportage-tsf3-de-la-frastaz-poma-6339.html,1228.0,0.10497237569060773,19,18,181,828.7016574585639,0.0,1568.2000000000007,181,1,19,19.0
TSF4 des Prés,Megève - Le Jaillet (Portes du Mont Blanc - Évasion Mont Blanc),45.8685419060506,6.58689916133881,45.8685419060506,6.58689916133881,45.8685419060506,6.58689916133881,https://www.remontees-mecaniques.net/bdd/reportage-tsf4-des-pres-poma-334.html,1588.5,0.09944751381215469,18,18,181,935.2580110497238,0.0,1678.0,181,1,18,18.0
TKD du Tour,Megève - Rochebrune-Mont d'Arbois (Arbois-Rochebrune - Évasion Mont Blanc),45.838345161387956,6.6304099559783936,45.838345161387956,6.6304099559783936,45.838345161387956,6.6304099559783936,https://www.remontees-mecaniques.net/bdd/reportage-tkd-du-tour-poma-3124.html,1451.5,0.06077348066298342,11,11,181,5467.188397790057,0.0,9776.099999999997,181,1,11,11.0
TKE de la Cry,Megève - Rochebrune-Mont d'Arbois (Arbois-Rochebrune - Évasion Mont Blanc),45.84811114177822,6.641578674971243,45.84811114177822,6.641578674971243,45.84811114177822,6.641578674971243,https://www.remontees-mecaniques.net/bdd/reportage-tke-de-la-cry-doppelmayr-7906.html,1383.0,0.06077348066298342,11,11,181,5467.188397790057,0.0,9776.099999999997,181,1,11,11.0
TSF4 du Petit Rochebrune,Megève - Rochebrune-Mont d'Arbois (Arbois-Rochebrune - Évasion Mont Blanc),45.84927385222805,6.614319384098053,45.84927385222805,6.614319384098053,45.84927385222805,6.614319384098053,https://www.remontees-mecaniques.net/bdd/reportage-tsf4-du-petit-rochebrune-leitner-6276.html,1187.5,0.06077348066298342,11,11,181,5467.188397790057,0.0,9776.099999999997,181,1,11,11.0
TKD Baby du Col,Montmin - Col de la Forclaz,45.80741219304353,6.248374879360199,45.80741219304353,6.248374879360199,45.80741219304353,6.248374879360199,https://www.remontees-mecaniques.net/bdd/reportage-tkd-baby-du-col-montagner-5443.html,1131.0,0.11602209944751381,21,20,181,276.72928176795585,0.0,500.80000000000007,181,1,21,21.0
TKD de Montizel,Orange Montisel,46.02718388475789,6.325410604476929,46.02718388475789,6.325410604476929,46.02718388475789,6.325410604476929,https://www.remontees-mecaniques.net/bdd/reportage-tkd-de-montizel-montaz-mautino-5515.html,1133.0,0.281767955801105,51,48,181,90.50718232044203,0.0,173.89999999999995,181,1,51,51.0
TSF4 de Roy,Praz-de-Lys (Praz-de-Lys - Sommand),46.1458562846211,6.58134698867798,46.1458562846211,6.58134698867798,46.1458562846211,6.58134698867798,https://www.remontees-mecaniques.net/bdd/reportage-tsf4-de-roy-poma-2413.html,1603.0,0.09944751381215469,18,18,181,1543.8430939226537,0.0,2747.4,181,1,18,18.0
TKD des Bernards,Praz-sur-Arly (Espace Diamant),45.8284665732427,6.5658974647522,45.8284665732427,6.5658974647522,45.8284665732427,6.5658974647522,https://www.remontees-mecaniques.net/bdd/reportage-tkd-des-bernards-montaz-mautino-2534.html,,0.09944751381215469,18,18,181,1747.4265193370172,0.0,3136.1999999999994,181,1,18,18.0
TKD de la Venaz,Saint-Gervais - Le Bettex (Arbois-Rochebrune - Évasion Mont Blanc),45.8705925378774,6.67990207672119,45.8705925378774,6.67990207672119,45.8705925378774,6.67990207672119,https://www.remontees-mecaniques.net/bdd/reportage-tkd-de-la-venaz-poma-3719.html,1606.0,0.06077348066298342,11,11,181,4448.155801104968,0.0,7904.0,181,1,11,11.0
TKD des Aplanes,Albiez,45.2055941704432,6.3470533490181,45.2055941704432,6.3470533490181,45.2055941704432,6.3470533490181,https://www.remontees-mecaniques.net/bdd/reportage-tkd-des-aplanes-poma-2562.html,1888.0,0.09944751381215469,18,18,181,1841.8469613259665,0.0,3268.9999999999995,181,1,18,18.0
TCD8/10 de Champagny,Champagny-en-Vanoise (Paradiski),45.45627004549957,6.693103909492493,45.45627004549957,6.693103909492493,45.45627004549957,6.693103909492493,https://www.remontees-mecaniques.net/bdd/reportage-tcd8-10-de-champagny-poma-5369.html,,0.09944751381215469,18,11,181,1622.0563535911592,0.0,2900.300000000001,181,1,18,18.0
TSD6 de Pralong,Courchevel (Les 3 Vallées),45.404640283947,6.63616061210632,45.404640283947,6.63616061210632,45.404640283947,6.63616061210632,https://www.remontees-mecaniques.net/bdd/reportage-tsd6-de-pralong-leitner-2141.html,2038.0,0.06077348066298342,11,11,181,7231.286740331488,0.0,13007.500000000005,181,1,11,11.0
TKE du Dou du Praz,La Plagne (Paradiski),45.50667398067255,6.689016222953796,45.50667398067255,6.689016222953796,45.50667398067255,6.689016222953796,https://www.remontees-mecaniques.net/bdd/reportage-tke-du-dou-du-praz-ingelo-doppelmayr-5344.html,2101.0,0.06077348066298342,11,11,181,9235.23038674033,0.0,16571.700000000004,181,1,11,11.0
TSD6 du Colorado,La Plagne (Paradiski),45.505203987366514,6.6765546798706055,45.505203987366514,6.6765546798706055,45.505203987366514,6.6765546798706055,https://www.remontees-mecaniques.net/bdd/reportage-tsd6-du-colorado-poma-2295.html,2127.0,0.06077348066298342,11,11,181,9235.23038674033,0.0,16571.700000000004,181,1,11,11.0
TKD de Bellecombe & Bellecombe 1,La Rosière (Espace San Bernardo),45.6635671453309,6.87660992145538,45.6635671453309,6.87660992145538,45.6635671453309,6.87660992145538,https://www.remontees-mecaniques.net/bdd/reportage-tkd-de-bellecombe-bellecombe-1-montaz-mautino-4206.html,,0.06077348066298342,11,11,181,4957.753038674036,0.0,9088.399999999996,181,1,11,11.0
TSD6 des Ravières,La Toussuire (Les Sybelles),45.25584096075631,6.255836532720346,45.25584096075631,6.255836532720346,45.25584096075631,6.255836532720346,https://www.remontees-mecaniques.net/bdd/reportage-tsd6-des-ravieres-doppelmayr-6976.html,1837.5,0.09944751381215469,18,11,181,4309.754696132599,0.0,7880.800000000002,181,1,18,18.0
TSD6 de la Voie Lactée,Le Corbier (Les Sybelles),45.23718269057037,6.27288892865181,45.23718269057037,6.27288892865181,45.23718269057037,6.27288892865181,https://www.remontees-mecaniques.net/bdd/reportage-tsd6-de-la-voie-lactee-leitner-6938.html,1691.0,0.09944751381215469,18,18,181,2107.645856353591,0.0,3837.6000000000004,181,1,18,18.0
TKE des Rhodos,Les Arcs (Paradiski),45.57068856131196,6.830969452857971,45.57068856131196,6.830969452857971,45.57068856131196,6.830969452857971,https://www.remontees-mecaniques.net/bdd/reportage-tke-des-rhodos-doppelmayr-8441.html,,0.06077348066298342,11,11,181,7061.487292817676,0.0,12948.499999999995,181,1,11,11.0
TSD6B Arcabulle,Les Arcs (Paradiski),45.5644883064874,6.82412981987,45.5644883064874,6.82412981987,45.5644883064874,6.82412981987,https://www.remontees-mecaniques.net/bdd/reportage-tsd6b-arcabulle-poma-413.html,,0.06077348066298342,11,11,181,7061.487292817676,0.0,12948.499999999995,181,1,11,11.0
TKE des Marmottes,Les Bottières (Les Sybelles),45.26560884011456,6.2962593675325715,45.26560884011456,6.2962593675325715,45.26560884011456,6.2962593675325715,https://www.remontees-mecaniques.net/bdd/reportage-tke-des-marmottes-gmm-6958.html,1439.5,0.10497237569060773,19,18,181,789.3629834254133,0.0,1401.0,181,1,19,19.0
TKE des Verdets,Les Saisies (Espace Diamant),45.76021927603513,6.5505976430900414,45.76021927603513,6.5505976430900414,45.76021927603513,6.5505976430900414,https://www.remontees-mecaniques.net/bdd/reportage-tke-des-verdets-gmm-8645.html,1796.0,0.06077348066298342,11,11,181,6514.234806629835,0.0,11865.099999999993,181,1,11,11.0
TSD6 du Chard du Beurre,Les Saisies (Espace Diamant),45.7554909278085,6.53353929519653,45.7554909278085,6.53353929519653,45.7554909278085,6.53353929519653,https://www.remontees-mecaniques.net/bdd/reportage-tsd6-du-chard-du-beurre-poma-370.html,,0.06077348066298342,11,11,181,6514.234806629835,0.0,11865.099999999993,181,1,11,11.0
TSD4 Olympic Express,Méribel (Les 3 Vallées),45.3906729944233,6.5525883436203,45.3906729944233,6.5525883436203,45.3906729944233,6.5525883436203,https://www.remontees-mecaniques.net/bdd/reportage-tsd4-olympic-express-poma-2093.html,2042.5,0.06077348066298342,11,11,181,3550.4657458563534,0.0,6328.499999999997,181,1,11,11.0
TSD6 du Roc de Tougne,Méribel-Mottaret (Les 3 Vallées),45.36397824050961,6.568099021387753,45.36397824050961,6.568099021387753,45.36397824050961,6.568099021387753,https://www.remontees-mecaniques.net/bdd/reportage-tsd6-du-roc-de-tougne-poma-8599.html,2342.5,0.06077348066298342,11,11,181,2541.2580110497215,0.0,4652.299999999999,181,1,11,11.0
TKD de la Verdette,Notre-Dame-de-Bellecombe (Espace Diamant),45.8139220862316,6.52481943368912,45.8139220862316,6.52481943368912,45.8139220862316,6.52481943368912,https://www.remontees-mecaniques.net/bdd/reportage-tkd-de-la-verdette-montaz-mautino-2681.html,1286.5,0.09944751381215469,18,18,181,2937.2419889502758,0.0,5266.0,181,1,18,18.0
TPH200 Vanoise Express,Peisey-Vallandry (Paradiski),45.5493133532714,6.73947930331906,45.5493133532714,6.73947930331906,45.5493133532714,6.73947930331906,https://www.remontees-mecaniques.net/bdd/reportage-tph200-vanoise-express-poma-155.html,,0.06077348066298342,11,11,181,2844.5640883977894,0.0,5059.3,181,1,11,11.0
TSF4 de la Charmette,Saint-Colomban-des-Villards (Les Sybelles),45.2816677729147,6.23057037591934,45.2816677729147,6.23057037591934,45.2816677729147,6.23057037591934,https://www.remontees-mecaniques.net/bdd/reportage-tsf4-de-la-charmette-poma-280.html,,0.10497237569060773,19,18,181,963.4839779005526,0.0,1814.6000000000001,181,1,19,19.0
TSD6 du Frêne,Saint-François-Longchamp (Le Grand Domaine),45.4231261877919,6.37492954730988,45.4231261877919,6.37492954730988,45.4231261877919,6.37492954730988,https://www.remontees-mecaniques.net/bdd/reportage-tsd6-du-frene-poma-189.html,1970.5,0.06077348066298342,11,11,181,3326.0419889502737,0.0,5978.700000000002,181,1,11,11.0
TKD de l'Altiport,Saint-Jean-d'Arves (Les Sybelles),45.195730499359,6.25498652458191,45.195730499359,6.25498652458191,45.195730499359,6.25498652458191,https://www.remontees-mecaniques.net/bdd/reportage-tkd-de-l-altiport-mecalift-474.html,,0.09944751381215469,18,18,181,1052.4839779005536,0.0,1868.0000000000005,181,1,18,18.0
TCD10 de  Tovière,Tignes (Espace Tignes-Val d'Isère),45.468159522518256,6.907331943511963,45.468159522518256,6.907331943511963,45.468159522518256,6.907331943511963,https://www.remontees-mecaniques.net/bdd/reportage-tcd10-de-toviere-doppelmayr-5537.html,2092.0,0.06077348066298342,11,11,181,7473.4497237569085,0.0,14787.700000000006,181,1,11,11.0
TKE des Marmottons,Val Cenis (Haute Maurienne Vanoise),45.27363030049276,6.817055493593216,45.27363030049276,6.817055493593216,45.27363030049276,6.817055493593216,https://www.remontees-mecaniques.net/bdd/reportage-tke-des-marmottons-doppelmayr-4907.html,,0.06077348066298342,11,11,181,6264.916022099444,0.0,12745.899999999996,181,1,11,11.0
TKE2 du Montet,Val d'Isère (Espace Tignes-Val d'Isère),45.4241766410558,7.05404341220856,45.4241766410558,7.05404341220856,45.4241766410558,7.05404341220856,https://www.remontees-mecaniques.net/bdd/reportage-tke2-du-montet-montaval-3861.html,3118.0,0.06077348066298342,11,11,181,8097.030386740336,0.0,16810.9,181,1,11,11.0
TKD du Col I - II,Val d'Isère (Espace Tignes-Val d'Isère),45.4295584955042,7.02378004789352,,,45.4295584955042,7.02378004789352,https://www.remontees-mecaniques.net/bdd/reportage-tkd-du-col-i-ii-transcable-1890.html,,0.06077348066298342,11,11,181,8097.030386740336,0.0,16810.9,181,1,11,11.0
TSD4 des 3 Vallées,Val Thorens (Les 3 Vallées),45.305040465069624,6.58629834651947,45.305040465069624,6.58629834651947,45.305040465069624,6.58629834651947,https://www.remontees-mecaniques.net/bdd/reportage-tsd4-des-3-vallees-poma-gmm-5559.html,2687.5,0.06077348066298342,11,11,181,4467.408839779006,0.0,8440.499999999998,181,1,11,11.0
TSD6 de Boismint,Val Thorens (Les 3 Vallées),45.29525254182905,6.561627388000489,45.29525254182905,6.561627388000489,45.29525254182905,6.561627388000489,https://www.remontees-mecaniques.net/bdd/reportage-tsd6-de-boismint-bartholet-6140.html,2376.5,0.06077348066298342,11,11,181,4467.408839779006,0.0,8440.499999999998,181,1,11,11.0
TKD du Grand Plateau,Valloire (Galibier Thabor),45.1514353677701,6.45917773246765,45.1514353677701,6.45917773246765,45.1514353677701,6.45917773246765,https://www.remontees-mecaniques.net/bdd/reportage-tkd-du-grand-plateau-gmm-1597.html,2298.5,0.06077348066298342,11,11,181,3330.625966850829,0.0,6269.500000000004,181,1,11,11.0
TSF4 des Lombards,Auris-en-Oisans (Alpe d'Huez Grand Domaine Ski),45.0805172531998,6.09127521514893,45.0805172531998,6.09127521514893,45.0805172531998,6.09127521514893,https://www.remontees-mecaniques.net/bdd/reportage-tsf4-des-lombards-poma-4496.html,1698.0,0.10497237569060773,19,18,181,1778.7165745856344,0.0,3581.6000000000017,181,1,19,19.0
TSF4 du Grand Buisson,Corrençon-en-Vercors (Espace Villard-Corrençon),45.0226053075353,5.54581850767136,45.0226053075353,5.54581850767136,45.0226053075353,5.54581850767136,https://www.remontees-mecaniques.net/bdd/reportage-tsf4-du-grand-buisson-poma-2152.html,1629.0,0.11602209944751381,21,19,181,536.8850828729285,0.0,982.7999999999998,181,1,21,21.0
TKD Perollier,L'Alpe du Grand Serre,45.0001235818601,5.84430813789368,45.0001235818601,5.84430813789368,45.0001235818601,5.84430813789368,https://www.remontees-mecaniques.net/bdd/reportage-tkd-perollier-montaz-mautino-2470.html,,0.09944751381215469,18,11,181,2032.4005524861866,0.0,4090.2999999999997,181,1,18,18.0
TKF des Bambins I-II,L'Alpe du Grand Serre,45.02216546638296,5.863550305366516,45.02216546638296,5.863550305366516,45.02216546638296,5.863550305366516,https://www.remontees-mecaniques.net/bdd/reportage-tkf-des-bambins-i-ii-simeg-montaz-mautino-6097.html,,0.09944751381215469,18,11,181,2032.4005524861866,0.0,4090.2999999999997,181,1,18,18.0
TCD6 de  Venosc,Les Deux Alpes,44.9876387414424,6.11612856388092,44.9876387414424,6.11612856388092,44.9876387414424,6.11612856388092,https://www.remontees-mecaniques.net/bdd/reportage-tcd6-de-venosc-poma-402.html,,0.06077348066298342,11,11,181,6892.693922651938,0.0,13556.1,181,1,11,11.0
TKE des Gentianes,Les Deux Alpes,45.00505869283404,6.125221252441407,45.00505869283404,6.125221252441407,45.00505869283404,6.125221252441407,https://www.remontees-mecaniques.net/bdd/reportage-tke-des-gentianes-idm-axet-8895.html,1672.5,0.06077348066298342,11,11,181,6892.693922651938,0.0,13556.1,181,1,11,11.0
TSD3 de Pincerie,Les Sept Laux,45.27196,6.055035,45.27196,6.055035,45.27196,6.055035,https://www.remontees-mecaniques.net/bdd/reportage-tsd3-de-pincerie-poma-168.html,,0.09944751381215469,18,11,181,4259.870165745856,0.0,8228.0,181,1,18,18.0
TSD6 du Gypaète,Les Sept Laux,45.25460365242888,6.015443801879883,45.25460365242888,6.015443801879883,45.25460365242888,6.015443801879883,https://www.remontees-mecaniques.net/bdd/reportage-tsd6-du-gypaete-doppelmayr-5451.html,,0.09944751381215469,18,11,181,4259.870165745856,0.0,8228.0,181,1,18,18.0
ASC15 de l'Eau d'Olle Express,Oz-en-Oisans (Alpe d'Huez Grand Domaine Ski),45.127651607848264,6.071493387353259,45.127651607848264,6.071493387353259,45.127651607848264,6.071493387353259,https://www.remontees-mecaniques.net/bdd/reportage-asc15-de-l-eau-d-olle-express-mnd-ropeways-8381.html,1370.0,0.10497237569060773,19,18,181,1249.7337016574586,0.0,2268.6999999999994,181,1,19,19.0
TCD8/10 de Ratier,Chantemerle (Serre Chevalier Vallée),44.9329026851,6.58736854791641,44.9329026851,6.58736854791641,44.9329026851,6.58736854791641,https://www.remontees-mecaniques.net/bdd/reportage-tcd8-10-de-ratier-poma-ingelo-5000.html,1899.0,0.06077348066298342,11,11,181,2346.8254143646395,0.0,4622.800000000001,181,1,11,11.0
TKD du Pic du Ratel,Crévoux,44.534313232407,6.60538494586945,44.534313232407,6.60538494586945,44.534313232407,6.60538494586945,https://www.remontees-mecaniques.net/bdd/reportage-tkd-du-pic-du-ratel-gmm-poma-2014.html,,0.06077348066298342,11,11,181,778.8674033149173,0.0,1562.5000000000007,181,1,11,11.0
TKD du Chourum,Le Dévoluy,44.67124326006034,5.916352272033691,44.67124326006034,5.916352272033691,44.67124326006034,5.916352272033691,https://www.remontees-mecaniques.net/bdd/reportage-tkd-du-chourum-poma-7368.html,1808.5,0.06077348066298342,11,11,181,2744.439779005526,0.0,5644.000000000001,181,1,11,11.0
TSD6 des Fontaines,Les Orres,44.4828262498668,6.5620967745781,44.4828262498668,6.5620967745781,44.4828262498668,6.5620967745781,https://www.remontees-mecaniques.net/bdd/reportage-tsd6-des-fontaines-poma-3159.html,,0.06077348066298342,11,11,181,2027.2464088397799,0.0,4301.200000000001,181,1,11,11.0
TCD6 du Chalvet,Montgenèvre (Vialattea),44.9331628239388,6.72696143388748,44.9331628239388,6.72696143388748,44.9331628239388,6.72696143388748,https://www.remontees-mecaniques.net/bdd/reportage-tcd6-du-chalvet-agudio-609.html,1994.0,0.06077348066298342,11,11,181,3311.890055248619,0.0,7186.3,181,1,11,11.0
TKD de l'Aigue Noire,Réallon,44.585097597222,6.35517776012421,44.585097597222,6.35517776012421,44.585097597222,6.35517776012421,https://www.remontees-mecaniques.net/bdd/reportage-tkd-de-l-aigue-noire-poma-4174.html,,0.06077348066298342,11,11,181,775.4436464088398,0.0,1538.4,181,1,11,11.0
TKF du Bez,Villeneuve (Serre Chevalier Vallée),44.94774770164352,6.5535968542099,44.94774770164352,6.5535968542099,44.94774770164352,6.5535968542099,https://www.remontees-mecaniques.net/bdd/reportage-tkf-du-bez-doppelmayr-6112.html,1397.0,0.06077348066298342,11,11,181,3559.918232044199,0.0,7048.199999999999,181,1,11,11.0
TKD des Bergères,Le Sauze,44.3531762330166,6.715473532676697,44.3531762330166,6.715473532676697,44.3531762330166,6.715473532676697,https://www.remontees-mecaniques.net/bdd/reportage-tkd-des-bergeres-poma-3792.html,,0.06077348066298342,11,11,181,1838.3944751381216,0.0,4060.0000000000005,181,1,11,11.0
TKD de Saint Jean,Valberg,44.08334064394124,6.956609487533569,44.08334064394124,6.956609487533569,44.08334064394124,6.956609487533569,https://www.remontees-mecaniques.net/bdd/reportage-tkd-de-saint-jean-montaz-mautino-7123.html,1613.5,0.06077348066298342,11,11,181,810.5933701657453,0.0,1789.3,181,1,11,11.0
TSF3 de Barzès,Valberg,44.0605567958084,6.9209361076355,44.0605567958084,6.9209361076355,44.0605567958084,6.9209361076355,https://www.remontees-mecaniques.net/bdd/reportage-tsf3-de-barzes-poma-3425.html,1785.0,0.06077348066298342,11,11,181,810.5933701657453,0.0,1789.3,181,1,11,11.0
TSD4 del Mouli,Cambre d'Aze,42.48472385282948,2.1194064617156982,42.48472385282948,2.1194064617156982,42.48472385282948,2.1194064617156982,https://www.remontees-mecaniques.net/bdd/reportage-tsd4-del-mouli-poma-845.html,1812.0,0.06629834254143646,12,12,181,645.9911602209953,0.0,1538.1000000000001,181,1,12,12.0
TKD du Tremplin,Font-Romeu - Pyrénées 2000,42.52058684705148,2.0325270295143127,42.52058684705148,2.0325270295143127,42.52058684705148,2.0325270295143127,https://www.remontees-mecaniques.net/bdd/reportage-tkd-du-tremplin-poma-1575.html,1946.0,0.06629834254143646,12,12,181,1664.8530386740333,0.0,3780.600000000001,181,1,12,12.0
TKD Vallon Blanc,Guzet,42.79277506770968,1.302276849746704,42.79277506770968,1.302276849746704,42.79277506770968,1.302276849746704,https://www.remontees-mecaniques.net/bdd/reportage-tkd-vallon-blanc-poma-5187.html,,0.11602209944751381,21,12,181,1174.7005524861893,0.0,2450.1,181,1,21,21.0
TKD Fontaines II,Le Mourtis,42.9121873152698,0.769710838794708,42.9121873152698,0.769710838794708,42.9121873152698,0.769710838794708,https://www.remontees-mecaniques.net/bdd/reportage-tkd-fontaines-ii-montaz-mautino-2737.html,,0.19889502762430938,36,21,181,694.8994475138111,0.0,1373.4000000000003,181,1,36,36.0
TKE Collade,Les Angles,42.5642566846154,2.0652848482132,42.5642566846154,2.0652848482132,42.5642566846154,2.0652848482132,https://www.remontees-mecaniques.net/bdd/reportage-tke-collade-doppelmayr-914.html,,0.06629834254143646,12,11,181,1711.08453038674,0.0,3761.9,181,1,12,12.0
TKF Baby,Luchon - Superbagnères,42.76991162967921,0.5753633379936218,42.76991162967921,0.5753633379936218,42.76991162967921,0.5753633379936218,https://www.remontees-mecaniques.net/bdd/reportage-tkf-baby-poma-450.html,,0.06629834254143646,12,11,181,1490.0850828729276,0.0,2979.0999999999985,181,1,12,12.0
TSF4 du Lac,Luchon - Superbagnères,42.7715990170733,0.556029975414276,42.7715990170733,0.556029975414276,42.7715990170733,0.556029975414276,https://www.remontees-mecaniques.net/bdd/reportage-tsf4-du-lac-skirail-453.html,,0.06629834254143646,12,11,181,1490.0850828729276,0.0,2979.0999999999985,181,1,12,12.0
TSD6 du Pic de Piau,Piau-Engaly,42.7822696439068,0.159712135791779,42.7822696439068,0.159712135791779,42.7822696439068,0.159712135791779,https://www.remontees-mecaniques.net/bdd/reportage-tsd6-du-pic-de-piau-poma-2644.html,,0.10497237569060773,19,19,181,1016.0944751381213,0.0,2215.099999999999,181,1,19,19.0
TSF4 de l'Estagnol,Porté-Puymorens,42.54742711946645,1.8248355388641357,42.54742711946645,1.8248355388641357,42.54742711946645,1.8248355388641357,https://www.remontees-mecaniques.net/bdd/reportage-tsf4-de-l-estagnol-poma-5398.html,1834.5,0.10497237569060773,19,12,181,838.6022099447518,0.0,1828.7000000000003,181,1,19,19.0
TKD des Mélèzes,Mijoux - La Faucille (Monts Jura),46.3651026363446,5.99386811256409,46.3651026363446,5.99386811256409,46.3651026363446,5.99386811256409,https://www.remontees-mecaniques.net/bdd/reportage-tkd-des-melezes-montaz-mautino-1691.html,,0.11049723756906077,20,20,181,551.8839779005536,0.0,998.6,181,1,20,20.0
TSD6 Vologne Express,La Bresse - Hohneck,48.0376563175654,6.97317481040955,48.0376563175654,6.97317481040955,48.0376563175654,6.97317481040955,https://www.remontees-mecaniques.net/bdd/reportage-tsd6-vologne-express-poma-4133.html,,0.10497237569060773,19,18,181,656.2386740331492,0.0,1051.9999999999995,181,1,19,19.0
TKD du Felzachkopf,Le Frenz,47.92506653985201,6.945346095599235,47.92506653985201,6.945346095599235,47.92506653985201,6.945346095599235,https://www.remontees-mecaniques.net/bdd/reportage-tkd-du-felzachkopf-poma-7498.html,,0.287292817679558,52,48,181,70.52541436464095,0.0,114.59999999999998,181,1,52,52.0
TKD du Wimbar,Le Grand Valtin,48.094749290702985,6.996172070503235,48.094749290702985,6.996172070503235,48.094749290702985,6.996172070503235,https://www.remontees-mecaniques.net/bdd/reportage-tkd-du-wimbar-montagner-8291.html,,0.287292817679558,52,48,181,70.36740331491721,0.0,112.19999999999996,181,1,52,52.0
ASC Funi 2000,Chamonix-Mont-Blanc - Brévent-Flégère (Vallée de Chamonix),45.93693014538358,6.853129863739014,45.93693014538358,6.853129863739014,45.93693014538358,6.853129863739014,https://www.remontees-mecaniques.net/bdd/reportage-asc-funi-2000-bartholet-6481.html,2017.0,0.06077348066298342,11,11,181,4290.926519337017,0.0,7791.7999999999965,181,1,11,11.0
TKD de l'Herney 1 & 2,Cordon (Portes du Mont Blanc - Évasion Mont Blanc),45.9132240489241,6.59078568220139,45.9132240489241,6.59078568220139,45.9132240489241,6.59078568220139,https://www.remontees-mecaniques.net/bdd/reportage-tkd-de-l-herney-1-2-poma-4348.html,1237.0,0.11049723756906077,20,19,181,838.2867403314918,0.0,1543.1000000000001,181,1,20,20.0
TKD d'Aujon,Flaine (Le Grand Massif),45.998606906414,6.68508946895599,45.998606906414,6.68508946895599,45.998606906414,6.68508946895599,https://www.remontees-mecaniques.net/bdd/reportage-tkd-d-aujon-poma-1770.html,1839.0,0.06077348066298342,11,11,181,5728.5414364640865,0.0,10381.499999999996,181,1,11,11.0
TKD de Véret,Flaine (Le Grand Massif),46.0109608428847,6.70171648263931,46.0109608428847,6.70171648263931,46.0109608428847,6.70171648263931,https://www.remontees-mecaniques.net/bdd/reportage-tkd-de-veret-poma-1657.html,2127.0,0.06077348066298342,11,11,181,5728.5414364640865,0.0,10381.499999999996,181,1,11,11.0
TKD du Terret,Le Grand-Bornand (Les Aravis),45.9411027577084,6.43607586622238,45.9411027577084,6.43607586622238,45.9411027577084,6.43607586622238,https://www.remontees-mecaniques.net/bdd/reportage-tkd-du-terret-montaz-mautino-2510.html,,0.09944751381215469,18,18,181,3713.187845303866,0.0,6741.100000000001,181,1,18,18.0
TKD des Lavoëts,Les Brasses,46.17191093252667,6.441357135772706,46.17191093252667,6.441357135772706,46.17191093252667,6.441357135772706,https://www.remontees-mecaniques.net/bdd/reportage-tkd-des-lavoets-montagner-8904.html,1380.5,0.10497237569060773,19,18,181,1367.766298342542,0.0,2458.8000000000006,181,1,19,19.0
TKD du Monument,Les Contamines-Montjoie (Les Contamines - Hauteluce - Évasion Mont Blanc),45.7897426552359,6.67074233293533,45.7897426552359,6.67074233293533,45.7897426552359,6.67074233293533,https://www.remontees-mecaniques.net/bdd/reportage-tkd-du-monument-poma-677.html,2025.0,0.06077348066298342,11,11,181,5286.2790055248615,0.0,9461.0,181,1,11,11.0
TKD Télébaby,Les Contamines-Montjoie (Les Contamines - Hauteluce - Évasion Mont Blanc),45.817232828447146,6.724381148815155,45.817232828447146,6.724381148815155,45.817232828447146,6.724381148815155,https://www.remontees-mecaniques.net/bdd/reportage-tkd-telebaby-poma-6006.html,1160.0,0.06077348066298342,11,11,181,5286.2790055248615,0.0,9461.0,181,1,11,11.0
TKD du Grand Chamois,Manigod (La Clusaz-Manigod - Les Aravis),45.8577328176673,6.41532897949219,45.8577328176673,6.41532897949219,45.8577328176673,6.41532897949219,https://www.remontees-mecaniques.net/bdd/reportage-tkd-du-grand-chamois-montagner-3515.html,,0.09944751381215469,18,18,181,3031.833701657457,0.0,5380.799999999999,181,1,18,18.0
TKD du Baron,Morzine - Super-Morzine (Morzine-Avoriaz - Les Portes du Soleil),46.1950755281731,6.73973679542542,46.1950755281731,6.73973679542542,46.1950755281731,6.73973679542542,https://www.remontees-mecaniques.net/bdd/reportage-tkd-du-baron-poma-546.html,1650.0,0.09944751381215469,18,18,181,484.34475138121536,0.0,851.8000000000003,181,1,18,18.0
TSD4 de Zore,Morzine - Super-Morzine (Morzine-Avoriaz - Les Portes du Soleil),46.19038731462981,6.718142330646515,46.19038731462981,6.718142330646515,46.19038731462981,6.718142330646515,https://www.remontees-mecaniques.net/bdd/reportage-tsd4-de-zore-poma-5395.html,1604.0,0.09944751381215469,18,18,181,484.34475138121536,0.0,851.8000000000003,181,1,18,18.0
TKD du Planey,Praz-de-Lys (Praz-de-Lys - Sommand),46.13459754459487,6.595557332038879,46.13459754459487,6.595557332038879,46.13459754459487,6.595557332038879,https://www.remontees-mecaniques.net/bdd/reportage-tkd-du-planey-weber-510.html,1360.0,0.09944751381215469,18,18,181,1543.8430939226537,0.0,2747.4,181,1,18,18.0
TSF3 de Praz l'Evêque,Praz-de-Lys (Praz-de-Lys - Sommand),46.1556895363881,6.59135699272156,46.1556895363881,6.59135699272156,46.1556895363881,6.59135699272156,https://www.remontees-mecaniques.net/bdd/reportage-tsf3-de-praz-l-eveque-poma-5178.html,,0.09944751381215469,18,18,181,1543.8430939226537,0.0,2747.4,181,1,18,18.0
TSF4 de Chariande II,Samoëns (Le Grand Massif),46.04939297552136,6.701231002807617,46.04939297552136,6.701231002807617,46.04939297552136,6.701231002807617,https://www.remontees-mecaniques.net/bdd/reportage-tsf4-de-chariande-ii-gimar-2966.html,1707.0,0.09944751381215469,18,18,181,2234.605524861879,0.0,4047.3999999999987,181,1,18,18.0
TKD de Phébus,Thollon-les-Mémises,46.378314516817326,6.731806844472885,46.378314516817326,6.731806844472885,46.378314516817326,6.731806844472885,https://www.remontees-mecaniques.net/bdd/reportage-tkd-de-phebus-montaz-mautino-8362.html,,0.10497237569060773,19,19,181,609.5690607734807,0.0,981.0,181,1,19,19.0
TKD du Cuvy,Arêches-Beaufort,45.6676178279447,6.56845360994339,45.6676178279447,6.56845360994339,45.6676178279447,6.56845360994339,https://www.remontees-mecaniques.net/bdd/reportage-tkd-du-cuvy-montaz-mautino-2951.html,1712.0,0.09944751381215469,18,11,181,3226.280662983425,0.0,5930.900000000002,181,1,18,18.0
TKE du Chalençon,Bonneval-sur-Arc (Haute Maurienne Vanoise),45.3695064256583,7.06582367420197,45.3695064256583,7.06582367420197,45.3695064256583,7.06582367420197,https://www.remontees-mecaniques.net/bdd/reportage-tke-du-chalencon-gmm-5170.html,,0.06077348066298342,11,11,181,1778.7591160221004,0.0,4542.500000000002,181,1,11,11.0
TSD6 des Chapelets,Courchevel (Les 3 Vallées),45.4001581697158,6.66674852371216,45.4001581697158,6.66674852371216,45.4001581697158,6.66674852371216,https://www.remontees-mecaniques.net/bdd/reportage-tsd6-des-chapelets-poma-172.html,2021.5,0.06077348066298342,11,11,181,7231.286740331488,0.0,13007.500000000005,181,1,11,11.0
TKD du Stade,Crest-Voland (Espace Diamant),45.793120290743005,6.511974334716797,45.793120290743005,6.511974334716797,45.793120290743005,6.511974334716797,https://www.remontees-mecaniques.net/bdd/reportage-tkd-du-stade-montaz-mautino-5898.html,,0.09944751381215469,18,18,181,1986.0414364640865,0.0,3563.1000000000013,181,1,18,18.0
TSF4 des Bâches / Nant Rouge,Crest-Voland (Espace Diamant),45.77231259889578,6.5308678150177,45.77231259889578,6.5308678150177,45.77231259889578,6.5308678150177,https://www.remontees-mecaniques.net/bdd/reportage-tsf4-des-baches-nant-rouge-poma-5651.html,,0.09944751381215469,18,18,181,1986.0414364640865,0.0,3563.1000000000013,181,1,18,18.0
TKE des Granges,La Norma (Haute Maurienne Vanoise),45.19798347546957,6.718984544277191,45.19798347546957,6.718984544277191,45.19798347546957,6.718984544277191,https://www.remontees-mecaniques.net/bdd/reportage-tke-des-granges-poma-6187.html,1876.5,0.06077348066298342,11,11,181,2079.036464088396,0.0,4343.199999999998,181,1,11,11.0
TSD6 de la Médaille d'Or,La Toussuire (Les Sybelles),45.2556761180797,6.25575363636017,45.2556761180797,6.25575363636017,45.2556761180797,6.25575363636017,https://www.remontees-mecaniques.net/bdd/reportage-tsd6-de-la-medaille-d-or-doppelmayr-59.html,1912.5,0.09944751381215469,18,11,181,4309.754696132599,0.0,7880.800000000002,181,1,18,18.0
TKD de la Vadrouille,Le Corbier (Les Sybelles),45.2319563134682,6.265500783920289,45.2319563134682,6.265500783920289,45.2319563134682,6.265500783920289,https://www.remontees-mecaniques.net/bdd/reportage-tkd-de-la-vadrouille-montaz-mautino-7593.html,1805.0,0.09944751381215469,18,18,181,2107.645856353591,0.0,3837.6000000000004,181,1,18,18.0
TSD6 de la Légette,Les Saisies (Espace Diamant),45.75209753386157,6.544502020406071,45.75209753386157,6.544502020406071,45.75209753386157,6.544502020406071,https://www.remontees-mecaniques.net/bdd/reportage-tsd6-de-la-legette-poma-8189.html,,0.06077348066298342,11,11,181,6514.234806629835,0.0,11865.099999999993,181,1,11,11.0
TSD6 Dent de Burgin,Méribel (Les 3 Vallées),45.398767,6.588696,45.398767,6.588696,45.398767,6.588696,https://www.remontees-mecaniques.net/bdd/reportage-tsd6-dent-de-burgin-poma-188.html,,0.06077348066298342,11,11,181,3550.4657458563534,0.0,6328.499999999997,181,1,11,11.0
TSF4 du Plan des Fours,Notre-Dame-de-Bellecombe (Espace Diamant),45.7874702105237,6.58647000789642,45.7874702105237,6.58647000789642,45.7874702105237,6.58647000789642,https://www.remontees-mecaniques.net/bdd/reportage-tsf4-du-plan-des-fours-gmm-2754.html,,0.09944751381215469,18,18,181,2937.2419889502758,0.0,5266.0,181,1,18,18.0
TSF4 du Bouchet,Orelle (Les 3 Vallées),45.250574172669,6.5870064496994,45.250574172669,6.5870064496994,45.250574172669,6.5870064496994,https://www.remontees-mecaniques.net/bdd/reportage-tsf4-du-bouchet-leitner-1900.html,2759.0,0.09944751381215469,18,18,181,1165.6243093922662,0.0,2248.0999999999995,181,1,18,18.0
TKD du Creux Noir,Pralognan-la-Vanoise,45.3885444500546,6.72879606485367,45.3885444500546,6.72879606485367,45.3885444500546,6.72879606485367,https://www.remontees-mecaniques.net/bdd/reportage-tkd-du-creux-noir-poma-3170.html,2135.0,0.06077348066298342,11,11,181,3082.1900552486168,0.0,5511.5999999999985,181,1,11,11.0
TKD de la Cote 2305,Saint-François-Longchamp (Le Grand Domaine),45.42126996273551,6.389263272285461,45.42126996273551,6.389263272285461,45.42126996273551,6.389263272285461,https://www.remontees-mecaniques.net/bdd/reportage-tkd-de-la-cote-2305-poma-5557.html,2148.5,0.06077348066298342,11,11,181,3326.0419889502737,0.0,5978.700000000002,181,1,11,11.0
TKE des Alpages,Saint-Jean-d'Arves (Les Sybelles),45.22416245842073,6.26188151742099,45.22416245842073,6.26188151742099,45.22416245842073,6.26188151742099,https://www.remontees-mecaniques.net/bdd/reportage-tke-des-alpages-gmm-7325.html,1826.5,0.09944751381215469,18,18,181,1052.4839779005536,0.0,1868.0000000000005,181,1,18,18.0
TCD10 des Boisses,Tignes (Espace Tignes-Val d'Isère),45.4980771713549,6.92361027002335,45.4980771713549,6.92361027002335,45.4980771713549,6.92361027002335,https://www.remontees-mecaniques.net/bdd/reportage-tcd10-des-boisses-doppelmayr-3976.html,1975.0,0.06077348066298342,11,11,181,7473.4497237569085,0.0,14787.700000000006,181,1,11,11.0
TSD6 de l'Aiguille Rouge,Tignes (Espace Tignes-Val d'Isère),45.48847842931179,6.915063140550047,45.48847842931179,6.915063140550047,45.48847842931179,6.915063140550047,https://www.remontees-mecaniques.net/bdd/reportage-tsd6-de-l-aiguille-rouge-poma-ingelo-8309.html,2318.0,0.06077348066298342,11,11,181,7473.4497237569085,0.0,14787.700000000006,181,1,11,11.0
TSD6 de la Ramasse,Val Cenis (Haute Maurienne Vanoise),45.2846552292425,6.882483959198,45.2846552292425,6.882483959198,45.2846552292425,6.882483959198,https://www.remontees-mecaniques.net/bdd/reportage-tsd6-de-la-ramasse-doppelmayr-4.html,,0.06077348066298342,11,11,181,6264.916022099444,0.0,12745.899999999996,181,1,11,11.0
TSD6 du Lac Blanc (ex Stade),Val Thorens (Les 3 Vallées),45.29411289739283,6.58255398273468,45.29411289739283,6.58255398273468,45.29411289739283,6.58255398273468,https://www.remontees-mecaniques.net/bdd/reportage-tsd6-du-lac-blanc-ex-stade-doppelmayr-6157.html,2528.5,0.06077348066298342,11,11,181,4467.408839779006,0.0,8440.499999999998,181,1,11,11.0
TKE de la  Challe,Valfréjus (Haute Maurienne Vanoise),45.16089252672131,6.663205325603485,45.16089252672131,6.663205325603485,45.16089252672131,6.663205325603485,https://www.remontees-mecaniques.net/bdd/reportage-tke-de-la-challe-doppelmayr-5896.html,2198.0,0.06077348066298342,11,11,181,1654.5425414364643,0.0,3326.899999999999,181,1,11,11.0
TSD6 de Cornafond,Valloire (Galibier Thabor),45.13838947904027,6.43972635269165,45.13838947904027,6.43972635269165,45.13838947904027,6.43972635269165,https://www.remontees-mecaniques.net/bdd/reportage-tsd6-de-cornafond-doppelmayr-5520.html,2025.5,0.06077348066298342,11,11,181,3330.625966850829,0.0,6269.500000000004,181,1,11,11.0
TKE de Gelaz,Valmorel (Le Grand Domaine),45.4565052256002,6.42051637172699,45.4565052256002,6.42051637172699,45.4565052256002,6.42051637172699,https://www.remontees-mecaniques.net/bdd/reportage-tke-de-gelaz-poma-1509.html,1727.5,0.06077348066298342,11,11,181,7019.244198895025,0.0,12780.499999999996,181,1,11,11.0
TKD du Pré Levé,Gresse-en-Vercors,44.895006674019236,5.539330244064331,44.895006674019236,5.539330244064331,44.895006674019236,5.539330244064331,https://www.remontees-mecaniques.net/bdd/reportage-tkd-du-pre-leve-poma-8978.html,,0.10497237569060773,19,11,181,666.7872928176798,0.0,1334.2999999999997,181,1,19,19.0
TSF4 de l'Herpie,L'Alpe d'Huez (Alpe d'Huez Grand Domaine Ski),45.1069694830803,6.1257603764534,45.1069694830803,6.1257603764534,45.1069694830803,6.1257603764534,https://www.remontees-mecaniques.net/bdd/reportage-tsf4-de-l-herpie-poma-590.html,2898.0,0.06077348066298342,11,11,181,5176.154143646405,0.0,9890.400000000003,181,1,11,11.0
TKD de l'Ollière,L'Alpe du Grand Serre,44.9968859872067,5.856614112854,44.9968859872067,5.856614112854,44.9968859872067,5.856614112854,https://www.remontees-mecaniques.net/bdd/reportage-tkd-de-l-olliere-montaz-mautino-2566.html,,0.09944751381215469,18,11,181,2032.4005524861866,0.0,4090.2999999999997,181,1,18,18.0
TKD des Martagons,Lans-en-Vercors,45.11488194200473,5.617961883544923,45.11488194200473,5.617961883544923,45.11488194200473,5.617961883544923,https://www.remontees-mecaniques.net/bdd/reportage-tkd-des-martagons-montaz-mautino-9033.html,,0.19889502762430938,36,21,181,591.4917127071823,0.0,1021.0,181,1,36,36.0
TKD du Chatelard II,Méaudre,45.12640415435605,5.520029067993165,45.12640415435605,5.520029067993165,45.12640415435605,5.520029067993165,https://www.remontees-mecaniques.net/bdd/reportage-tkd-du-chatelard-ii-poma-6925.html,1020.5,0.20441988950276244,37,36,181,354.89502762430965,0.0,612.6000000000003,181,1,37,37.0
TKE de l'Olmet,Oz-en-Oisans (Alpe d'Huez Grand Domaine Ski),45.127437405954,6.07012331485748,45.127437405954,6.07012331485748,45.127437405954,6.07012331485748,https://www.remontees-mecaniques.net/bdd/reportage-tke-de-l-olmet-doppelmayr-3920.html,1382.5,0.10497237569060773,19,18,181,1249.7337016574586,0.0,2268.6999999999994,181,1,19,19.0
TKD du Pré de l'Arc,Saint-Pierre-de-Chartreuse - Le Planolet,45.3435569183755,5.83313405513763,45.3435569183755,5.83313405513763,45.3435569183755,5.83313405513763,https://www.remontees-mecaniques.net/bdd/reportage-tkd-du-pre-de-l-arc-montaz-mautino-3497.html,,0.20441988950276244,37,36,181,263.4182320441991,0.0,468.9000000000001,181,1,37,37.0
TSD6 du Gilly,Abriès (Haut-Guil - Queyras),44.7911477606722,6.92969352006912,44.7911477606722,6.92969352006912,44.7911477606722,6.92969352006912,https://www.remontees-mecaniques.net/bdd/reportage-tsd6-du-gilly-poma-756.html,1782.5,0.06077348066298342,11,11,181,665.3149171270719,0.0,1602.1000000000001,181,1,11,11.0
TKD du Lauzon,Laye-en-Champsaur (Champsaur 3Gliss),44.630004586006855,6.068983376026154,44.630004586006855,6.068983376026154,44.630004586006855,6.068983376026154,https://www.remontees-mecaniques.net/bdd/reportage-tkd-du-lauzon-montaz-mautino-5634.html,1380.0,0.11049723756906077,20,19,181,334.1475138121544,0.0,676.7000000000002,181,1,20,20.0
TSF4 des Lauzières,Le Monêtier-les-Bains (Serre Chevalier Vallée),44.9590853489388,6.50784105062485,44.9590853489388,6.50784105062485,44.9590853489388,6.50784105062485,https://www.remontees-mecaniques.net/bdd/reportage-tsf4-des-lauzieres-poma-3011.html,1995.0,0.06077348066298342,11,11,181,1997.7591160220986,0.0,3990.999999999999,181,1,11,11.0
TKD de Beauregard II,Molines-en-Queyras (Beauregard - Queyras),44.71646672509712,6.858344078063966,44.71646672509712,6.858344078063966,44.71646672509712,6.858344078063966,https://www.remontees-mecaniques.net/bdd/reportage-tkd-de-beauregard-ii-montaz-mautino-7619.html,2136.5,0.06077348066298342,11,11,181,924.7966850828732,0.0,1883.1000000000004,181,1,11,11.0
TSF4 du Montquitaine,Montgenèvre (Vialattea),44.938164096293,6.7426872253418,44.938164096293,6.7426872253418,44.938164096293,6.7426872253418,https://www.remontees-mecaniques.net/bdd/reportage-tsf4-du-montquitaine-poma-4643.html,1931.5,0.06077348066298342,11,11,181,3311.890055248619,0.0,7186.3,181,1,11,11.0
TSD6 des Sibières,Vars (La Forêt Blanche),44.5692208993927,6.68148726224899,44.5692208993927,6.68148726224899,44.5692208993927,6.68148726224899,https://www.remontees-mecaniques.net/bdd/reportage-tsd6-des-sibieres-leitner-2891.html,2076.5,0.06077348066298342,11,11,181,2011.5569060773473,0.0,4120.099999999999,181,1,11,11.0
TSD4 de la Casse du Bœuf,Villeneuve (Serre Chevalier Vallée),44.942807,6.558942,44.942807,6.558942,44.942807,6.558942,https://www.remontees-mecaniques.net/bdd/reportage-tsd4-de-la-casse-du-boeuf-poma-19.html,1887.0,0.06077348066298342,11,11,181,3559.918232044199,0.0,7048.199999999999,181,1,11,11.0
TKD Belvedere,Isola 2000,44.1832849462656,7.16022133827209,44.1832849462656,7.16022133827209,44.1832849462656,7.16022133827209,https://www.remontees-mecaniques.net/bdd/reportage-tkd-belvedere-poma-3689.html,,0.06077348066298342,11,11,181,2376.4994475138114,0.0,6126.700000000001,181,1,11,11.0
TCD4 du Pelevos,Isola 2000,44.1845697965542,7.15950787067413,44.1845697965542,7.15950787067413,44.1845697965542,7.15950787067413,https://www.remontees-mecaniques.net/bdd/reportage-tcd4-du-pelevos-poma-1540.html,,0.06077348066298342,11,11,181,2376.4994475138114,0.0,6126.700000000001,181,1,11,11.0
TSD6 de la Valette,Isola 2000,44.1912897996959,7.13585615158081,44.1912897996959,7.13585615158081,44.1912897996959,7.13585615158081,https://www.remontees-mecaniques.net/bdd/reportage-tsd6-de-la-valette-leitner-3751.html,2097.0,0.06077348066298342,11,11,181,2376.4994475138114,0.0,6126.700000000001,181,1,11,11.0
TSF2 du Merlier,Isola 2000,44.1866431934994,7.13469743728638,44.1866431934994,7.13469743728638,44.1866431934994,7.13469743728638,https://www.remontees-mecaniques.net/bdd/reportage-tsf2-du-merlier-poma-3687.html,,0.06077348066298342,11,11,181,2376.4994475138114,0.0,6126.700000000001,181,1,11,11.0
TSF2 de Sistron,Isola 2000,44.17283024119451,7.129279375076295,44.17283024119451,7.129279375076295,44.17283024119451,7.129279375076295,https://www.remontees-mecaniques.net/bdd/reportage-tsf2-de-sistron-poma-3688.html,,0.06077348066298342,11,11,181,2376.4994475138114,0.0,6126.700000000001,181,1,11,11.0
TKD du Lac I,Pra Loup (La Foux-Pra Loup - Espace Lumière),44.35809372710478,6.576405521482231,44.35809372710478,6.576405521482231,44.35809372710478,6.576405521482231,https://www.remontees-mecaniques.net/bdd/reportage-tkd-du-lac-i-poma-7410.html,,0.06077348066298342,11,11,181,1434.7226519337023,0.0,3180.2000000000007,181,1,11,11.0
TSF4 de Dreccia,Valberg,44.068391359004984,6.9457197189331055,44.068391359004984,6.9457197189331055,44.068391359004984,6.9457197189331055,https://www.remontees-mecaniques.net/bdd/reportage-tsf4-de-dreccia-poma-7125.html,1828.5,0.06077348066298342,11,11,181,810.5933701657453,0.0,1789.3,181,1,11,11.0
TKD de Clairière,Ascou Pailhères,42.73020637310808,1.9530853629112244,42.73020637310808,1.9530853629112244,42.73020637310808,1.9530853629112244,https://www.remontees-mecaniques.net/bdd/reportage-tkd-de-clairiere-montaz-mautino-3031.html,1500.0,0.17679558011049723,32,21,181,328.65193370165724,0.0,632.0,181,1,32,32.0
TKD du Casse,Ax 3 Domaines,42.67355004823383,1.7948484420776367,42.67355004823383,1.7948484420776367,42.67355004823383,1.7948484420776367,https://www.remontees-mecaniques.net/bdd/reportage-tkd-du-casse-poma-6228.html,2021.0,0.06077348066298342,11,11,181,2285.327624309392,0.0,4450.100000000001,181,1,11,11.0
TSF2 de l'Ours,Ax 3 Domaines,42.67803429186755,1.7970424890518188,42.67803429186755,1.7970424890518188,42.67803429186755,1.7970424890518188,https://www.remontees-mecaniques.net/bdd/reportage-tsf2-de-l-ours-poma-3062.html,2152.0,0.06077348066298342,11,11,181,2285.327624309392,0.0,4450.100000000001,181,1,11,11.0
TSF4 de Mansèdre,Ax 3 Domaines,42.67925685272648,1.8097668886184692,42.67925685272648,1.8097668886184692,42.67925685272648,1.8097668886184692,https://www.remontees-mecaniques.net/bdd/reportage-tsf4-de-mansedre-poma-3048.html,1837.5,0.06077348066298342,11,11,181,2285.327624309392,0.0,4450.100000000001,181,1,11,11.0
TKD Bambins,Le Mourtis,42.9121480263622,0.772159695625305,42.9121480263622,0.772159695625305,42.9121480263622,0.772159695625305,https://www.remontees-mecaniques.net/bdd/reportage-tkd-bambins-montaz-mautino-2724.html,,0.19889502762430938,36,21,181,694.8994475138111,0.0,1373.4000000000003,181,1,36,36.0
TCD14 des Pèlerins,Les Angles,42.5748819858081,2.06913113594055,42.5748819858081,2.06913113594055,42.5748819858081,2.06913113594055,https://www.remontees-mecaniques.net/bdd/reportage-tcd14-des-pelerins-poma-907.html,1667.0,0.06629834254143646,12,11,181,1711.08453038674,0.0,3761.9,181,1,12,12.0
TCD10 de la Crémaillère Express,Luchon - Superbagnères,42.787936928365255,0.5909335613250734,42.787936928365255,0.5909335613250734,42.787936928365255,0.5909335613250734,https://www.remontees-mecaniques.net/bdd/reportage-tcd10-de-la-cremaillere-express-poma-8608.html,,0.06629834254143646,12,11,181,1490.0850828729276,0.0,2979.0999999999985,181,1,12,12.0
TKD d'Arbesquens,Luchon - Superbagnères,42.76886018885013,0.5661177635192872,42.76886018885013,0.5661177635192872,42.76886018885013,0.5661177635192872,https://www.remontees-mecaniques.net/bdd/reportage-tkd-d-arbesquens-poma-6651.html,,0.06629834254143646,12,11,181,1490.0850828729276,0.0,2979.0999999999985,181,1,12,12.0
TSD6 Céciré Express,Luchon - Superbagnères,42.77027391976293,0.5636179447174072,42.77027391976293,0.5636179447174072,42.77027391976293,0.5636179447174072,https://www.remontees-mecaniques.net/bdd/reportage-tsd6-cecire-express-poma-5857.html,,0.06629834254143646,12,11,181,1490.0850828729276,0.0,2979.0999999999985,181,1,12,12.0
TKD du Boum,Peyragudes,42.77666877846749,0.4598674178123474,42.77666877846749,0.4598674178123474,42.77666877846749,0.4598674178123474,https://www.remontees-mecaniques.net/bdd/reportage-tkd-du-boum-poma-1796.html,,0.06629834254143646,12,11,181,2113.4707182320444,0.0,4444.300000000001,181,1,12,12.0
TSF4 Flamme,Peyragudes,42.7848543364259,0.459325611591339,42.7848543364259,0.459325611591339,42.7848543364259,0.459325611591339,https://www.remontees-mecaniques.net/bdd/reportage-tsf4-flamme-poma-1788.html,,0.06629834254143646,12,11,181,2113.4707182320444,0.0,4444.300000000001,181,1,12,12.0
TKD Garlitz,Saint-Lary-Soulan,42.8121907425972,0.28676301240921,42.8121907425972,0.28676301240921,42.8121907425972,0.28676301240921,https://www.remontees-mecaniques.net/bdd/reportage-tkd-garlitz-poma-2789.html,,0.06629834254143646,12,11,181,4065.829281767956,0.0,8548.599999999999,181,1,12,12.0
TKD de la Darbella (Sud et Nord (†)),Les Rousses - Les Tuffes (Dôle-Tuffes - Jura sur Léman),46.4463552672303,6.0447496175766,46.4463552672303,6.0447496175766,46.4463552672303,6.0447496175766,https://www.remontees-mecaniques.net/bdd/reportage-tkd-de-la-darbella-sud-et-nord-montagner-2374.html,1138.0,0.11049723756906077,20,20,181,993.0779005524872,0.0,1793.7,181,1,20,20.0
TKD de la Citerne,Métabief,46.7556185917926,6.35192424058914,46.7556185917926,6.35192424058914,46.7556185917926,6.35192424058914,https://www.remontees-mecaniques.net/bdd/reportage-tkd-de-la-citerne-montaz-mautino-3917.html,1375.5,0.11049723756906077,20,19,181,686.7143646408847,0.0,1200.0999999999997,181,1,20,20.0
TSF4 du Petit Artimont,La Bresse - Hohneck,48.030367271097,6.98577046394348,48.030367271097,6.98577046394348,48.030367271097,6.98577046394348,https://www.remontees-mecaniques.net/bdd/reportage-tsf4-du-petit-artimont-montaz-mautino-2237.html,,0.10497237569060773,19,18,181,656.2386740331492,0.0,1051.9999999999995,181,1,19,19.0
TKD de la Gloupe,Le Grand-Ballon,47.904584030181766,7.104098796844482,47.904584030181766,7.104098796844482,47.904584030181766,7.104098796844482,https://www.remontees-mecaniques.net/bdd/reportage-tkd-de-la-gloupe-montaz-mautino-8296.html,,0.11049723756906077,20,20,181,211.57624309392284,0.0,343.8,181,1,20,20.0
TKF de la Ferme,Le Grand-Ballon,47.893948281729195,7.113911658525467,47.893948281729195,7.113911658525467,47.893948281729195,7.113911658525467,https://www.remontees-mecaniques.net/bdd/reportage-tkf-de-la-ferme-poma-8303.html,,0.11049723756906077,20,20,181,211.57624309392284,0.0,343.8,181,1,20,20.0
TKF École,Le Gaschney,48.0335241325095,7.046388387680055,48.0335241325095,7.046388387680055,48.0335241325095,7.046388387680055,https://www.remontees-mecaniques.net/bdd/reportage-tkf-ecole-poma-6772.html,975.0,0.11049723756906077,20,19,181,246.08950276243075,0.0,394.5000000000001,181,1,20,20.0
TKD des Bichettes (École),Le Lac Blanc,48.13535973217152,7.0879921317100525,48.13535973217152,7.0879921317100525,48.13535973217152,7.0879921317100525,https://www.remontees-mecaniques.net/bdd/reportage-tkd-des-bichettes-ecole-montaz-mautino-6370.html,1175.0,0.10497237569060773,19,19,181,422.2044198895027,0.0,673.2000000000004,181,1,19,19.0
TKD Grenouillère 1&2,Le Markstein,47.926041,7.034182,47.926041,7.034182,47.926041,7.034182,https://www.remontees-mecaniques.net/bdd/reportage-tkd-grenouillere-1-2-poma-2659.html,1162.0,0.11049723756906077,20,19,181,472.32596685082825,0.0,773.4000000000001,181,1,20,20.0
TPH18 du Mont Faron,Toulon,43.1373202947453,5.93454301357269,43.1373202947453,5.93454301357269,43.1373202947453,5.93454301357269,https://www.remontees-mecaniques.net/bdd/reportage-tph18-du-mont-faron-heckel-poma-281.html,110.0,1.0,181,181,181,0.0,0.0,0.0,181,1,181,181.0
3S Téléo,Toulouse,43.55427887000886,1.4282870292663576,43.55427887000886,1.4282870292663576,43.55427887000886,1.4282870292663576,https://www.remontees-mecaniques.net/bdd/reportage-3s-teleo-poma-8102.html,,1.0,181,181,181,0.02596685082872928,0.0,0.1,181,1,181,181.0
